video_id,comment_id,text,like_count,published_at
iG9CE55wbtY,UgwmFj3VNoshBQcwt8N4AaABAg,It's incredibly upsetting how old is this and how everything is still the same.,4574,2019-08-29T23:34:04Z
iG9CE55wbtY,UgwFmG39-FMhhdNVVu94AaABAg,I hate it when you do something a certain way that works efficiently and correctly but the teacher gets mad because it's not the way you're supposed to do it.,3856,2018-02-18T05:44:40Z
iG9CE55wbtY,UgiZuEbfYQD5ungCoAEC,Almost 10 years since this video was posted and unfortunately nothing has changed.,5220,2016-04-16T15:14:00Z
iG9CE55wbtY,UgxA2uLNv2eUlCvLF4J4AaABAg,Anyone here in 2025 ? Rest in peace Sir Ken Robinson.,72,2025-05-14T10:13:55Z
iG9CE55wbtY,Ugx-v8FxH29A6XtkkjV4AaABAg,"Clap clap. 12 years have gone by, we're still in the same boat.",4431,2019-06-12T08:18:58Z
iG9CE55wbtY,UgwtA0zH0G1Lmsp4l-Z4AaABAg,"Loved this quote:
""If you're not prepared to be wrong, you'll never come up with anything original""
- Sir Ken Robinson",6049,2018-12-26T22:05:58Z
iG9CE55wbtY,Ugx62XuCHONlB71RsTd4AaABAg,"It’s so sad now that he’s gone, he will be dearly missed, Rest in peace Sir Ken",3858,2020-08-22T22:29:23Z
iG9CE55wbtY,UgxSlh-uSrGipWzHx3d4AaABAg,"16 years later, still my favorite TED talk. RIP sir Ken",580,2023-04-03T03:24:49Z
iG9CE55wbtY,UgiKIPI-G1I4jHgCoAEC,"Modern education: Creating people who are smart enough to accurately repeat what they're told and follow orders, and dumb enough to think this makes them smarter than everyone else.",6322,2016-07-05T16:37:33Z
iG9CE55wbtY,UgzDVtEQmVq9aBfm7T14AaABAg,“I never let school get in the way of my education” -Mark Twain,1091,2019-02-07T19:39:48Z
iG9CE55wbtY,Ugw9MIEtoO2S7iZ4vh14AaABAg,R.I.P Ken Robinson (1950 - 2020). Thank you for your work.,780,2021-08-06T13:23:18Z
iG9CE55wbtY,UgxvtItUtpQUJ_ONoDd4AaABAg,"11:27 - 11:50 - his words were spot on. In a world of youtubers, digital creators and meme makers, you actually don't need a degree in, you need creativity.",619,2022-12-10T18:30:52Z
iG9CE55wbtY,Ugi3ogFirvUlYngCoAEC,Do schools kill creativity? Making an entire class write something they have no interest in and forcing them to have X amount of words. Yes. I would say it does. It kills the want to learn.,9630,2016-10-11T11:41:43Z
iG9CE55wbtY,UghKNvTfg4A7kHgCoAEC,"As Mark Twain said: ""I have never let my schooling interfere with my education"".",1410,2015-06-11T16:34:49Z
iG9CE55wbtY,UgxosO63OU22R6pjM0V4AaABAg,"The audience is laughing but actually what he says is very painful.
Schools kill not only creativity, but also  innocence.",1348,2019-09-16T20:24:03Z
iG9CE55wbtY,UgzQp8KfnWc7GhKm8PJ4AaABAg,18 years went by and we are still in the same situation..........,23,2025-03-24T17:00:25Z
iG9CE55wbtY,Ugi1YJeRo4w0fXgCoAEC,"Now im staring at my Homework thinking if I should do it or not,",2303,2016-07-29T02:16:12Z
iG9CE55wbtY,UggFiIzNLe-TJ3gCoAEC,I really do think school kills creativity.,1324,2016-04-07T21:56:06Z
iG9CE55wbtY,UgzwJ3EVRzq_D3y9QQ54AaABAg,Who's here after hearing of his passing? This is one of the best TedTalks I've watched. It definitely helped me shape my principles as a teacher. You will be missed.,2272,2020-08-22T21:34:54Z
iG9CE55wbtY,UgxdxdNaWBr-_9giHdB4AaABAg,Anyone in 2025 ?,825,2025-01-15T07:38:18Z
iG9CE55wbtY,UgikrUukRSx-r3gCoAEC,"came for learning, stayed for comedy. 

and learning.",1119,2016-11-08T17:44:59Z
iG9CE55wbtY,UgxtYN4uAkmePL4KuMh4AaABAg,He's the funniest comedian I've ever seen and he's not even a comedian,2004,2018-08-23T18:51:52Z
iG9CE55wbtY,UgzOqs0gDhfO50bHHfl4AaABAg,14 years later after this video I'm still sitting sitting in a room 7 hours a day not learning anything. Nothing changed what a waste.,1334,2021-01-15T14:03:56Z
iG9CE55wbtY,UgxXy-Fz-bzQUqYv5WF4AaABAg,I remember watching this years ago as a teenager. It's amazing how forward-thinking he is! Can you imagine that the issues that he mentioned happening 15 years ago are still relevant till this day.,215,2022-11-21T17:58:30Z
iG9CE55wbtY,UgypsJWusI1FxmJTDa14AaABAg,It blows my mind that this talk was on Buzzfeed's list of worst TED Talks of all time. It very well may be the best.,1538,2017-09-12T06:38:35Z
iG9CE55wbtY,UgxDIY1j_4a8sVTXDCV4AaABAg,"Watching this 13 years later. It Makes more sense. 
His son is still four.",309,2020-08-29T11:31:17Z
iG9CE55wbtY,UggljnjHHNzs-HgCoAEC,Is this guy an educator or comedian? Apparently he's both and he seems quite effective at them as well.,2732,2016-08-21T12:26:08Z
iG9CE55wbtY,Ugz8muTbDACJ5EOBclZ4AaABAg,"""If you are not prepared to be wrong, you will never come up with anything original""",66,2024-05-01T15:46:02Z
iG9CE55wbtY,UgjyXi_iCe6383gCoAEC,I wish I had seen this video when I was at school,725,2016-01-17T23:18:00Z
iG9CE55wbtY,UgxNhpBWs91TEAOuESp4AaABAg,"14 years and this is still relevant. When will schools realize that grades aren’t a fair way to test effort and just imposes the notion that failure is wrong? I could only hope some brilliant people would think of a way to design school and the whole system such that kids learn and teachers teach, where everyone does their job in an environment that fuels each kids interests and potential.",1254,2021-02-10T09:42:00Z
iG9CE55wbtY,UgjWQRcQ8RPtUngCoAEC,I forgot 75% of what I learned in high school. The other 25% that I remember is useless.,1880,2016-09-05T07:25:25Z
iG9CE55wbtY,UgySC0KmlUT7Fl46tK14AaABAg,Anybody in 2024?,1829,2024-04-24T06:44:47Z
iG9CE55wbtY,UgyPm0CIjSrNa7AoMs94AaABAg,"Education system cause many highly-brilliant people think they're not.
-Sir Ken Robinson

Best quote ever!",434,2019-01-19T15:41:32Z
iG9CE55wbtY,UgjHAmYDniNdtHgCoAEC,My kindergarten teacher crushed my dreams when she told me that I can't be a Jedi because they don't exist. Many tears were had that night.,1215,2016-07-16T16:01:16Z
iG9CE55wbtY,Ugy5yWfe5nDC51EuQuh4AaABAg,"I totally agree. As said in the video. “All children are born artists, the problem is to remain an artist as we grow up.” –Pablo Picasso. When we grow up, we become frightened for being wrong and in the school system, mistakes are the worst thing you can make. But isn't school supposed to prepare us for the future? The knowledge we gain from school matters but creativity is still necessary. Students spend 18+ years in their lives taking tests, memorizing informations and spent hours finishing homeworks. However, true learning is born out of lasting understanding, not grades and tests. The informations we memorize fades by the time, but our creativity won’t. In school, even if you’re allowed to be creative, they put a lot of restrictions in it. Students are expected to follow methods instead of creating their own. For example, in Literature. Students are often given strict guidelines for writing things like poems. School makes us create poems that have precise rules for each individual line, making poetry seem very constricted and uncreative. School drains out creativity of oneself.That’s why school must focus on empowering students’ creativity.",753,2018-01-28T08:31:03Z
iG9CE55wbtY,Ugyz89Y58oJ3Flyu4jB4AaABAg,14:57 isn't that jeff bezos laughing hard in the crowd,3,2025-11-10T06:57:56Z
iG9CE55wbtY,UgzC5yBzS2JzQ0-1ahh4AaABAg,"So sad to hear of Sir Ken Robinson’s passing yesterday (Aug 21, 2020). This talk from more than a decade ago was one of my favorites growing up, and I hoped to meet him in person someday. An inspiration to so many. RIP Sir Ken Robinson (1950-2020).",978,2020-08-23T03:17:11Z
iG9CE55wbtY,UgiAU-MURpksz3gCoAEC,"10 years later and still relevant, that's the problem",403,2017-03-01T21:26:56Z
iG9CE55wbtY,UgiDLk4SyRypxngCoAEC,This is my go to video whenever I am feeling down in school,238,2015-02-24T08:33:45Z
iG9CE55wbtY,Ugy_e2BWT0H5n5DNeTJ4AaABAg,"All these years later, and this is still my favorite TED talk of all time.",7,2025-07-16T21:27:58Z
iG9CE55wbtY,UgzhujAwJWsk3FWOO7h4AaABAg,"Short answer: YES





Long answer: Yes, it does",474,2019-03-02T04:19:27Z
iG9CE55wbtY,UgwAzxcdi8ZvpOseZr14AaABAg,A decade later and nothing has changed,262,2018-02-06T16:41:02Z
iG9CE55wbtY,Ugx6hQkootue25ybOY14AaABAg,I wished to say FINALLY!!! but then i saw the publish date,554,2018-04-13T06:51:50Z
iG9CE55wbtY,UgxslQaHzVCN2bbr5cp4AaABAg,"""Classes will dull your mind
Destroy the potential for any creativity""",18,2022-12-13T11:31:57Z
iG9CE55wbtY,UghMSwVyBzRZHHgCoAEC,"I rarely put my hand up to answer a question or ask a question in fear of getting it wrong and being yelled at. Some of my teachers get angry when we ask a ""stupid"" question or don't know easy things and this is putting me off learning.",722,2016-11-03T21:06:17Z
iG9CE55wbtY,Ugw0_nQ7HybyzSK2SYV4AaABAg,School can also kill self esteem.,2050,2017-10-20T06:36:06Z
iG9CE55wbtY,UgzVSGqdihuqhdUkYC54AaABAg,"Let’s have a moment of silence for the memory of Sir Ken Robinson, rest in peace",315,2020-08-22T17:47:32Z
iG9CE55wbtY,UgwDIa2wKlN0ZejPE414AaABAg,"I am turning 84 this year, and I am seeing how my grandkids are being destroyed by the education system. It is really upsetting, and truly sad. I am still working hard on telling anyone who has ears, to stop the madness, and allow creativity to flourish everywhere.",42,2024-09-06T06:25:48Z
iG9CE55wbtY,UgyFfrLd08z4G_xM3fR4AaABAg,"It's incredibly upsetting how old is this and how everything is still the same.
School killed my will to live",327,2020-03-16T12:06:07Z
iG9CE55wbtY,UgyXZeyJP-EL1xJuoUF4AaABAg,"Yes, it does. I love writing, I'm trying to write a book, but I never have time to do so. I have no time to do anything I love - I have to write essays, tests, worksheets about things I don't care about. Now to open MS Word brings a tsunami of anxiety down upon me when I want to work on my passion project. My mind is mush by the end of the day, and I can't do it anymore... it's disheartening.",287,2019-10-14T15:28:39Z
iG9CE55wbtY,UgiNIGlO90eY7HgCoAEC,This video was 10 years ago. Nothing's changed.,209,2016-12-20T21:15:31Z
iG9CE55wbtY,UgziAInNZZv1MgZKdup4AaABAg,I come back to this every couple of years as it is simply the perfect speech.,31,2023-03-29T13:09:12Z
iG9CE55wbtY,UgzQdxTuwwjilS35o5x4AaABAg,"I can definitely tell you that school killed my creativity. I used to come up with so many different charecters and stories and all that when I was younger, but I seperated myself from my younger self. I had more important things to do like get good grades and write 3 page essays about a debate as stupid as apples to oranges. And when he came back to me in 9th grade and asked me if I wanted to write a story, I felt nothing but disgust at the thought of having to open microsoft word again having already done so for so many hours. And now I'm in 10th grade and I regret pushing him away and letting him go, and I keep trying to trace his footsteps but he's running faster than I can track and his voice becomes more and more faint.

I try and I try so hard but I can't bring back the person I once was after so many years of being told to let him go.",551,2018-03-12T15:45:35Z
iG9CE55wbtY,UghQ87FsVqZ2cXgCoAEC,"""She's not sick... she's a dancer.""  Best line ever.",84,2016-04-02T23:14:38Z
iG9CE55wbtY,UgjJu9LllYXwzngCoAEC,"I remember vividly my mother defending my right to be left handed in 1954.  ""Common sense"" was the argument for swatting my hand if I used the ""wrong"" one.  Love ya mom.....",139,2016-11-03T20:20:32Z
iG9CE55wbtY,UgzS5XDVeG4oh7kLhgx4AaABAg,This was like watching the smartest standup ever,6,2024-02-22T17:48:09Z
iG9CE55wbtY,Ugxvd_B8cMUmgBeUzkZ4AaABAg,"I've just found out. If someone cracks a lot of jokes and is british, they're probably right",1130,2020-06-06T10:34:26Z
iG9CE55wbtY,UgiWznXMicr8eHgCoAEC,"video in 2007, 10 years later and nothing had changed.....",273,2016-11-07T16:09:57Z
iG9CE55wbtY,UgwWwlUyxpbz6jIc7PZ4AaABAg,"""The whole purpose of public education, throughout the world, is to produce university professors...The universities designed the system in their own image [and the system itself] is a protracted process of university entrance. ""

*Finally,* someone *said* what so many uni students have been *thinking* and *realizing.*",407,2021-09-15T13:11:52Z
iG9CE55wbtY,UgyoxDiAkYdR0-i64hp4AaABAg,I shall cherish this day that I'm here watching this as a perspective teacher... Shall try and bring change 🙏,20,2022-12-10T05:28:01Z
iG9CE55wbtY,UgjdVmast647dHgCoAEC,"Mistakes were punished so harshly in my family that I learned how to expertly avoid responsibility. Can't fail if you never try, right? What a wonderful lesson that was imparted onto me, thank you education system and parents!",202,2016-05-19T16:18:32Z
iG9CE55wbtY,Ugz-zQaENe2cDXPH-Lt4AaABAg,"This was the best Ted Talk I've seen so far. The humor along with his thoughts made this very enjoyable. Rest in Peace Sir Ken Robinson. Your talents, innovations, and ideas continue to inspire many. 1950-2020",630,2020-10-31T03:31:38Z
iG9CE55wbtY,UgyyfYT8FuNSwCLSEfh4AaABAg,"I was just saying that kids tend to know what they want to be when they grow up.
High school kids don't have a clue. 
That is evidence that there is something wrong with our system.",820,2019-11-10T17:56:12Z
iG9CE55wbtY,UgzMjatyZSGo6kTlmtZ4AaABAg,"Intelligence, irony, comedy and depth united in this conference. Extraordinary. Thank you👋👋👋",24,2023-07-16T16:50:06Z
iG9CE55wbtY,UgiRF_0lilOXzXgCoAEC,"I failed school, but school failed me first.",229,2015-10-23T07:42:47Z
iG9CE55wbtY,Ugyb_sBArb58Z7mqtnJ4AaABAg,"16:58 ""Jillian isn't sick, she's a dancer""  Love this quote now xD,  was the same in Elementary school, and yes I did end up going to dance school and I still love theater to this day!",144,2020-08-24T14:45:37Z
iG9CE55wbtY,UgwFrCui86958xQg-PR4AaABAg,13 years later and we study this talk in an English lesson. Oh the irony.,208,2020-02-06T21:19:40Z
iG9CE55wbtY,UgxHmXuLccqmadyK6Cx4AaABAg,Just been at the Bluecoat in Liverpool speaking with the violin maker who met Sir Ken many years ago. Everything he says is so true and hopefully we can help make a change. The man I met actually home schooled his kids up until they were ready for college,1,2025-12-20T20:12:03Z
iG9CE55wbtY,Ugj4XSIfRerJU3gCoAEC,"Reminds me of how much I HATED school and school hated me.... except for a handful of wonderful teachers who made a difference.  Thank you to  Tommy Jones (simply for conversations) R Gerallt Jones (who gave a label to what I was interested in... and gave me a book ""The Prison Letters of George Jackson""), Dr I D Williams (hands on Nuffield Physics) and Mrs Bowen (English Language and Literature).  There were some who should have been put in jail and I spit on their graves; but not these.",208,2016-01-21T18:15:04Z
iG9CE55wbtY,Ughcw1tohnJfX3gCoAEC,"*10 years later*

Still No Creativity Within Schools

We Also Have Fidget Spinners?",315,2017-07-06T16:44:56Z
iG9CE55wbtY,UggD5qrSkN_McXgCoAEC,That's why I prioritize my personal work rather than school,132,2016-10-17T06:22:55Z
iG9CE55wbtY,UgyIqO8bDkJ1yMKZ59J4AaABAg,"Almost 20 years now, sadly nothing has really changed.😢",2,2025-10-27T01:42:57Z
iG9CE55wbtY,UgxLKyJHMWyf-x5LEj14AaABAg,"Failure is a necessary stepping stone to sucess, so if you punish failure, you're limiting sucess.",87,2019-10-01T16:37:39Z
iG9CE55wbtY,UgjQ15G-1zU843gCoAEC,School forces me to learn things I don't care about which then prevent me from learning things I do care about.,295,2017-02-14T08:24:29Z
iG9CE55wbtY,Ugxuw4aCSzTHboAvXYt4AaABAg,"A great teacher would politely correct your mistakes and answer even the stupidest of questions.

A bad teacher would punish you for getting most things wrong, just like most teachers, which is quite unfortunate.",277,2017-08-22T13:15:12Z
iG9CE55wbtY,UgzUTtDY1qkf6RcjPAZ4AaABAg,Here we are in 2024 and many schools still have the same education system 😢,5,2024-03-04T14:24:51Z
iG9CE55wbtY,Ugi_xdORVqTMmXgCoAEC,After this talk they all went home and wrote papers on it.,169,2016-11-17T08:02:07Z
iG9CE55wbtY,UghO9WOpM2ZZqngCoAEC,I had never heard so many people laugh during a ted talk 😅! Amazing !,306,2016-10-30T20:56:14Z
iG9CE55wbtY,UggO98FpRQZEv3gCoAEC,"school is prison, i want to be a free learner",268,2016-05-27T14:17:12Z
iG9CE55wbtY,Ugw88R-ol8TacyRa40p4AaABAg,I'm amazed to see that 18 years have passed by and nothing literally nothing has changed,2,2025-11-20T05:47:37Z
iG9CE55wbtY,UgxvVSITr60pulOmqBh4AaABAg,"video quality: 240p
speech quality: 4K",58,2019-03-06T22:50:36Z
iG9CE55wbtY,Ugxo0YHkQUeNyfdVMfd4AaABAg,brilliant talk and 12 years ago. what changed?,337,2019-04-24T09:57:54Z
iG9CE55wbtY,Ugilynr-LRZngHgCoAEC,One of my favorite TED talks ever.,95,2016-04-03T20:21:00Z
iG9CE55wbtY,UgxADfT5mnMIiQ78am14AaABAg,He was a symbol of wisdom for me. :( Rest in Peace! 💚,8,2023-01-02T17:38:26Z
iG9CE55wbtY,UgjZ05JbfWgmGHgCoAEC,I wasn't ready to watch a 20 minute video but this guy is such a great speaker! Loved his wit and those jokes in between.,120,2016-04-09T20:14:40Z
iG9CE55wbtY,UgytmT0B9VtqSs0t18t4AaABAg,"I'm 16, I've been telling stories for as long as I can remember, and I started putting them to paper three years ago. I've always been a ""gifted"" child--I excelled in math and science, and everyone told me how important and special I was because of my academic achievements, so I thought that my passion for writing was unimportant. I hid it. Even my parents and many of my closest friends had no idea I would pour hours and hours into my stories weekly, or even daily. This year, though, I took a high school writing class, which accompanied my English class. My teacher not only writes but is also very well-respected in the theater community, and has written several original pieces. It was only recently that I had the opportunity to write something creative for his class--a script for an original scene--and by the time I got around to it, I was exhausted from all of my academic work. I wrote the script in under two hours. It was far from my best work, but I simply didn't have the extra time to put into it. After I turned it in, my writing teacher approached me and told me it was outstanding, that he wished he'd had the opportunity to read my creative writing earlier, and that he wanted me to polish it and enter it in a short play contest next year. I'd hidden my love of writing for three years, and almost nobody had ever read, let alone praised, my work, so I was blown away--and I still am. I never dreamed that my ""hobby"" could be worth acknowledging, but now I was finally being told it was--not by the school system, but by a man who worked in a creative field. In the past few weeks I've opened up more and let more and more people read my work, again, outside of the school curriculum, and I've been told time and time again that I have a promising future in creative writing, if I choose to take it. I've been offered advice, I've been called a prodigy, people have offered to mentor me--it's astounding. And nothing I've shown people has been my best work! But I still have a hard time wrapping my mind around the idea that my creative achievements are more important than my academic ones...because only academic achievement is praised by the school system. I still have to sacrifice most of my time to math and science, because in the eyes of the school system, my writing is not worth a grade. In the eyes of the school system, my passion, my devotion to a creative outlet, means nothing.
I'm not the only person I know in this situation--my experience might be somewhat of an extreme case, but I know gifted artists and musicians who are also seeing their talent and creativity squandered by the school system. I've seen it at every school I've ever been to, with dozens and dozens of passionate people. I've witnessed the exact moment when people gave up on their dreams because they were told math and science were more important than what they loved. The school system kills creativity.",39,2018-05-15T19:59:08Z
iG9CE55wbtY,UgjAwFE6ZVb_5XgCoAEC,I think if the internet is used correctly you can stay creative and learn what you want to learn.,103,2016-09-19T19:26:30Z
iG9CE55wbtY,UgxqTQJTy85F4-AOUwV4AaABAg,"what an incredible mind, and communicator! May he rest in peace.",1,2025-09-11T12:34:20Z
iG9CE55wbtY,Ugy1wy6FjkxMxSvlK_d4AaABAg,"My whole dissertation stemmed from this ted talk, I am an actor and have just started temporarily working in Education in between jobs, heartbroken to find the education still in the exact same state as he talks about, academic subjects with such a hierarchy and creativity still being shrinked if not killed. I hope I live to see this change",66,2022-09-21T05:58:27Z
iG9CE55wbtY,UgxYSLgMwGsuIqq5ETd4AaABAg,"I wished schools had mandatory life skills classes where you learn how to do your taxes, register to vote, maintain a bank account and other very very important things like these.",368,2019-08-31T02:57:18Z
iG9CE55wbtY,Ugh7Bhff1QdbM3gCoAEC,"1. I agree that schools have become a kid storage facility for children while the adults are at work, teaching them one-size-fits-all random things just for the sake of teaching, and have them remember the information long enough to pass a test. Most Parents of course think this is good, but is it effective?

2. School also serve a more valuable purpose; socializing. This can go both ways if stopping bullying is not a primary initiative, but school is a place where kids learn how to socialize and interact with other kids, which is probably the most important knowledge they'll take away from attending school in the first place.

3. Other than maths, a bit of history and languages, I find that most of what I was taught over the decades I have attend school has been forgotten, because 95% of it has been either uninteresting or inapplicable to daily life. All the skills I utilize in my career have been taught through on-the-job experience. Do we really need 2 decades of school to apply for a job?

4. Why do schools not prepare children for life? Why are there literally no to minimal focus on entrepreneurship/doing your taxes/home economics/cooking/agriculture/world politics/problems?",332,2015-07-08T02:51:15Z
iG9CE55wbtY,Ugzci7daEKS8QEYSUrJ4AaABAg,"I'm from those kids who had started there education journey in 2006 
I'm not willing to retired in 2065!, instead I'll retire before middle 30's.
I quit from studying Dentistry because it wasn't my passion and I'm that crazy dude in the entire family who believes in what he capable of, and I'll Push myself in sake for helping others and stand against greedyness❤",17,2024-02-28T14:20:43Z
iG9CE55wbtY,UgyYduxaj6bPMaC9qy14AaABAg,"13 years later
schools:lockdown
corona: ha goooteeem",95,2020-05-21T15:53:41Z
iG9CE55wbtY,Ugi7id9AHsDRongCoAEC,"I feel that we are pushed to ""learn"" a lot of factual information but instead, we commit it to memory and most of what we are taught. I also think it is very  interesting thinking that the public education system has arts on the bottom, valuing mostly core subjects and fostering a feeling of non-intelligence in some students because they do not do exceptionally well in those core subjects. This view of intelligence focuses on the knowledge and expertise in factual information, leaving those who do not have a knack in maths, science, etc. feeling incapable or even not creative.",246,2016-04-29T14:23:41Z
iG9CE55wbtY,UgwSIa_swthCPehOjIp4AaABAg,"I'm an English teacher who is still at the bottom of the totem pole but when I get onto campus, my students gather around me while each one of them is trying to chat with me. I don't go to the office for a while. I just stay there between them while the other experienced teacher usually sneer at my from behind the window. I'm not sure whether this is completely correct, but I've never been too strict with my students. When I'm with them I don't worry to wear my heart on my sleeve. We love and understand each other. Sometimes we don't do homework. Sometimes we watch movies instead of doing grammar exercises. I believe they learn much better this way and I've seen it they do. I just hope in the long run, I'll be remembered as the English teacher who made them smile at class.",539,2019-01-02T16:25:59Z
iG9CE55wbtY,Ugw3031N-qBkfvMoECx4AaABAg,The best TED talk ever.,27,2023-01-02T17:40:45Z
iG9CE55wbtY,UgzVLsVGoTEOpgpcu5B4AaABAg,We'll miss you Ken. RIP. How it breaks my heart that all this humour is gone into the darkness of death 😭😭,78,2020-08-23T06:45:55Z
iG9CE55wbtY,Ugxmz8thJbFPDE6pm0p4AaABAg,"crazy to see ""12 years ago"" on a vid posted on youtube",133,2019-03-14T03:57:28Z
iG9CE55wbtY,Ugg1J9205oGf1XgCoAEC,School is the worst thing in the world,176,2015-06-10T00:23:15Z
iG9CE55wbtY,UgyuWVV9VrmjmuIuktB4AaABAg,17 years later and nothing has changed,2,2024-07-08T19:31:45Z
iG9CE55wbtY,Ugz8MERq3ldh8xCRcFx4AaABAg,"December 2017.  Almost 11 years since this talk, and it's true.",74,2017-12-19T00:22:21Z
iG9CE55wbtY,UgxR_Mponsk751P3aqZ4AaABAg,Back when the quality of TedTalks wasn't in question.,94,2019-05-17T02:20:31Z
iG9CE55wbtY,Ughf1i3qeED2J3gCoAEC,who is still watching in 2015?,64,2015-11-23T03:56:46Z
iG9CE55wbtY,UgytsgtPxQLt-9mDV7d4AaABAg,"This is so true, I feel like i should have done some kind of art but never felt supported in this. Now do a job I feel very unsatisfied in.",1,2025-12-21T12:17:39Z
iG9CE55wbtY,UgjpNtIYHmKOEHgCoAEC,"When I was a kid, I wanted to be a firefighter, when I was in high school, I wanted to skate and play video games with cinema love. Now I'm a filmmaker and is going to school, not a fan of it because it doesn't let me express who I am as a being and contains me from my free thinking and creativity. I hope it changes especially with teachers because most are bad, some okay, and rarely good ones that can teach.",22,2016-04-14T19:32:56Z
iG9CE55wbtY,UgxuOd3xiW-usSiYjzp4AaABAg,R.I.P Sir Ken Robinson. What an incredible human being he was.,44,2020-08-23T17:03:05Z
iG9CE55wbtY,UgwdOTnYiFkJTFdqRh54AaABAg,"""Academic inflation"" is a good way to describe it. One of the main problems is that individual students don't get the required help they actually need, and many children that have one or more talents never discover what their talents really are.

I also strongly agree that intelligence is interactive. That's how you learn. Later, when you have accumulated enough knowledge and experience, you can use this in combination with your intelligence, but before that you need to learn through an active feedback system.",46,2022-06-07T14:58:37Z
iG9CE55wbtY,UgzdSN5vex94wP_hZBt4AaABAg,that Shakespeare bit is a stroke of genius,1,2025-10-02T10:56:17Z
iG9CE55wbtY,Ugg9k2kAx0gC5XgCoAEC,l love how he incorporated humor to make his point on education as a serious topic on its on.,28,2016-12-05T09:47:16Z
iG9CE55wbtY,Ugwmm3K3OYSs8g3VNON4AaABAg,So sad to hear of his passing. May his talks live on to inspire new generations of teachers. He has left an indelible mark on me.,73,2020-08-23T11:14:43Z
iG9CE55wbtY,UgxkJc1DxKct53k97tJ4AaABAg,Today we have the Covid-19 crisis and we're in dire need of creative solutions that can solve the problems caused by this crisis.,43,2020-04-10T20:27:57Z
iG9CE55wbtY,UgxvczIxfpUL3S8wmMp4AaABAg,"Nah nah nah. 14:57 laughing in the crowd, is that Jeff Bezos??",4,2023-05-16T01:39:22Z
iG9CE55wbtY,Ugy4dOvacBU0JtchksR4AaABAg,"At first I felt despairing for my kids who have adhd, are medicated and are schooled in a mainstream school that they get bored by... 
But I also see that I can support their creativity outside of school by listening to and observing them, taking note of their interests and offering them space and opportunities to explore them.",114,2021-02-12T18:56:40Z
iG9CE55wbtY,UggVxVdL_PkjAXgCoAEC,"Short answer: yes.
Long answer: yyeeeeeeeeeesss.",67,2016-09-28T00:28:00Z
iG9CE55wbtY,Ugy8Ts0-HlUfpPTW2c54AaABAg,This was uploaded 12 years ago and we still haven't made any progress.,42,2019-04-10T11:42:37Z
iG9CE55wbtY,UgwoXPr8lRw5eZFyF2Z4AaABAg,"I wish I’d seen this when it came out, while I was in high school. It wouldn’t have changed my course but I could’ve charted it with more confidence",1,2025-10-26T05:00:11Z
iG9CE55wbtY,UgxZ7KyJzR7dYQrgSF14AaABAg,"This was really powerful, and very true. Schooling was created to prepare kids for industrial jobs. This began in the industrial revolution, when many more workers were needed. Creativity and skills were not required. They just needed someone who could drill a hole, set a pipe, calculate the angle, construct the train's engine, etc. Our grades are even modeled after grades of work or meat.
School needs to update. It is in the process of changing and updating, but we should spend more focus on skills, and less on numbers and facts. Yes, we all need to learn these facts, but we also need to hone our intellectual skills. This is what UIL tries to do with their competitions. They try to take the skills that students already have, (writing in my case), and help the students succeed in that field, or with that skill, by putting them against others with similar skills.",85,2018-02-15T19:10:58Z
iG9CE55wbtY,UgyaEia8bfUW5nGbumx4AaABAg,"School kills everything. Creativity, The Soul, Self Esteem, Individuality, Innocence, Critical Thought, etc.",2047,2019-08-05T15:23:58Z
iG9CE55wbtY,UggAxyR42GOCP3gCoAEC,brilliant talk,100,2014-02-28T05:40:53Z
iG9CE55wbtY,Ugy8-2l59_mq1kut8XR4AaABAg,This ted talk was mentioned by one of my teachers at college and this video and I share the same age (I was born in 2006). It's crazily worrying how the education system all over the world has barely changed for decades,6,2025-01-07T16:51:10Z
iG9CE55wbtY,Ugya6XBfjIR84Y0vrid4AaABAg,RIP Ken Robinson. This speech gave me the courage to do what is right and home educate my children. Thank you for inspiring so many parents to be brave!,328,2020-08-23T09:57:17Z
iG9CE55wbtY,UghATZcwWdellHgCoAEC,"This video.. made me make a very fateful decision. This man's speech will either save my life or ruin it, see ya in 2 years, bye.",584,2016-05-23T23:03:46Z
iG9CE55wbtY,UghztUclwsxFgXgCoAEC,"this video makes me laugh, i always come back to it when i'm sad",128,2016-06-11T17:56:43Z
iG9CE55wbtY,Ugye70PvJ2emPkuV-W14AaABAg,17 years old video and we are in the same boat.,2,2024-11-14T04:59:53Z
iG9CE55wbtY,UgwiIvj8rF6pC8LHUnd4AaABAg,":Nobody knows how the God looks like 
: They'd in a minute.
Savage......",226,2019-06-21T03:28:57Z
iG9CE55wbtY,UgzccqWXP9v0a4iDs0V4AaABAg,"I find it weird, how schools don't understand this. If you want children to sprout their imagination, then give them at least a session a week to be creative.",134,2018-08-31T09:30:32Z
iG9CE55wbtY,Ugg9dQJkgm2Zl3gCoAEC,i have a teacher who made us watch this. she is the most amazing art teacher ever. she change my life and thinking in so many ways and my creativity flourished. this is an amazing talk,23,2015-10-05T17:20:08Z
iG9CE55wbtY,UgzBM5L35UGywabo8x54AaABAg,"its the fact that this was posted 16 years ago, yet the system barely changed.",3,2023-01-29T14:29:03Z
iG9CE55wbtY,UghjBNX6uCTktngCoAEC,"""Anyone who has never made a mistake has never tried anything new."" Quote by Albert Einstein.",13,2014-04-05T14:54:37Z
iG9CE55wbtY,UghOJa9E4XvfWHgCoAEC,"How I found my talent? I was rebellious and I was told I couldn't do art that I was no good at it so I spent all day drawing instead and now I've been accepted into Pratt and am going to Disney during spring break for a workshop with the animators, and had I not been bold and decided to listen to the teachers and gone to play a sport, I wouldn't be as happy as I am now.",81,2017-02-14T02:44:07Z
iG9CE55wbtY,UgyzWKMpu0FAWwgHN_Z4AaABAg,"A brilliantly intelligent, humorous, inspiring and very interesting talk. Sir Ken is so clever.",70,2019-12-28T21:42:00Z
iG9CE55wbtY,UgwOL9W06OKTdoy5x-N4AaABAg,I have listened this at least 100 times. Every time I find something new.. Hats off,4,2024-05-28T08:14:21Z
iG9CE55wbtY,Ugi92cVp086IM3gCoAEC,Wow Batman's butler is really funny and has some great ideas.,239,2016-08-19T02:26:25Z
iG9CE55wbtY,UgwpvxPB3tmOV3o-XNF4AaABAg,"Almost 13 years since this was uploaded, guys. Still, nothing has changed. *Sigh*",77,2019-12-04T03:21:43Z
iG9CE55wbtY,UgyPIZhZCNyQFtPD7314AaABAg,"Coming back to this vid in 2019... 
Still... nothing has changed unfortunately...

T^T

Just...Pleasee",140,2019-02-11T16:24:03Z
iG9CE55wbtY,Ugzfk80TfmOzaXt4sTB4AaABAg,"People are saying 10 years ago, 12 years ago, it's been 18 years by now. Still nothings changed...",1,2025-11-14T15:52:03Z
iG9CE55wbtY,UgxXatvHABqShYumnOB4AaABAg,"We've lost an education giant today...or actually, just an incredible man with a giant heart",68,2020-08-22T18:22:46Z
iG9CE55wbtY,UgjbKwfmHrdcuHgCoAEC,"""A certain percentage of children have the habit of thinking; one of the aims of education is to cure them of this habit"" - Bertrand Russel",17,2014-04-05T16:50:57Z
iG9CE55wbtY,UgzLWR22MN2diIa0ikh4AaABAg,Exactly ten years after and nothing has changed,28,2017-08-25T18:09:51Z
iG9CE55wbtY,Ugy7H3yhfu9r7P7qb4B4AaABAg,"Rest in Peace, my dear friend... 🙏",2,2023-02-17T17:29:35Z
iG9CE55wbtY,Ugg8sNFnL3jdM3gCoAEC,"Being creative and talented is not much appreciated in the world. But what society hasn’t realized is that most amazing inventions would not be created if it weren’t for the creativity of the inventors. I completely agree with Sir Robinson’s idea and perspective, the school system is designed to decrease the value of fine arts classes when it should be as important mathematics. I believe that the world revolves around technology and the advancement of humankind, most jobs help society function and benefit it. Which is why the demand for a job is high.",75,2016-04-28T21:38:28Z
iG9CE55wbtY,UgjXxv1N_N5If3gCoAEC,Being a senior in highschool in 2016 I have to say that things have changed a little. I feel like social media really helped w that and will continue to help students stay creative.,147,2016-06-17T07:30:01Z
iG9CE55wbtY,UgxCjU2mrVLN4znzUM14AaABAg,"A monumental thinker, one of a kind; in the same league as Hemingway and Plato. The questions he tackles are most fundamental and thoughtprovoking. First of all he is such a humanly human, one of the best examples of our race. And the sense of humor wraps his words in magnificent warm blanket. Thank you Ken, rest in peace!

I know, you are not taking your situation too seriously if you can see it now :)",149,2020-08-23T17:21:38Z
iG9CE55wbtY,UgxnB_0NqNqf-Z8XpGN4AaABAg,I come back to this talk every now and then to remind me how to present. Its just incredible.,1,2023-08-23T10:25:04Z
iG9CE55wbtY,UgxAe2IZm3GR87NxElV4AaABAg,"I wasn't even 2 years old when this talk was given. This man's words are still true 12 years later, and they affect almost everyone still to this day. I'm glad I got to see this.",19,2019-01-28T12:29:12Z
iG9CE55wbtY,UghgsAy2V1MImHgCoAEC,The guys got great sense of humour and he's quite intelligent as well,26,2016-11-07T23:16:14Z
iG9CE55wbtY,UgiFOrlhpG4f13gCoAEC,"I am watching this video 9 years later,... things are still the same.",18,2016-10-10T12:39:03Z
iG9CE55wbtY,UgyUqpzs06L66WDRm694AaABAg,I love how he cracks the audience up each time he delivers his speech!! 😂 very powerful speaker. ✨,7,2022-10-17T21:53:41Z
iG9CE55wbtY,Ugj3dB42XrTO3ngCoAEC,"My sentiments exactly which is why i've chosen to homeschool my children and expose them to everything they wouldn't otherwise be exposed to in school.  Most importantly, a healthy diet, art, dance, astronomy, exercise, gardening, and travel....its not as difficult as people think.",46,2015-08-01T01:12:31Z
iG9CE55wbtY,UgjmliBzcnujoXgCoAEC,"My creativity died long ago, still finishing thesis for master degree. Now I'm afraid to get wrong, I punish myself when doing it wrong.

I hate myself because why now I realized that all the time I insulted my creativity.
I hope when I'm graduate, I can get my creativity back.",109,2016-06-06T12:23:31Z
iG9CE55wbtY,Ugh8sHzsEDdcE3gCoAEC,"Is it weird that I feel like tearing up at some parts of his talk :""o",13,2016-03-25T11:44:32Z
iG9CE55wbtY,UgykbIrtvkMi7_aRqoF4AaABAg,"Absolutely phenomenal - his message, and his delivery!",7,2023-04-10T15:51:23Z
iG9CE55wbtY,Ugx8yGSvw6ZWiHcbLoF4AaABAg,"schools are built on conformity
conformity is the opposite of creativity",115,2019-08-01T07:15:49Z
iG9CE55wbtY,UgzDNvleWySrUOWlm2t4AaABAg,I’m only 16 and my school kills creativity so no wonder little kids don’t like school at all because it’s boring and very exhausting,17,2021-01-11T03:41:59Z
iG9CE55wbtY,UgyR4YnaSMl9Vdb7mfd4AaABAg,"RIP Sir Ken Robinson. A voice of reason, light and sanity that we (and the children of the world) could ill afford to lose.",45,2020-08-23T03:46:07Z
iG9CE55wbtY,UgwbvqcqwQHlaxylked4AaABAg,"This hit me more than I thought it would
I was an undiagnosed adhd child, filled with creativity all the time. I wrote fictions and poems very early, I had such a vivid imagination, capable of living so many thrilling adventures in my head.
Once I was 10, I started to write a sci-fi work. It wasn't good, of course, and some concepts were not believable. But I think that's OK at 10, I didn't plan on getting published or anything. One of my parents read my text, pointed every detail, reworking my ideas under their scope, even suggested a change of name. I was disowned and belittled, and this kind of pattern kept on happening throughout the years. The thing is, my school teachers were on their end pleased with my creativity and my passion for imagining stories 

I could felt my imagination and my creativity fading away.

Now as an adult I'm devoid of it and it hurts. I used to write pretty badass poems too. Feeling drained out of something as magical as imagination and creativity feels dreading s",1,2025-08-22T11:10:54Z
iG9CE55wbtY,UghWfCFdOpz3A3gCoAEC,I keep coming back to this video again and again.,14,2017-06-17T19:56:27Z
iG9CE55wbtY,Ugxxpx-brPz5zJnkV3x4AaABAg,"""Imagination is a weapon. Those who lack it are first to die.""",18,2021-03-10T19:06:13Z
iG9CE55wbtY,Ugw-6eHqm7VOFcZwfOJ4AaABAg,School killed my will to live,272,2019-06-26T20:37:58Z
iG9CE55wbtY,UgyvCb1CLtSv0GUE_zx4AaABAg,Rest in peace 👑,6,2024-06-09T20:14:49Z
iG9CE55wbtY,Ugxaoy23WtCz3QBsZtt4AaABAg,This was posted 12 years ago. Dear Edhcation System: WAKE UP,79,2019-10-01T16:45:13Z
iG9CE55wbtY,UgylMFKnkNncU0iSKB54AaABAg,"It kills a child’s imagination, happiness, and will to live or is that just 70% of the kids at my junior high?",79,2019-09-27T04:29:11Z
iG9CE55wbtY,UgjMP6cPmqQpQngCoAEC,Back when Ted talks where actually good (this is by far my favourite),54,2016-11-24T12:49:23Z
iG9CE55wbtY,UgwFoyVEzVCLgU-MN-h4AaABAg,17 years later and this talk rings true more than ever,1,2024-10-28T18:11:24Z
iG9CE55wbtY,UgzLMNg-5vAZu6YBo294AaABAg,"School does nothing but bring depression, it gives knowledge but makes you feel dead. I have forgotten most of what I've learned so far and I still haven't finished school yet and I've been held back. I'm teaching myself how to code and build on a kid-friendly platform currently called ROBLOX, and can get paid for making games on it via ""Developer Exchange"". I nearly had a successful game as well, ended up getting around 65 thousand visits on the game, alongside having up to 40 people playing it at once, 20-30 on multiple special occasions. ROBLOX is just some kiddy game, but for me its a good starting point. If school isn't teaching me something that I should have remembered, then its obvious that its not important enough.

As time goes by, hopefully I can teach myself some skills via Blender modeling, Unreal engine, or even Unity engine. School needs to embrace a skill or dream a child and/or teen wishes to go for, not block it out and force feed them homework and take up all available time before its too late. (I'm currently in High-School)",106,2017-11-15T10:21:36Z
iG9CE55wbtY,UggQiEtUwLZxzngCoAEC,Who is watching it in 2016? ) Still great...,14,2016-01-15T11:20:28Z
iG9CE55wbtY,UggtK5zRUBtonngCoAEC,"I hope that people don't misunderstand this video. It's not that school isn't important. It obviously is. However, creativity is not something you learn through typical education. Art is more about experience than it is about knowledge. That being said, knowledge is still very important.",5028,2015-08-03T06:07:10Z
iG9CE55wbtY,UgzE4N-99zM8RZtsEpV4AaABAg,Standing ovations from my living room as well  ❤❤❤,1,2025-09-22T16:12:50Z
iG9CE55wbtY,UggpgVsR5z7KpngCoAEC,"This talk is brilliant. I've found someone who feels exactly as I do about the importance of creative thinking on our planet's future.  Some of my favorite quotes: ""If you're not prepared to be wrong, you'll never come up with anything original."" 
""We are educating out of their creative capacities.""
""Our education system has mined our mines in the way we have strip mined the earth for a particular commodity. For the future, it won't serve us.""",70,2015-01-01T01:43:49Z
iG9CE55wbtY,UgzSDGEvRpbzV57QygV4AaABAg,"Rest in Peace, Sir Ken Robinson, we've lost one of our very best.",18,2020-08-23T04:40:18Z
iG9CE55wbtY,UgiFgskNLOk51HgCoAEC,I was actually shown this in class one day and had to write a paper on how screwed up the education system was. Not joking.,19,2016-03-07T08:53:53Z
iG9CE55wbtY,UgxgVfXeMqWMKFZo6U54AaABAg,One of the finest TED talks I ever came across. This is the first time I was able to complete the TED talks video. Mr. Robinson was an incredible person with an open mindset. We have very few people like him who acknowledges the fact that we need modifications in all our systems.,5,2024-07-23T17:57:44Z
iG9CE55wbtY,Ugj9pZ3_Fr0G5HgCoAEC,"The most disappointing thing about this is that this video is more than 9 years old... It has a powerful message, which is agreed and shared by tons of people... and still nothing changed... :/",22,2016-02-20T12:39:03Z
iG9CE55wbtY,Ugjf9ImTTJ0iY3gCoAEC,I have to watch this twice... to fully understand this... and he is right... on education,45,2016-11-10T07:28:50Z
iG9CE55wbtY,Ugi8ZaDwO50TV3gCoAEC,"When a kid daydreams they shouldn’t be shouted at. When the child has come back from his/her daydream, ask that child about it and tell them to write it down. That child is clearly harbouring creative thoughts that are systematically discouraged by the school system. Basic economic theory would dictate that we push the long-run growth of our society outwards when we advance in technology, broad knowledge and efficiency – all factors that creativity heavily influences.",18,2016-04-04T22:51:43Z
iG9CE55wbtY,UgwdC5qgXmDOkNhzYqp4AaABAg,"I love how he presents and speaks. Very genuine! Most of all, I love his great sense of humor.",0,2026-01-19T01:44:49Z
iG9CE55wbtY,UgyyOFQsF1VYDaxPa714AaABAg,"3:14 ""Creativity now is as important in education as literacy. And we should treat it with the same status.""",19,2021-02-03T09:33:21Z
iG9CE55wbtY,UgxLjo9WISvVpaFbUU94AaABAg,Those kid that started skool 12 years ago is me... and yes skool killed my creativity and almost my self esteem. I'm in College i'm just searching about education.,15,2020-11-10T16:52:27Z
iG9CE55wbtY,Ugzt3TBVyFQG1TExf-t4AaABAg,This is the best video I’ve seen for years and I’ll tell you why. There are millions of people who relate to this because we’ve all thought it. It takes a man who has reached the top of the education ladder to say it for it to be heard.,29,2020-05-23T22:26:44Z
iG9CE55wbtY,UgxTNS8xcocvArPcatl4AaABAg,He passed away in 2020. Great thinker.,1,2023-06-06T18:16:35Z
iG9CE55wbtY,UgxrBe1uE7djRvmIleV4AaABAg,"14:57 Jeff Bezos (on the right side, third row, laughing hard)",84,2018-12-08T01:34:48Z
iG9CE55wbtY,UgiFwlVHkKCAdngCoAEC,I both laughed and cried when I listened to this.,22,2014-12-20T22:05:51Z
iG9CE55wbtY,Ugi-Kf2QMr_E3HgCoAEC,"I used to feel so closed in at my old school. tight corridors, to many people, always random homework that i will never use. 
Then i went to the International school of brussels. They somehow made me want to do my homework, they made things interesting, they had a social media class to teach us how to use our twitter accounts. The built there school with a ton of windows everywhere. It made me feel free. I still feel free, Im in 9th grade and im making the videos for there youtube channel. Reply with your thoughts on a school like this",100,2014-10-22T06:50:43Z
iG9CE55wbtY,UgwIM0p7-ByqaurfF5J4AaABAg,I'm an educator and on the way to reach higher levels. Everything start from THIS video.,6,2023-07-30T14:01:16Z
iG9CE55wbtY,UgyF1ZupORP60aTLb1d4AaABAg,"RIP Sir Ken Robinson PhD. 1950-2020 🙏
.
This is one the most profound lectures about education that I have ever heard. Informative, Funny and Moving. 
.
You truly had one of the most brilliant approaches when it came to the education of younger generations and the challenges that we are facing as humanity 📘❤🌐🙏",48,2020-08-23T15:10:12Z
iG9CE55wbtY,Ugyxg0V4BtfQd5v8vUR4AaABAg,RIP Ken Robinson. Your words and work will never be forgotten.,16,2020-08-23T00:44:58Z
iG9CE55wbtY,UgzePiT4pcjc4vmRjB54AaABAg,An absolute legend. Its sad that we lost this precious gem of humanity.,26,2020-12-16T15:58:12Z
iG9CE55wbtY,Ugwe0l74qXfXW0xqesh4AaABAg,Anyone after think school shorts😂😅,2,2025-06-12T08:44:09Z
iG9CE55wbtY,UgjhS15dqxwkY3gCoAEC,Very insightful,254,2014-11-01T09:32:35Z
iG9CE55wbtY,Ugyb69fE6PzV2aSouGB4AaABAg,2018 - not a lot has changed,22,2018-05-07T15:26:57Z
iG9CE55wbtY,Ugy4rq9TBRydqMwVtGx4AaABAg,RIP to a brilliant man.,18,2020-08-23T03:30:39Z
iG9CE55wbtY,Ugws35Rp48SAyE63r614AaABAg,I think everyone will remember this ted talk sometime in the future,1,2023-02-03T00:54:47Z
iG9CE55wbtY,Ugzh4J8s7QhYvx6RKdl4AaABAg,"This is the best Ted Talk out there. Period . Equally engaging, enlightening and hilarious; delivered in a way that people are not bored nor swaying away from the topic at hand ! All Hail Sir Ken Robinson 🙌",35,2022-03-30T08:47:09Z
iG9CE55wbtY,UgwR_tDQmorfhZ6XEmN4AaABAg,"RIP Sir Ken. You’ve touched the world, with your legacy living on in the lives of the teachers who are fighting to give creativity the status it deserves in schools. 

God bless you and thank you for everything Sir ❤️🌈",78,2020-08-22T19:55:01Z
iG9CE55wbtY,UgzFiurXsu95fjv0_Qd4AaABAg,Rest in peace Sir Ken. Thank you for your humour and wisdom.,16,2020-08-23T13:22:45Z
iG9CE55wbtY,UgzMMwYm19IBtnM9tCl4AaABAg,I found Jeff Bezos in the audience!!! watch at 14:57!,4,2022-12-07T06:21:35Z
iG9CE55wbtY,Ugz7k2az3VKeeVqSpVB4AaABAg,"If you are interested in this topic, I recommend looking into Finnish education system. Their approach is quite revolutionary. It's aimed at developing creativity, dialogue, real world problem solving, focusing on individual strengths and interests and costs less per pupil than American school system.",45,2020-08-27T08:02:18Z
iG9CE55wbtY,UgiNIioYXb0BhXgCoAEC,"I'm so glad someone is actually talking about this: the fact that art is 'less' than maths in education made me think I was a fool for 8 years. I now have an MA in Contemporary Art. The only sad part about this talk, is that he has to make jokes often enough to keep people listening.",15,2016-04-10T12:14:08Z
iG9CE55wbtY,UgxLEBbN9l3wiOprFhd4AaABAg,This video is 15 years old and already true about education inflation. People are educating and competition is so high that creativity is becoming extinct and noble pursuits of life unfollowed.,15,2022-05-06T17:46:20Z
iG9CE55wbtY,UgyaAUCMq4hGNGcKsoF4AaABAg,2025 anyone? And the education system hasn’t changed,5,2025-01-02T06:26:25Z
iG9CE55wbtY,UgzT8MX8zGB6er5PexZ4AaABAg,"#PrincipleofCommunication
The speaker really captures the humor of the audiences with his effective verbal communication through educating his audiences with the significant lessons that we can apply in our lives as a student. The way he utter the words is more relaxing. He just act plain fully without too much action, but attracts the heart of his audiences. I can say that the feedback of the audience is genuine the way they applause. And that's because of him.",43,2018-07-10T04:28:08Z
iG9CE55wbtY,UgixBmrGiQCkd3gCoAEC,"I'm 16 years old and right now, I hate school. That doesn't sound particularly impactful coming from a 16 year old I know. All teenagers hate school. Everyone knows this. Now there's the problem, I think. Why is it, that the very people education attempts to benefit, the people it wants to help, the people it desperately wants to see succeed are the people who hate it the most? I think that if this is the case, there is something fundamentally flawed in the system. If teachers were allowed to teach however they wished, I honestly believe that schools would be better. Teachers are generally very conscientious people, they want to help students succeed and they know the best way to help each student but having their job hanging on their compliance with rigid and arbitrary standards set by people who have never taught in their lives is an absurd situation. It's akin to if the paralympic games didn't categorise the disabilities and told an amputee to swim the same race as a blind man. People are different, so the ways in which they do things should be allowed to be different as well. Just a few thoughts of mine.",95,2014-04-17T15:30:58Z
iG9CE55wbtY,Ugh__QnMFp4c4ngCoAEC,Absolutely brilliant! I totally agree with everything he says here.,24,2014-01-28T16:02:38Z
iG9CE55wbtY,Ugyy8rqprx8BuXbFVK14AaABAg,I had no idea TED talks were around in 2006,1,2025-01-14T10:16:15Z
iG9CE55wbtY,UgiepMYZyF9Z9XgCoAEC,"It's always boggled my mind how so many people view academic strengths as the only true achievements out there and completely ignore people's creative strengths. If you're amazing at math but weak in writing/drawing, you're a genius. If you're amazing at writing/drawing but weak in math, you're an idiot and nothing else you're good at matters.

At the end of the day, I think creativity helps you more in whatever field you want to get into. People with creative minds are the ones who come up with solutions to issues no one else could think of or more efficient ways of getting things done. When we discourage creativity, we just turn kids into worker bees.",18,2014-12-08T18:37:30Z
iG9CE55wbtY,Ugj4hvMSCGiqI3gCoAEC,"“Tell me and I'll forget; show me and I may remember; involve me and I'll understand.”   Somebody told me this old proverb once.  How I remember this, however,  I will never understand!",16,2016-03-27T07:48:27Z
iG9CE55wbtY,UgjixJSb0uEx73gCoAEC,"I finished school 4 years ago and I promise you school is mostly a waste of time. Memorise and unquestioningly regurgitate 'facts', respect authority figures, conform. That is its purpose. People who change society break rules and follow their own calling, school teaches you to follow rules and get safe, stable jobs that kill your soul.",22,2017-01-16T11:42:16Z
iG9CE55wbtY,UgythKteQI5oVyGMlAJ4AaABAg,"THIS WAS 18 YEARS AGO, THATS ALMOST MY AGE WT-  😭",1,2025-02-28T07:56:45Z
iG9CE55wbtY,Ugy_-9RATF7BNrxxX9F4AaABAg,"Rest in Peace, legend, you will be missed.",13,2020-08-22T18:46:59Z
iG9CE55wbtY,UgwC_k4BhnaLDAc1hnt4AaABAg,"Brilliant .. having ADHD and being an artist and one of lifes creatives, I can totally relate to this 🙏🏿",13,2022-08-23T20:27:34Z
iG9CE55wbtY,Ugzp8FC-fmt4s7ldZ-V4AaABAg,Shocked beyond words to hear the news of his demise this morning. RIP sir!,9,2020-08-23T06:52:06Z
iG9CE55wbtY,UgxqaRI-FlWLlRDwgLh4AaABAg,I don't know how many times I have watched this video but it remains one of the most insightful ever. Rest in Peace Sir Ken Robinson,0,2024-07-20T22:49:21Z
iG9CE55wbtY,Ugy8qVrD3sqsgeFPqjN4AaABAg,"""You didn't get an A?"" 
""You're a loser!!!!""",46,2021-02-01T17:55:27Z
iG9CE55wbtY,UgzB8sbzuAy5DwFnTRZ4AaABAg,"Inspirational talk.  Possibly the best TED talk, no doubt.",38,2019-03-09T20:36:55Z
iG9CE55wbtY,UgwbqKj_qGzx88b2MHl4AaABAg,I will continue to watch this over and over and over again and recommend it to others for the rest of my life. It will always be relevant and enjoyable. You live on sir Ken,29,2021-09-02T07:21:09Z
iG9CE55wbtY,UgyxmD_UhiX5RqVqSXx4AaABAg,"19 years have gone by, and all these challenges and ideas still hold true. Both amazing and sad.",0,2025-06-07T06:29:49Z
iG9CE55wbtY,UgjFN49oD3sY53gCoAEC,"Over the years I have watched this many times and it always blows my mind. Funny, informative and thought provoking. Exemplary Ted talks video.",22,2016-11-09T20:32:05Z
iG9CE55wbtY,UgyzivBkc60-z-PjSiR4AaABAg,A great man who had a great impact on this world... Rest in peace Sir Ken Robinson,14,2020-08-22T23:32:58Z
iG9CE55wbtY,UgwIdvjCph7drE3qEQd4AaABAg,His words have changed my perspective greatly and will always be one of my anchors going through this meaningless suffering I called life. Gone but will never forgotten.,10,2020-08-23T10:23:50Z
iG9CE55wbtY,Ugw_kISn7myB0wge57p4AaABAg,Arguably the mosty important TED talk ever.  Its relevance increases every year.  I laugh and I cry every time I watch it.,4,2023-07-13T07:52:13Z
iG9CE55wbtY,Ugw0sKbxDDpgCaEJ3pF4AaABAg,"One word






Y E S",68,2018-04-20T21:59:53Z
iG9CE55wbtY,UgwKDPZm6GtjhX1m9yN4AaABAg,My mother sent this to me at the time I'm struggling at school and didn't regret watching this.,18,2019-09-30T10:30:41Z
iG9CE55wbtY,UghrIse3ROpN-ngCoAEC,"I am in 6th grade right now, I have been asked so many questions about math and many subjects, yet I have never been asked ""what uses are there for a paper clip""",44,2016-09-13T04:18:56Z
iG9CE55wbtY,UgwoRn9BBQ1vS3Jtket4AaABAg,Anyone in 2026 ?,16,2026-01-11T16:18:33Z
iG9CE55wbtY,UgiBuEzHFDU2n3gCoAEC,"i think one thing too is that creativity and dreams and such mindsets are already preconditioned in society as something ""for kids"". i think thats the main problem - generation after generation we sell dreams and creativity only to that of children.

it becomes then...the role of the adult is not that of a dreamer or creator, but only that of a provider. creativity gets cut down when we introduce the notions of being a legal adult, mature, and things of that nature. get to college and it doesnt even hold individuality or creativity as a core principle. college basically trains you for the work world. you can only be creative to the degree that you are creative in your discipline (still somewhat limiting the person). yet some professors will tell you the importance of creativity or individuality not as the course curriculum, but as life wisdom. im getting older and older (29 this march) and i see my friends and family around me lose their enthusiasm for life. just as people get older and older in general if you think about it. its so sad but i dont want to talk to them about it. its like older people just stop following creative things like music, art, and movements. they just work. this of course is not a problem because providing is important. i think its just something to note when we wonder where creativity disappears to. ill say it again because i like it lol, ""generation after generation we sell dreams and creativity only to that of children.""


then after decades and decades.....people search for creativity and enthusiasm again in old age. hmm??",12,2015-02-26T10:43:14Z
iG9CE55wbtY,UgwZ2eKEHkPdyziYizV4AaABAg,RIP sir 😢😢 One of the greatest ted talks ever..,16,2020-08-23T16:54:24Z
iG9CE55wbtY,Ugx7rXNQlXQAoJ3PQMJ4AaABAg,hes a natural born comedian. (thats his natural creative talent)!,23,2019-05-30T04:47:29Z
iG9CE55wbtY,UgwYxbKFYlPWTwq2HHR4AaABAg,Pero porque está solo en Inglés?,1,2025-12-30T10:21:07Z
iG9CE55wbtY,UgybE4L56KDHUwWbzjx4AaABAg,"Rest In Peace, Sir Ken Robinson. 
On behalf of teachers everywhere, thank you for reminding us what is important and for conveying it with humor and grace.",10,2020-08-23T19:08:58Z
iG9CE55wbtY,UghaB-4QXeIxwngCoAEC,I wonder if Sarah ever saw this..,18,2016-12-23T13:04:47Z
iG9CE55wbtY,UgwHt7gOsSOlX65jGjB4AaABAg,"When I was a kid I was always told not to pursue art because I wouldn’t get a job in it. I switched gears and decided to be a doctor, no body bothered to inform me that as a kid in poverty with separated parents, one of which was an addict, the statical odds of me becoming an MD were stacked against me.",75,2018-02-08T01:08:10Z
iG9CE55wbtY,Ugx1G-yYvkYdRZVCYsV4AaABAg,One of the best TED talks ever. 5 years since his passing.,0,2025-10-22T08:57:14Z
iG9CE55wbtY,Ugz_oS9PJkZNN7CsceV4AaABAg,"Thank you for all the lessons, wisdom, and laughter you brought to my life and the lives of many others. 
Just heard about the devastating news of Sir Ken Robinson’s passing and came here to remember him. 
Rest In Peace.",13,2020-08-23T00:09:56Z
iG9CE55wbtY,UgzpOmOHUxRmBxdssLt4AaABAg,"RIP Sir Ken. There is a reason why this is one of most watched TED talks of all time. Articulate, funny, eye-opening. I just need to get out of my own kids’ way.",11,2020-08-24T23:59:10Z
iG9CE55wbtY,Ugy8QFpqiZTctNygqMd4AaABAg,He’s one wise man. The way in which he gave his lecture was outstanding! His perspectives were moving,14,2020-05-20T11:40:35Z
iG9CE55wbtY,UgxsAJFv5NWdwa8XAvZ4AaABAg,To this day I get anxiety when summer ends only because the little boy in me is terrified of having to go back to school. Schools did everything to make pupils the same and discourage any form of creativity,8,2023-09-05T03:42:17Z
iG9CE55wbtY,UggMkudAU-Ikc3gCoAEC,"Brillian!  What an incisive, original, liberating and witty mind...!  I love it!  He is like a cool breeze on a sultry, suffocating day!  Mr. Robinson, are you running for office?  Whatever it is you're up to... I am voting for you.  Bravo!  Keep it up for the sake of all of us... Infinite blessings...",16,2014-01-05T02:54:32Z
iG9CE55wbtY,UginZKFkCeNonXgCoAEC,"I hate studyng. I love learning,
Learning things I'm interested in, things I love. Things I really care about.
School is a waste of time. I don't care about the subjects they ""teach"" me.",13,2016-04-13T00:23:52Z
iG9CE55wbtY,UgyiPSPLfcE1pYbHkgl4AaABAg,"Rest In Peace, Sir Ken. Know that you have positively impacted the minds and hearts of thousands of educators, parents, administrators and students across the world. Your wise words and sense of humour will be missed.",15,2020-08-23T00:46:48Z
iG9CE55wbtY,UgwcAcUDFkseI4wcxEN4AaABAg,I absolutely LOVE this presentation!!! I pray we all awaken in time to wholistically educate our children!,5,2023-09-28T03:09:42Z
iG9CE55wbtY,Ugxjjf6iQt6e9GzPilZ4AaABAg,"what an inspirational speech! I really regret that I've seen this video only now, in November 2020. I am not an educationalist, but I'm sure he is 100% right about world education system. I was sorry to learn that Sir Ken passed away. He's brought to me a lot of laugh and positive emotions during this video. Rest in piece, Sir",47,2020-11-25T10:56:20Z
iG9CE55wbtY,Ugyq3t8Mm3L4brcHmfV4AaABAg,14 years later after this video I'm still sitting sitting in a room 7 hours a day not learning anything. Nothing changed what a waste.,9,2021-01-14T02:33:50Z
iG9CE55wbtY,UgiVqYaMzmS-P3gCoAEC,My favorite TED talk ever!,13,2017-04-18T04:00:54Z
iG9CE55wbtY,UgwfVr3qw8dY07U-Ju54AaABAg,"Ufff increíble, por casualidad encontré un libro de este Autor en la biblioteca de mi Universidad, sin pensar que me encontraría con información tan valiosa, maravilloso Ken Robinson. 👏",3,2024-07-13T02:44:28Z
iG9CE55wbtY,UgyFAJ4PsG3CUr2TJ894AaABAg,"As an education student this talk is fascinating. Very rich and interesting, like it very much.",14,2019-04-05T02:15:23Z
iG9CE55wbtY,UgzJGvLwYL3-XcPwP354AaABAg,It's been almost 13 years... and I still wish the education system would actually LISTEN to this guy!,9,2019-12-15T10:29:04Z
iG9CE55wbtY,Ugyv_NiRbFJhrHK-KBB4AaABAg,"RIP Ken. What an inspirational guy, and what a great legacy he leaves behind. Thank you Sir for doing your bit to change the world in a positive way.",11,2020-08-23T13:25:33Z
iG9CE55wbtY,UgxaPQVZj0J7x3X3DZB4AaABAg,Any one in 2025  🙂 ???,95,2025-04-29T02:57:42Z
iG9CE55wbtY,Ugz07XoTVMBwvnGw9mF4AaABAg,"Teachers in my high school who want to increase the use of creativity in their class and also increase student's interest in the material are almost entirely shut down in every situation by the teachers who have been teaching within the school for longer. These teachers don't want to see their methods being replaced by someone they see as ""Inferior"" yet often times these new methods are proven to work better. The best way to get students to be more interested in their school is to actually listen to what they have to say, but in most cases that never happens. In my school district, many of the adults who hold the power to make a difference consider the student's input to be ""rubbish"". I wish this cycle could end one day but that starts with understanding both perspectives and that is something most adults within our school will sadly never consider doing.",51,2018-05-17T00:07:58Z
iG9CE55wbtY,UgyiFhHN-r0HMzv-oQF4AaABAg,"Just found out today that he passed away. Can't believe it, such an inspirational and thoughtful person. I've been binge watching his talks and was always challenged by his brilliant ideas, he will surely be missed by all who loved him",10,2020-08-28T09:23:46Z
iG9CE55wbtY,Ugh0JWIXskitIngCoAEC,"It would seem that education is not the only thing at fault here. The whole world is. You're ""educated out of creativity"" and then spend the rest of your life in a boring, monotonous life; doing the same things over and over and over every day... I'm not sure there's really a way to change that.",102,2016-05-08T22:59:04Z
iG9CE55wbtY,Ugz-rhSbafsPK2wC_tJ4AaABAg,Still incredibly relevant viewing. I'm glad Sir Ken's family are keeping his memory and work alive ☮,2,2025-07-19T02:38:44Z
iG9CE55wbtY,UgjLvLoh_8O27HgCoAEC,"Ken touches on an important issue - the negative impact the schooling system (especially university education) has on society. The reason kids lose their natural creativity and imagination is because the schooling system, ESPECIALLY university, puts them in a box. This by the way is not some random consequence of education, but it is BY DESIGN. There is a world system (some call it the matrix, which is a metaphor for all you think the world is) and it is universities which are responsible for putting you in the box (the matrix) and maintaining this system. In other words, universities are the guardians of the system. Ken affirms this when he says at 11:20 ""They all came into being in order to meet the needs of industrialism"" and at 11:55 ""The universities designed the system in their image"".

Ken also illustrates just how blind psychiatry is by labeling ADHD as a psychiatric disorder i.e a handicap, when in fact it is actually an attribute if channeled in the right direction i.e the Arts.  Ken sums it all up very well at 18:12",19,2013-12-18T23:20:39Z
iG9CE55wbtY,UgwGysdyUB8cxa9a7-t4AaABAg,I am doing a standing ovation from my own living room! Have to watch this over and over again as there are so many key points he touches on. So relevant still in 2020.,37,2020-11-13T09:35:16Z
iG9CE55wbtY,UgwzPfjl3pPLjBmK-wp4AaABAg,I was an elementary school teacher for 6 years and it's all true.  I recommend the book Dumbing Us Down by John Gatto for people who want to explore this issue more.,12,2019-03-21T21:50:46Z
iG9CE55wbtY,UgzMhc-f9NU_Pxggcl94AaABAg,"17 years later, this video is still impacting lives😊
Continue resting in peace, Sir Ken❤",0,2024-07-14T16:50:23Z
iG9CE55wbtY,UgiHWQkJ4i9KmXgCoAEC,"I have watched this dozens of times, sent it to dozens of people. I still get teary eyed when he says ""she isn't sick, shes a dancer"" Its sad that this woman nearly slipped through the cracks way back when but think of the 100's if not 1000' a year we sentence to a life of altered brain chemistry because they do not follow the rules making another cog via boring school that teaches you just what you need to know. not how to love learning or reading, not that being different is okay, but to go out and be another cog in the money making wheel",30,2014-07-11T12:18:58Z
iG9CE55wbtY,UgjKc96uOiVnwXgCoAEC,"Every morning of school, I always wish that there will be a zombie apocalypse so school would be canceled FOREVER.",19,2015-08-11T20:51:25Z
iG9CE55wbtY,UghsXrT6nAzgCXgCoAEC,"Criminally insane: A Rant : I heard yesterday that Gordon School in Strood has banned unstructured play for young children at lunchtime. Kids now have the option of structured games or to sit quietly - Just what is going on with the idiots that run these Academies now? Do they not realise that play is an important part of childhood. Is lunchtime now to be structured so as to deliver 'outcomes' for the idiots in Ofsted to collect on spreadsheets, just like we collect Tesco Clubcard points. I warned the parents of Gordon School Parents Group. of the inevitable drift into this situation but only a few of them were prepared to stand up and be counted. The teachers who stand by and comply are also complicit in this act of mental cruelty. I think the answer has to be to move to Germany, France, Scandinavia etc if you want your children to have a rounded education, where they work, learn AND play.",21,2014-03-25T12:54:09Z
iG9CE55wbtY,Ugx98F4MpakE1_75eFl4AaABAg,16 years later... We're still on tha same page regarding education,1,2023-05-09T15:50:23Z
iG9CE55wbtY,Ugj3h2ZqF6hG-ngCoAEC,He's totally right we shouldn't categorise education into subjects. It should be  like a shopping mall or video game parlor where you roam around and choose something which piqued your interest. Why should I learn something I don't like?,14,2016-12-26T13:22:33Z
iG9CE55wbtY,Ugiwpj6h1ANaz3gCoAEC,i wish i could like this 1 million tmes,15,2016-05-23T23:04:12Z
iG9CE55wbtY,UgxgHJTqcr4c2FyHKUp4AaABAg,"Hope your legacy continues to inspire policymakers and headmasters, and the children retiring in 2065 remember you and thank you for your ideas.  Rest in peace Sir Ken!",42,2020-08-22T18:28:56Z
iG9CE55wbtY,UgyvyircS2v30YbQBGN4AaABAg,Came back to re-listen to my favourite video on YouTube.,1,2023-12-29T16:20:04Z
iG9CE55wbtY,UgzRN4-wM_32bl9wvup4AaABAg,This Ted talk led me on a journey of re-education in an attempt to understand how best to apply myself. Thank you Sir Ken. You will be greatly missed,10,2020-08-23T19:45:42Z
iG9CE55wbtY,UgydV--nugm3nsNsd-N4AaABAg,Watching this is 2020 and the message still stands...Beautifully expressed! I hope teachers or professors watching this or have watched this is/was not offended but merely encouraged to adapt a more open creative mindset (in each subject for that matter) as each child learns differently. Let us not to be so quick to cutt students off with certain labels because they are different but instead help lead them to their calling or practise/use their learning style where everyone comes out advantageous. Its October 2020 and I'm certain we have such beautiful teachers and students already. May God bless us all in our forever learning journey in this life😇🦋🕊🌸🙏💙,16,2020-10-18T07:53:39Z
iG9CE55wbtY,Ugw1nTGtCXSDLbpX9C94AaABAg,"This video was sent to me to be critiqued (as a class assignment), and when I tell you I feel so privileged! I am so enlightened! I love every second of this. I needed this! SO MUCH!",14,2020-09-22T00:14:59Z
iG9CE55wbtY,UgycmI8qGbZCUXlb5Ld4AaABAg,Who else is watching this for school?,3,2025-10-22T12:44:00Z
iG9CE55wbtY,UgyBHNlOPXmgw0sP7fB4AaABAg,I love listening to this chap. Such an inspirational and entertaining speaker who speaks so much sense!,10,2019-09-06T18:56:57Z
iG9CE55wbtY,UgjiY9uFP8ukyHgCoAEC,"One of the biggest things I took out of it was
that I felt like he was trying to get across the point that everyone is
creative, but you’re not allowed to be creative in academics. He made the point
that schools prepare children to be college professors RATHER than to help them
be creative, as though a professor must be exempt from being able to have
original ideas. He also made the joke that during a social interaction,
academics are praying for it to end so that they can “go write a paper about it,”
as if to devalue talking about things in a structured way as a viable outlet of
expression. All throughout school, I was one of the few kids that valued
academics above everything else. When somebody asked me, “what’s your hobby?”
and I responded “doing math or learning about physics” people would respond,
“but what do you like to do for fun?” I’d have to give the answer “I play the
piano” instead because it’s a more acceptable answer as a leisure activity. But
I could do math the way a “normal” person my age played sports or played video
games. I could sit down and solve problem after problem for hours, or rearrange
problems and make my own in order to give myself a better understanding of a
mathematical concept. And then I could apply that concept to a physical
situation to find links between things in the real world that I never would
have realized otherwise. I don’t consider myself good at either math or
physics. Were I to ever achieve great success in the fields I would not want my
achievements to precede me the same way high achievers in the arts often seem
to. I would not want my achievements to precede me because I believe that I am
not good at the topics, I merely enjoy them, and I wouldn’t want someone to
feel like I was better than them just because I enjoyed something they didn’t.
Most, if not all people can do math faster than me. I am extremely slow at
doing my work, and for most of my life I felt like that was supposed to mean
that I wasn’t good at it. Eventually, I even grew to hate mathematics. However, at the height of my loathing in the 10th grade, I discovered that if
I tried hard enough, I could comprehend graduate level texts. I was impressed
with myself for this, and unlike the other things in life that I had wanted to
be good at in order to impress others (which admittedly is why I started doing
more complicated mathematics at first), I could do something that I myself
could be proud of, and I realized that was all that mattered. I derived great
joy from discovering new ideas and the ways they link together, or finding my
own new ways to understand something. I have even been brought to tears by the
beauty I find in mathematics, as silly as that may sound. I would even argue,
physics and mathematics are fields that praise creative individuals, as some of
the most notable physicists in history include the likes of Albert Einstein and
Richard Feynman, two men who revolutionized physics by working on ideas that
everyone had worked on before, but in entirely new ways. So, I'd that no, he is wrong. Schools could certainly be reworked to be more inclusive of children that like to do things like dance, sing, paint, etc., or just be more accepting of students that enjoy different
things and learn in different ways in general, but for some, the academic areas
in school are the places THEY get to show off their creativity, and in a world
that continues to attempt to be more inclusive of those we think are being
ignored, we must refrain ourselves from putting the kids we commonly see as
“uncreative” or “creative in the wrong ways” on the back burner, in favor of
those that we think are being ignored.",142,2016-11-08T07:20:40Z
iG9CE55wbtY,Ugh-UEOgnFLX33gCoAEC,I like this guy.,22,2015-11-04T11:52:10Z
iG9CE55wbtY,Ugw2ZllaWQ7aUGl9Agd4AaABAg,"A speech older than me has spoken of a future that is now my present and I so desperately wish he was listened to, for the message he had continues to age even finer than wine.",0,2025-10-06T20:45:44Z
iG9CE55wbtY,UgykDD7MLymnsYSdOQJ4AaABAg,I wonder if education will stop being a torture to students in my lifetime.,39,2019-09-15T08:55:12Z
iG9CE55wbtY,UghwYi9ipL4OFXgCoAEC,"This is part of the reason why i wanna drop out of college. I'm still in my freshman year, and i pretty much get most of my information from online sources.",27,2016-04-13T04:22:57Z
iG9CE55wbtY,Ugz5_CSic-KecQ0wiNB4AaABAg,I consider this a valuable lecture. RIP Sir Ken Robinson. I didn't know he had passed away. A man with a great mind. I hope my creativity hasn't dissapeared yet 😭,12,2022-06-13T02:57:39Z
iG9CE55wbtY,UgwZI87ajpXnHUNHSMh4AaABAg,the best TED talk ever. RIP,1,2025-10-11T16:46:00Z
iG9CE55wbtY,Ugz2rxBJx8EoVpEERoR4AaABAg,RIP Sir Ken Robinson. Still my favourite TED talk,14,2020-08-22T18:14:49Z
iG9CE55wbtY,UgiyY2DEpeD4iXgCoAEC,"Compulsive public education is an outrage.

Consider this:

Children spend maybe 2 hours per day with their families. The rest is at school and in after school programs. This is a problem.

Children spend up to 8 hours per day sitting in the classroom.

From K-12, students interact primarily with people of the exact same age, experiences, knowledge and skills, yet they're supposed to function properly in the real world?

Students are habituated to following rules and seeking merit badges and accolades from authority figures, rather than creating real value.

The solution is not just a matter of reform. It's not just a top down fix from a bureaucrat in Washington. We need to end this system and allow students and families to explore other options.",83,2015-08-08T05:13:35Z
iG9CE55wbtY,UgwNJFAiJheYxTRe40F4AaABAg,"Sir Ken Robinson, you model my beliefs about education exactly! Thank you for your demonstration of what schools can do to a child and their success and/or failure. I am quoting you in a book that I have been working on for years and will add you to my acknowledgements section! Thank you so much!",12,2020-03-25T09:52:44Z
iG9CE55wbtY,Ugx_y2f56Bks9PKA66N4AaABAg,"I've just re-watched this, years after I first saw it and the message is as powerful now as it was 16 years ago!",0,2023-11-29T21:15:44Z
iG9CE55wbtY,UgzDCom-dwfillqqBfN4AaABAg,"To this date an incredible thought leader in this space. Always fun, inspiring and thought provoking to watch! What a shame he had to leave us so soon.",9,2021-11-18T22:06:52Z
iG9CE55wbtY,UgwAOTUL9Bmsq8pTel54AaABAg,15:00 - Jeff bezo is in the audience laughing at this man doing the stand up 😂,13,2020-05-19T05:10:19Z
iG9CE55wbtY,UgjbemW4Rt10ZngCoAEC,"Brilliant, a lesson for us all to learn. This is a man who understands the need to reform our current decadent education system. Like with all visionaries working for a noble cause, it's hard to convince those in charge to take the necessary steps. I sincerely admire this man for his genius and his approach to life. Thanks for sharing.",18,2013-12-30T02:19:05Z
iG9CE55wbtY,UgwyhSRjwXWikoLZYR54AaABAg,I concur. Brilliant. I have worked in education and said to many colleagues that we are killing the creativity out of a diverse set of learners with a rigid curriculum that is meant to fit one size all.,3,2023-07-28T17:08:34Z
iG9CE55wbtY,UggxRSjVPRlIcXgCoAEC,School ruins lives. I know cause It ruined mine.,227,2016-10-28T15:19:53Z
iG9CE55wbtY,UgzhH9dbEIaVUYdzcdV4AaABAg,"Something that school definitely kills for me is the desire to read. At the end of last summer I decided to finally finish the Mistborn books. I read through books 2-6 in about 2.5 weeks. The fastest I'd ever read a series. Then this past school year came along and as usual we had to read some ""classics"" in English and do some personal reading. I read roughly the same amount of book in those 2.5 weeks as I did over a 9 month school year. Only now when I have nothing to occupy my time in summer am I now dipping my toes back into reading on my own. Luckily, I don't need to take an English class next year.",9,2021-06-13T05:21:53Z
iG9CE55wbtY,UgjEh5DPGp2hTXgCoAEC,"1000 unlikes, so much vews. Congratulations Sir.",12,2016-04-24T02:30:07Z
iG9CE55wbtY,UgyfOzRXSPb8-T6uzsh4AaABAg,This is the most special talk ever captured on film.,1,2023-08-07T09:19:09Z
iG9CE55wbtY,UgztvPmJc5seXnrVaat4AaABAg,"This is a great video. Every parent and teacher should watch this. As a parent, I let my child be creative and use her imagination. They won't be little forever, let them enjoy the wonders of life before the real world ruins everything for them. Just look up the history of education and that will explain everything. It was created because of Rockefeller's thought process of ""I don't want a nation of thinkers, I want a nation of workers.""",10,2023-04-24T18:07:10Z
iG9CE55wbtY,Ugw5ynXHry7jyeU3PNF4AaABAg,Anyone here doing this for class? 2024,22,2024-08-27T18:40:32Z
iG9CE55wbtY,UgznSi5qUvs4UeERqtl4AaABAg,"Rest in peace Sir Ken Robinson, thank you for the inspiration",11,2020-08-23T02:38:29Z
iG9CE55wbtY,Ugy6BtMQPRaI3WZjKDR4AaABAg,"17 years and  23 million views later still people listen to this man.
What a beautiful words.
Pure gold nuggets. 😊",1,2024-02-02T16:56:27Z
iG9CE55wbtY,UggpdpLzyE0Zf3gCoAEC,This is a great presentation. I agree that schools as they are today don't provide a well rounded education that suits the variety of kids in a classroom. We force kids to conform to the system rather than work hard to meet their individual needs. Tough job and I'm afraid most teachers aren't up to the challenge or are too restricted by rules and regulations. ,10,2015-04-19T14:56:46Z
iG9CE55wbtY,UgyaqQ3ukjjKU568QeR4AaABAg,Thank you for your conference Sr Ken Robinson. I´m watching this video in 2019.,15,2019-07-04T19:59:05Z
iG9CE55wbtY,UgwStB7pAVwYiS6Z21J4AaABAg,who is here in 2020?,10,2020-06-19T01:29:09Z
iG9CE55wbtY,Ugxr1Juk7P04Sz-Pt2N4AaABAg,12:35 2025 ouchy 😅. He beat his original prognosis by 5 years.,2,2025-11-06T19:43:11Z
iG9CE55wbtY,Ugx0AWPgZbm6zqNz6dt4AaABAg,0:01 yes they kill creativity.,9,2019-03-13T09:10:37Z
iG9CE55wbtY,UghEtvs7bLXINXgCoAEC,At school we are taught to regurgitate information from a book rather than to think for ourselves,25,2016-02-20T13:22:57Z
iG9CE55wbtY,UghlBIDU2Ge5cXgCoAEC,"Until I started college, I had pretty much given up on school.  That is not what I want for my children, and it's not what any country should want either! This man speaks the truth but, what school in the world is going to change the focus to the children's predilection instead of the stuff teachers are expected to shoe horn into their developing minds?",11,2015-04-23T15:07:23Z
iG9CE55wbtY,Ugy8B_Ao7PUC-ili0Dp4AaABAg,"I've enjoyed this Ted Talk for a couple of years now, and it's sad to see there are no imminent changes in our education systems.

Rest in Peace, Sir Ken",1,2023-03-24T00:55:21Z
iG9CE55wbtY,UgjcBB0eExRegXgCoAEC,"I'm mostly positive about the speech but from where I live, financial security will always grab more attention just because in third world countries, the poor or even the middle class people cannot make mistakes. You could drop from school and be yourself but if you don't make money soon you will probably end up unable to upkeep yourself (and your family). It's a different topic if the choices aren't between ""mind enrichment vs. depressing routine life"" and ""sustaining your expenses vs. risk of poverty""

I'm very fortunate to be facing the first dilemma but the people in the latter criteria might not have room for any creativity at all simply because they don't have any plan B.

All in all, brilliant idea but I reckon its not for everyone.

(Also, such specialized education costs loads of money but I'll pause ranting for now)",35,2014-11-22T08:04:43Z
iG9CE55wbtY,UgguSEtOL6pCungCoAEC,Is that Jeff Bezos of Amazon at 14:57?,10,2016-12-08T20:10:41Z
iG9CE55wbtY,UgziLO0jVcNW7FUZXah4AaABAg,"""why we don't teach dance as often as mathematics""
Wow, that question makes the mind to stop...i never thought about it, in fact dance is more important than math, helps you to remain happy and alive, and avoid seriousness...and get in touch with your body's energy.",162,2020-08-31T14:04:40Z
iG9CE55wbtY,Ugw-1k2MN7WsTCYpx-h4AaABAg,I listen to this regularly... a great dose of wisdom and inspiration!,3,2022-10-17T01:21:23Z
iG9CE55wbtY,Uggnyz0yUKQM_HgCoAEC,I think it really depends on what kind of school. For example the girl in his story went to a dance school - it worked out amazingly for her. I for one am studying as a visual effects artist right now and I'm in love with school.,74,2016-07-07T12:26:50Z
iG9CE55wbtY,UgwlcmWEsdG233CAcgJ4AaABAg,"Schools do kill creativity, like every time there might be a good camp, they stuff with learning, and stuff that we can use at school. And most of us students just want to have fun at those camps. In the past 5 years I've only been on one camp that the school didn't stuff the camp with useless stuff.",17,2020-10-30T00:37:00Z
iG9CE55wbtY,UghALDbSlDEjzHgCoAEC,"You know sir,not being able to utilize their very own right to freedom and abiding by the rules created by the certain system kills the creativity!!!!!!!!!!!!",14,2016-10-22T14:39:13Z
iG9CE55wbtY,UgxrPLyAgCAIIP50Hx54AaABAg,"I watched this talk for many times and every time I'm touched deeply by his wise words. Unfortunately, he is no longer with us. Thank you so much, Ken!",7,2023-01-16T21:02:46Z
iG9CE55wbtY,Ugy0YyIeEkDMK2ZkUsV4AaABAg,"This is the number one TED Talk of all time.  

Of. All. Time.
Clearly it resonates with so many people.

Dear Sir, you will be missed.  <3",445,2020-08-22T18:46:10Z
iG9CE55wbtY,UgyP6IA4LFyEwtBRXOF4AaABAg,"How would I go about citing a TED talk in a school paper? Any ideas?  Also, I think home schooling is the way of the future.",14,2019-07-03T15:21:19Z
iG9CE55wbtY,Ugw9GR_9vGIitps3hRt4AaABAg,"Sir Ken Robinson 

4 March 1950 - 21 August 2020

You have been an inspiration for thousands of educators/ teachers worldwide. Your talks were very informative ,inspirational and funny , a secret recipe that you have always mastered.",25,2020-08-22T22:16:50Z
iG9CE55wbtY,UgzgPQZ_VFKEpCwlblx4AaABAg,"Even after so many years,one of my favourite TED talk. Gold.",1,2025-01-30T08:13:03Z
iG9CE55wbtY,Ugx7eFlfOgh_QYdKDYp4AaABAg,It is very true that people give sometimes very little to creativity.,15,2022-12-17T16:26:09Z
iG9CE55wbtY,UghKKiS2byrNfHgCoAEC,"I'm Indonesian and I hate my school. I mean I hate what I am at school. At my school, they have an exam (like mid-term, final exam, national exam, etc.) , and the question is made by regional committee. That's for evaluation they said, but some of the teachers gave us the answer before we take the test. They want us to get bigger score. They want us to make the school ""look"" better. They keep telling us that we need to be honest, not to cheat, and all but they make us become bad person. They keep TELLING us to be a better person, to change the world, to change Indonesia, to 'kill' all corruptors, but they MAKE us to be bad person instead. They didn't allow us to tell our opinion, they keep our mouth shut or else we got a problem for ourselves. I want to quit, I'm sick of it but I can't, I don't know what should I do.",10,2015-12-18T13:35:01Z
iG9CE55wbtY,UggbUl7Pa7OOFXgCoAEC,People who disliked this must be headteachers who don't like having their mistakes pointed out.,17,2016-12-12T18:58:04Z
iG9CE55wbtY,Ugz2QcAz0PgLRRmh5c54AaABAg,"14:59 is that Jeff Bezos in the audience (middle of the picture, head back laughing)?",1,2025-08-31T14:23:02Z
iG9CE55wbtY,UgyDfOA6UOlLfAtREyB4AaABAg,Anybody in 2025?,28,2024-11-24T19:48:54Z
iG9CE55wbtY,UgwVZnPn2Kk9K2t-KGZ4AaABAg,"One of the worst things about school is the wonky distribution of subjects.

For some reason you just get way more time for some subjects than you do for others.

I am failing one of the classes I care about the most and put some of the most effort into simply because I haven't had the time to work on some of the tasks.

Meanwhile, I'm doing just fine on my least favourite subject, English, because we've got two periods of it every day except Wednesday (and the weekend).

It pisses me off how I have to spend more time on the subjects I hate than the ones I actually want to be doing.",10,2022-05-24T08:53:53Z
iG9CE55wbtY,UggtKD0FhuK70ngCoAEC,"If anything that is ever so important in public education (K-12) in the 21st century is learning foreign languages.  We are online communicating as we are watching this video now.  As of July 7, 2016, the Internet is a necessity.  If there is a time in human history that creativity is so important, then it is NOW!  Artwork of all kinds that never existed and the arts that always existed are in a new and different evolution due to how the Internet changed our lives today.  The Industrial Age had its time, now we are living in a new age that we must learn to grasp.  Creativity is the key to this door, and taking it away the key from the children of today will not keep this door closed.  When 3-D virtual reality and augmented reality gets on the mainstream of life, everything we do will need those creative skills that will be needed to be taught in public schools (K-12) NOW!",10,2016-07-07T09:15:22Z
iG9CE55wbtY,UgzAlWQO0xVX1zBd8zB4AaABAg,"RIP, dear Ken Robinson.",2,2025-05-15T11:58:55Z
iG9CE55wbtY,UghED90YaCUBfngCoAEC,YESSSSSSS!,35,2013-12-24T22:15:32Z
iG9CE55wbtY,UghJXn-Mi1NU0HgCoAEC,Home schooling,10,2016-12-10T23:06:38Z
iG9CE55wbtY,UgxalMJftrynhbEN7jh4AaABAg,"14:57 Jeff Bezos (on the right side, third row, laughing hard)
December 2017.  Almost 11 years since this talk, and it's true.
December 2017.  Almost 11 years since this talk, and it's true.",21,2019-06-10T13:25:55Z
iG9CE55wbtY,UgzZ4LEJ3Xdy_SPXXaF4AaABAg,"18yrs later, we are still on the same page.",3,2025-01-30T06:13:49Z
iG9CE55wbtY,Uggw2RpFWAtdqXgCoAEC,"if youre in school, reading, writing and passing exams, without ever taking a moment to ponder your future or the meaning of life, youre part of a long line of zombies moving in one direction",18,2017-02-05T17:28:01Z
iG9CE55wbtY,UggxiVLa5CwEtHgCoAEC,they spoon feed you info and asked to regurchitate it on a test,13,2017-02-14T02:08:49Z
iG9CE55wbtY,Ugimt7BI8-l3DngCoAEC,"I recently dropped out of high school during the beginning of my freshman year, I have always thought that I was stupid because school is made for people that don't understand very specific things like trigonometry or something. I have always thought that I hate learning, but after finding my love for technology, I spend every last minute watching videos or reading about a different tech subject. I now own am 16 years old and own my own business, with what would be a good monthly amount of money for an adult. I plan to continue this business for a very very long time.",27,2016-03-21T11:11:16Z
iG9CE55wbtY,UgzK1LAn3znp3Qv8W6R4AaABAg,This is 17 whole years old and we are still in the same place...,1,2024-10-15T14:24:43Z
iG9CE55wbtY,UgjB9OI7rd0m5ngCoAEC,the 1k people who DISLIKED this are in the field of education... i bet that.... killing my creativity!,76,2017-02-13T11:35:28Z
iG9CE55wbtY,Ugyo3ZVsuCQpYcnrSQx4AaABAg,"I certainly do believe that school assignments and expectations could potentially give young people cause to easily take on additional stress, and that's possible teens may be depending upon acceptable grades for self esteem and acceptance from parents and peers!!??
I know for a fact teachers across the board need to ensure all students understand some basics:

1) how to think critically
2) how to find information
3) how to be independent
4) great manners and social norms
5) learn from mistakes
6) always be honest kind and caring and loving
7) question everything
8) setting realistic goals",23,2018-08-29T11:28:42Z
iG9CE55wbtY,UgweZaEVGXTyWN0pIxB4AaABAg,I lost my motivation and want to learn quite recently. I'm trying to find it again through talks like these and by trying to find something of interest.,14,2019-04-09T02:51:01Z
iG9CE55wbtY,UgyyonKvYD6_6AH3g914AaABAg,"Beautifully Beautiful : )
Thank You !! : )",4,2022-12-11T07:36:52Z
iG9CE55wbtY,UgzHngXVoxVOlMEop5t4AaABAg,“Our education system has mined our minds in the way we strip-mine the earth for a particular commodity. And for the future it won’t serve us. we have to rethink the fundamental principles in which we’re educating our children” - Sir Ken Robinson.,34,2020-07-01T19:24:50Z
iG9CE55wbtY,UgwYCUz-mySIbrMUKf54AaABAg,Anyone in 2025?,72,2025-02-02T13:22:00Z
iG9CE55wbtY,Ugz8cpg1wuxYKrVsx3x4AaABAg,"You can't change schools without changing the economic system that powers the world. 
You can't change the economic system without changing the human need to compete for profit and status.
Schools are teaching children how to compete with others, they don't help children achieve their maximum potentials. 
Schools are interested in the 'survival' of children, not the 'thriving' of children. 
No famous dancer can live in this world without learning how to count, how to read a map, or how to speak a language. 

We need to see schools for what they are. Stop putting so many expectations on schools and teachers and education in general. If you want to realise your full potential, you need to be brave (and smart enough) to give everything a try. 

Survive or thrive, pick one.",37,2017-08-30T16:30:47Z
iG9CE55wbtY,UgxFDOYhwc2Q4EbOKGp4AaABAg,watching this for an assignment 😜,1,2024-08-31T23:11:46Z
iG9CE55wbtY,UgwCtpsf-_LdVpMa7L14AaABAg,"This really struck a chord with me. At 9 years old I blew my school bank account (3 years savings) on a guitar. Much to the dismay of my parents. 

Years later careers interview at school I said I wanted to become a guitarist.
.. how about joiner ? 
No I want to be a guitarist. 
... well what's the chances of that around here? She said. 
Ok put me down for a fitter 

Some things you try to escape, and they pull you back down. 
Of course I learned ' another brick in the wall' 

My personal life has been music ..the only escape. The only freedom 

This touched my heart .. hes a good man",30,2020-05-18T15:57:03Z
iG9CE55wbtY,UghdCjyEigbBm3gCoAEC,This comment section is just full of edgy snowflakes.,258,2016-07-10T10:32:24Z
iG9CE55wbtY,Uggh3gvZrFL0IngCoAEC,"i love the that mr Robinson states the flaws in our education system by using valid points and real life examples. The sad part about all this is that it's all true. The education system only values a few subjects that may very well hinder our creativity. ""everyone is a genius, if u judge a fish by its ability to climb a tree then it will spend its whole life thinking that it's stupid""
~Albert Einstein
That is a perfect example of what's happening today.For a person who loves music we cannot just judge their intelligence by how well they understand the periodic table. And if we are so big on being innovative then why are we all taught the same text book in the same way and have to sit for the same test. You can't just pour 10 glasses of water and expect one of them to fly into the air. It seems like our education system has not only become a way of limiting our creativity but also the primary way of judging our intelligence.",16,2016-04-09T17:32:24Z
iG9CE55wbtY,UgyW_Q5id3CIDj6vrKV4AaABAg,"Wow, 16 years ago! This talk doesn't age.",1,2023-12-17T03:58:22Z
iG9CE55wbtY,UgxLA1goteOwog9PpN14AaABAg,"Do schools kill creativity? | Sir Ken Robinson 
 Throughout the speech, Sir Ken Robinson mainly discusses that schools suppress children's creativity. Schools today tend to treat mistakes as an unforgivable fault, as we can see teachers who go furious when we choose the wrong answer by mistake. Mistakes don't precisely signify creativity, but most revolutionary advances have derived from creative ideas thought to be a 'mistake' in that society. As schools make children fear making mistakes, they grow up to lose the ability to create something inventive and ingenious. Moreover, this phenomenon is occurring throughout the whole world. Schools kill children's creativity not only by prohibiting mistakes but by underestimating subjects regarding creativity so as art and dance. The speaker claims that this phenomenon occurs throughout the whole world since most countries consider the ultimate goal of public education is training professors, which requires not creativity but logic. Likewise, creativity is underrated since it is not essential in industrialized society. What jobs require defines people's value. Artists and musicians make less money, so they are less needed. Following society's common demand of intelligence, university naturally changed into the job training center. The presenter strongly argues that this view on education should be viewed differently. For example, ADHD is defined as an attention disorder, yet if we change our attitude toward it, we can find that people with ADHD are talented in bodily activities such as dancing. In conclusion, the author asserts that humans' future depends on whether they adjust their new concept of the education system which can lead to the flourishing of humanity.
 Even if the presentation was taken more than ten years ago, his idea is determined to be true. Also, the problem he mentioned is still not settled in Korea. What estimates people's value is the university and the specialty they majored in. Korea has not adapted to the fourth industrial revolution, concerned with computing technology that needs creativity. Exams in schools are taken not to give students motivation to study but to exclude them from success. Students in Korea are not ""studying"" but ""memorizing"" technical terms that they never understand. How could they make software and A.I.s though they have never created something new throughout their whole life? It is essential to reconsider the nature of the study.",13,2021-02-15T01:43:53Z
iG9CE55wbtY,UgwPBReooMyxsgH39iJ4AaABAg,Sept. 2018 and we still haven't fixed it that's sad and I can speak from experience cause I'm in 5th grade but nothing has changed and I'm learning drastically less than when I was in kindergarten,10,2018-09-18T01:10:01Z
iG9CE55wbtY,UgjyIkFtyO6uWngCoAEC,What bothers me a bit is that people still don't consider the sciences and mathematics to be creative forms of intelligence. He also never mentioned the incapability of schools to  cater to the uncontrollably curious minds.,15,2017-01-21T18:05:22Z
iG9CE55wbtY,UgxZbPt6IjxfjdcBfDl4AaABAg,"This is SOOOOOOOOOO AMAZING!!!!!
Thank YOU!!!! SO MUCH for spreading THIS IDEA!!! It's a TREASURE! 💛💛💛💛💛",3,2023-05-04T08:53:39Z
iG9CE55wbtY,Ugz7ElH-nMF-G7VDmBh4AaABAg,This video is mind blowing..... We need more Ken Robinsons in this world today.....,7,2024-04-11T09:04:27Z
iG9CE55wbtY,UgwXyI3TT6_8iUUwVYB4AaABAg,I worked with students in 7th and 8th gr reading recovery. One of their greatest hinderences to learning  was that they were so discouraged. We discovered that we needed to help them recover their hope and enjoyment in learning and discussing their ideas first. Once they had done this their attitude toward school in general improved and their joy in learning rose. It was wonderful to   be their teacher.,0,2025-02-18T02:00:58Z
iG9CE55wbtY,UgyW-ceYxahITlD0Nfx4AaABAg,"By killing Creativity we also have killed the audacity of Trying, of experiencing new things, of failure, and it is through failure where innovation is found.",1,2025-10-17T15:33:24Z
iG9CE55wbtY,UgyP8NrKiYQRTktF5MJ4AaABAg,"Schools kill everything. Mental health, happiness, peace, confidence",1,2025-04-04T10:08:58Z
iG9CE55wbtY,Ugx0y0mPWwANJ26Kk0B4AaABAg,This TED talk never gets old … R.I.P Sir Ken Robinson,0,2023-06-04T06:19:38Z
iG9CE55wbtY,UgzBqlJCaSzIFKhpiJN4AaABAg,"18 years ago wow, I feel so inspired by the person in this Ted talk, I feel as though we need these types of professors more than ever in this educational epidemic",0,2025-03-08T20:28:55Z
iG9CE55wbtY,UgwFJ8b7CGiborsnSvh4AaABAg,"Brilliance, humorously delivered. Pure genius.",2,2023-01-26T08:47:21Z
iG9CE55wbtY,Ugx0eClVEGBglMVPEF54AaABAg,I think that is Jeff Bezos in the crowd at 15:02 lol,2,2025-06-10T17:37:16Z
iG9CE55wbtY,UgxwRMJhCms6PPiDGfF4AaABAg,Love his sense of humor. So don’t mind returning occasionally!,0,2025-07-02T03:54:27Z
iG9CE55wbtY,UgzTWDhaYLgOEXyl5aR4AaABAg,"18 years later and this TED talk continues to be relevant, enlightening and very informative to the issues our education system has and how to fix it if taken to heart.",0,2025-03-14T03:49:25Z
iG9CE55wbtY,UgxVRI7jie5w09hRWTp4AaABAg,JEFF BESOS at 15:00 ?,0,2026-01-19T23:01:56Z
iG9CE55wbtY,UgxIyY9RElM0-G-Z-JF4AaABAg,In my humble opinion. this is the best talk anyone has ever given.,2,2024-12-06T06:42:16Z
iG9CE55wbtY,UgzOmLSg5lAHz1Sx6dd4AaABAg,17 years has passed but still the situation is same in our society,1,2024-09-12T16:26:56Z
iG9CE55wbtY,UgxnVbbhzNmYDUwGL5F4AaABAg,14:58-15:03- pretty sure thats jeff bezos laughing in the green sweater,2,2025-02-19T16:25:22Z
iG9CE55wbtY,UgzMDzmD9JMQXbHFf7N4AaABAg,man this ted talk is older than me. now im sitting here writing my own speech on this exact topic because nothing has changed 🫠,1,2024-12-13T08:43:27Z
iG9CE55wbtY,UgzMVN5EAgJjTj47XW54AaABAg,18 years passed still the same!! 🙃,1,2024-10-26T12:52:02Z
iG9CE55wbtY,UgwgUtIoEBlb6bUjI3d4AaABAg,felt like a stand up comedy,2,2023-10-08T07:08:27Z
iG9CE55wbtY,UgxolGYO_srheoWg6AZ4AaABAg,Watching this in October 2024.,2,2024-10-28T23:28:00Z
iG9CE55wbtY,Ugyk88NJyZrASnD80Mh4AaABAg,thank you for your work,1,2026-01-11T09:51:54Z
iG9CE55wbtY,UgxRe4imvSQKk6xxht14AaABAg,"I have been watching TEDs for a very long time, lots of them. This is the single best talk ever!",1,2023-05-08T20:48:08Z
iG9CE55wbtY,Ugygyhr650i6sxlZzgN4AaABAg,Maybe the greatest speech in human history,1,2025-11-02T07:27:49Z
iG9CE55wbtY,UgwqSYoXs6LRni0CQsZ4AaABAg,"I have seen that laugh before, it has to be the amazon guy 14:58",1,2025-07-18T07:40:51Z
iG9CE55wbtY,UgykvV00NUvok4phbXZ4AaABAg,"I will never tire of hearing this talk year after year! Thank you Ken! Big hugs from Lima,  Peru  ❤",0,2025-03-08T19:25:08Z
iG9CE55wbtY,Ugwt1gy0zhA15AJI0Jx4AaABAg,2025 and I watch this every now and again... Sir Ken is a legend 🙌,0,2025-07-12T10:08:30Z
iG9CE55wbtY,UgxeLN1281Y778tciNB4AaABAg,"A coworker and I were discussing the current state of education. He referred me to this TED Talk, and I am so glad he did. It's amazing to me how the problems from when this was released are still very much relevant today.",0,2024-09-27T19:22:43Z
iG9CE55wbtY,Ugxs-vgZIjm70aOIbHh4AaABAg,15years ago and i just found it today ,0,2022-12-07T20:37:24Z
iG9CE55wbtY,Ugx6-sY1yw1BxZDy2zt4AaABAg,In the first 5 minutes there's a couple of good things that he says and a lot of okay or very bad jokes that the crowd is going crazy over,1,2023-10-20T20:30:36Z
iG9CE55wbtY,UgwnJNdMuNNITwZluHN4AaABAg,17 years and still watching.,0,2024-06-15T11:01:21Z
iG9CE55wbtY,UgynQCkiknUN1UTEfLd4AaABAg,Only saw tonight Ken Robinson passed away August 2020. Very sad to hear. What an entertaining and knowledgeable speaker. RIP.,0,2023-05-25T19:55:46Z
iG9CE55wbtY,Ugy-aIJiHThOZi5jRk94AaABAg,I still think this is the most important TED Talk to date.,1,2025-03-13T20:45:49Z
iG9CE55wbtY,Ugw_oelx8PLRHv8IJpV4AaABAg,had to watch for a class.  great video and you are absolutely correct!,1,2023-10-09T17:09:52Z
iG9CE55wbtY,Ugw8a-HjQekeWzAoCkN4AaABAg,18 years already 😮,1,2025-07-17T16:25:38Z
iG9CE55wbtY,Ugx79v3ij69qQglBhZh4AaABAg,"It's just so refreshing all these thoughts would occur to me while I was preparing for my entrance exam after 13 years of school where I excelled but wasn't good at any other activities most of my classmates were academically weak they would be looked at as dumb and stupids but now things have changed and they are striving in what they do they all have talents, I used to paint but stopped after failing some competition now I've restarted to sing, to dance, to paint, to learn and all this my way not what schools or boards or academics thing but I do know how I'll survive in this competitive world",2,2024-06-11T19:05:30Z
iG9CE55wbtY,UgxcSp3aIuPrRjF9fmh4AaABAg,20 years since this has been uploaded and NOTHING has changed,1,2026-01-07T16:56:15Z
iG9CE55wbtY,UgyzEoWit_jkhaefPKZ4AaABAg,What a presentation. Message delivered with humor and moving stories ❤,3,2022-10-07T21:35:51Z
iG9CE55wbtY,UgxVewURBED9_hod15l4AaABAg,We need his ideas more than ever!,0,2025-12-25T09:53:46Z
iG9CE55wbtY,UgxSWyxDuPjOYYoW1wV4AaABAg,My teacher made us do a presentation on a Ted talk. I chose this one,1,2023-11-21T19:11:58Z
iG9CE55wbtY,UgzfwVVyaIxDB67A4054AaABAg,Wonderful I loved it!  I’ve always felt like I’m more creative than intellectual and it can be hard to find an outlet and a stable career with those talents.,0,2023-06-11T20:56:32Z
iG9CE55wbtY,UgxLImTvs81NPfSwDBJ4AaABAg,"Wow 17 years ago nothing has changed 
Man I gat to think about my life😢",1,2024-10-13T21:34:42Z
iG9CE55wbtY,UgwoKeAD5omsR20woWV4AaABAg,"Seeing this talk for the first time, but this is why I pulled my kiddo out of public school in 2nd grade and fostered her creativity. He explains it so well. What a gem!",0,2025-02-07T17:42:33Z
iG9CE55wbtY,UgwVLE5mF37k2yEvg9p4AaABAg,2 decades still relevant!,0,2026-01-22T11:29:53Z
iG9CE55wbtY,UgyGZC_J-GjDl0l2vEV4AaABAg,14:57 was that Jeff bezos in the crowd laughig hard ?!,0,2022-10-25T14:55:22Z
iG9CE55wbtY,UgwR4zmA5wfKNxxpB814AaABAg,As a teacher myself this talk educated me more than anything I ever learnt in teacher training college.,0,2024-08-07T15:41:20Z
iG9CE55wbtY,UgwgFE81Pn15fssSZZF4AaABAg,"I strongly agree with Sir Ken Robinson’s argument that schools often limit creativity by valuing certain subjects more than others. I especially related to his point that students gradually become afraid of making mistakes, even though taking risks is essential for creative thinking. As a student who is interested in art, I have felt that artistic subjects are sometimes considered less important than academic ones at school. I also found the story of Gillian Lynne inspiring because it showed how recognizing different talents can completely change a person’s life. Through this video, I learned that education should respect diverse types of intelligence and help students develop their unique strengths rather than forcing everyone into the same standard.",1,2025-12-23T13:03:27Z
iG9CE55wbtY,UgwbJf7KcBN80EFucDZ4AaABAg,Sir Ken was a light in the shadow of an outdated educational paradigm. RIP😍,0,2025-08-22T16:56:19Z
iG9CE55wbtY,UgynmSahhotxjVVJuft4AaABAg,"Man, I love the intro to the video",1,2024-03-01T08:33:50Z
iG9CE55wbtY,Ugy2KyiQohhiBsvZ0jt4AaABAg,"19:10 ""By the way, we may not see this future..."" RIP Sir Ken. A true Legend.",0,2024-04-21T08:19:32Z
iG9CE55wbtY,Ugw7lQr9vwXModxBgRx4AaABAg,Leí en un libro sobre conferencias que está es la más visitada de la historia de TED,0,2025-09-11T05:29:07Z
iG9CE55wbtY,UgzP6FcWxDKgoljMWEl4AaABAg,18 yrs later still nothing has changed.,0,2025-12-11T16:15:15Z
iG9CE55wbtY,UgxvY8urkPp-QGDfab94AaABAg,Well I can say I lost my creativity after school,1,2022-10-12T14:28:11Z
iG9CE55wbtY,UgwoYlCUh7ZZ72iiL6p4AaABAg,"The best path isn’t to “never go to school,” but to not depend only on school.",1,2025-08-31T05:39:19Z
iG9CE55wbtY,Ugz1VGEiTShqd3t-cKd4AaABAg,The fact that this video was dropped when i was born and it matches with todays reality perfectly,1,2023-11-05T19:51:24Z
iG9CE55wbtY,UgxMaciFIslmrFmnjIp4AaABAg,this made me feel better as a 22yr old almost graduate.,0,2023-11-03T04:14:15Z
iG9CE55wbtY,UgzI7KS12kfA3tMpufV4AaABAg,He’s totally right.  Education is wrong from the top down!,2,2023-01-16T01:45:47Z
iG9CE55wbtY,UgxRMVvEKnYE_EmIRxt4AaABAg,16 years has pased and he was right and still relatable,1,2023-05-15T03:23:27Z
iG9CE55wbtY,UgyRG5gjj_nibCbOec54AaABAg,18 years later am here today,0,2025-12-22T06:58:33Z
iG9CE55wbtY,UgwKDIrFHx9ql-PSfVx4AaABAg,It has been 18 years. I. Am. Suffering.,0,2025-11-30T02:16:39Z
iG9CE55wbtY,UgwKABHpAZ4Tf73AJid4AaABAg,"I used to draw pictures of princesses with Cinderella dresses and long flowing hair, all the class thought I was very good at them, the curious teacher wondering why everyone was coming to see my drawing, frowned and said ‘Caroline there is no possible way that she would have legs as long as that under that skirt’ she didn’t say the drawing was good and I felt deflated as I was 8…… I wish I would have said all those years that she is wearing very high heels!",3,2024-07-30T14:38:45Z
iG9CE55wbtY,UgzwDzI9sg1BH-XPOCB4AaABAg,"What a wonderful, intelligent, warm human being. He is sorely missed.",0,2025-01-13T23:07:49Z
iG9CE55wbtY,UgyUMfQEQggs1Op5csZ4AaABAg,Most inspirational. Creative feels good. ♥️♥️🌹🌹,1,2023-12-11T14:43:34Z
iG9CE55wbtY,UgyRPK4HCMkeW_I0A5V4AaABAg,To date this is still one of the best talks ive ever seen,1,2024-07-12T12:58:45Z
iG9CE55wbtY,UgweRzuuKaLvc2Kwwd54AaABAg,this is the best ted talk I have watched,1,2025-01-05T22:44:11Z
iG9CE55wbtY,UgzGWHvABYHCskxup6h4AaABAg,"wow great work, and couldn't believe this video is 15 yrs old... 
Good job, appreciate it",0,2022-11-15T15:28:54Z
iG9CE55wbtY,UgxmTu403n-aeQYpcX14AaABAg,Jeff Bezos laughing his head off in the audience at 14:57,1,2025-10-29T02:49:18Z
iG9CE55wbtY,UgwoOt-CsIrhVsXpgRB4AaABAg,"Ken knew in 2006 that we were screwed and nobody listened to him smh he was WAY ahead of the times with his knowledge 

May he RIP",1,2023-01-12T05:15:05Z
iG9CE55wbtY,UgyWnWfoQ4WEf4SWlwh4AaABAg,Brilliant on so many levels...,2,2023-06-15T22:26:41Z
iG9CE55wbtY,UgyVV_xEn8WW1HSrg3h4AaABAg,Sir Robinson‘s speeches are of eternal value…,0,2025-01-19T15:50:05Z
iG9CE55wbtY,UgyBPDV9raiiQr_G5uZ4AaABAg,"That's not fair, she was a Senaca lady... I met her in a Big Lots, she used to work @ the Casino !!!",1,2022-09-30T05:07:39Z
iG9CE55wbtY,UgwMS2_Mr8j1Cpu-YsF4AaABAg,Sarah was watching this TED Talk fuming,0,2026-01-20T17:11:00Z
iG9CE55wbtY,UgxifRqCN3Y0hhN93hF4AaABAg,R.I. P Sir Ken. I told myself that I’ll meet you one day but I never got the chance. Your work inspired me to do mine. I’m thankful ❤,1,2025-07-17T12:53:35Z
iG9CE55wbtY,Ugwo_O4gsRhPW8yAK4J4AaABAg,one of those videos I have to watch every so often to remind me what a sane intelligent principled thoughtful altogether wonderful public figure looks like,0,2024-06-28T09:14:21Z
iG9CE55wbtY,UgxSUmZk-65TjgIQ7ah4AaABAg,"18 years later,  and it seems nothing has changed",0,2025-08-24T01:55:39Z
iG9CE55wbtY,Ugw8rBmvhzE16_6BrMJ4AaABAg,By far one of my favourite Ted talks.,1,2023-12-02T03:58:13Z
iG9CE55wbtY,UgwKBs9wZ5GlmeMJPTx4AaABAg,absolutely brilliant: so deep yet witty !,0,2025-01-07T22:07:51Z
iG9CE55wbtY,UgwIIlpFAjC0RV5g2C54AaABAg,True… it has reached its final line..,0,2025-01-19T15:56:17Z
iG9CE55wbtY,UgzMcTdHIwAJCg5LXRh4AaABAg,"Jeff Bezos @ 14:59, laughing in the middle of the audience.",2,2024-03-06T22:58:34Z
iG9CE55wbtY,Ugxfcdw7HKIaZ96g5Z14AaABAg,"absolutely fantastic, spot on",1,2024-01-10T07:08:23Z
iG9CE55wbtY,UgzRQzT0EfJabjRu4j54AaABAg,This talk was both humorous and relevant. Love it.,0,2023-02-03T00:53:14Z
iG9CE55wbtY,UgzxB5tC8STy7Xu5WKR4AaABAg,This is a fantastic talk on the importance of creativity in education. Sir Ken Robinson’s message is both profound and inspiring.,1,2025-08-12T23:15:56Z
iG9CE55wbtY,UgzHtacgdx3DwR6JAFl4AaABAg,"This video was uploaded in 2007, its been 18 years and nothing have changed",2,2025-07-03T10:06:34Z
iG9CE55wbtY,Ugw5D87iZG4vZHI_LOV4AaABAg,Best TED Talk of all time hands down. Keep returning to rewatch it and the education system is even more obsolete with LLMs.,0,2023-06-24T10:15:17Z
iG9CE55wbtY,UgwiueCd4z2f6OL6fG94AaABAg,This deserves all the love in the comments.,0,2025-11-17T20:29:32Z
iG9CE55wbtY,Ugy3w5-rKTMrzaHizSl4AaABAg,I saw Jeff bezos in the crowd laughing😮😅,1,2026-01-06T01:30:00Z
iG9CE55wbtY,UgwF9QKwPpXBZTz6BMN4AaABAg,"Rip air Ken Robinson, thank you for this Ted 🙏🙏",1,2025-01-01T00:59:31Z
iG9CE55wbtY,Ugyla3XkqPLRsWEunMp4AaABAg,This is one of my favorite TED Talks,0,2024-08-27T03:40:26Z
iG9CE55wbtY,Ugy9RQ93qc1a2MGm_8l4AaABAg,this video changes my life! Thank you 🙏,0,2022-11-20T04:26:20Z
iG9CE55wbtY,Ugyxqqon3dTgiLcwYYp4AaABAg,"My goal in life is to speak as articulately, purposefully, and engagingly as this man right here…(The humour would just be an added bonus)",1,2025-08-26T16:37:26Z
iG9CE55wbtY,Ugxg4ZN29BdZEsqcUx94AaABAg,Rest in peace  Ken Robinson. You made a great change to education,0,2023-09-28T16:13:36Z
iG9CE55wbtY,Ugxvk9CMekAOsDcsJDd4AaABAg,15:00 did i just see jeff bezos laughing🤣,0,2022-10-25T21:10:33Z
iG9CE55wbtY,Ugyi4m52wDQkAcEX9TR4AaABAg,15:00 is that Jeff Bezos laughing???,1,2025-09-12T18:26:48Z
iG9CE55wbtY,UgwQlTITnsrAyXehK8t4AaABAg,From Switzerland with love.,0,2025-09-06T20:07:12Z
iG9CE55wbtY,UgydAd2Sn0fEf6C7jw54AaABAg,"Such a brilliant talk. The story he told about the dancer and her discovery of her gift was so powerful! What if we didn’t give people the advice to numb that which makes them special, and instead gave them support to grow their talents behind their wildest dreams? What would this world look like? We must move out of the vibration that lowers the value of creativity and into the vibration that truly understands the power of creativity, and the unlimited potential that exists to humanity when we combine creativity with intellect.",7,2022-11-03T19:00:13Z
iG9CE55wbtY,Ugy6lPJiDJXbhxGZFXB4AaABAg,"Thanks Sir Robinson, the great inspiration for teachers and others of course.",0,2022-12-27T08:16:26Z
iG9CE55wbtY,Ugyuyli09_EFZ32apYx4AaABAg,An incredible speech way ahead of its time. Thank you Sir Ken.,0,2023-11-26T16:16:49Z
iG9CE55wbtY,UgxNGlAObGcyL47qZ2t4AaABAg,14:57. Jeff Bezos laughing uncontrollably. :0,2,2025-02-02T04:23:23Z
iG9CE55wbtY,UgzIgZTqXZlCzjVT1xF4AaABAg,At 14:50 you can see Jeff Bezos in the crowd laughing his head off.,1,2024-01-26T17:23:59Z
iG9CE55wbtY,Ugxl84MnuuSJtkMb6cF4AaABAg,Wonderful Thought Provoking Talk !,0,2025-08-07T13:24:54Z
iG9CE55wbtY,UgxZ8vYQauVAxFjgl0p4AaABAg,2023 TED talk enjoyers here?,2,2023-09-11T18:18:44Z
iG9CE55wbtY,Ugwx91RdlfNBUb2Zs_J4AaABAg,This is the best TED talk ever ... Sad to see this gentleman go.,0,2025-06-08T20:06:44Z
iG9CE55wbtY,UgxZSlOYCo0z-4_lnUR4AaABAg,Best speech I've ever heard,1,2024-03-18T13:36:24Z
iG9CE55wbtY,UgwLFmf4WisumyD_CuF4AaABAg,Creativity is being killed by making children scared of making mistakes.,1,2022-10-06T21:24:44Z
iG9CE55wbtY,UgzUI7qyydDFtlCW37N4AaABAg,I came back because I was too depressed to study.,1,2025-07-02T13:31:33Z
iG9CE55wbtY,UgwY3LBCkCaIbMD6R6d4AaABAg,"Sad to know that this was 17 yrs ago 😢a friend of mine was diagnosed with ADHD. He is now studying college and has had a hard time going through school his whole life. His mom was worried about him,probably thinks he is a tricky kid to handle. He drinks often,and he seems to feel like a failure in life most of the time. On the other hand, he is EXTREMELY talented in martial arts and maybe dancing too (according to how naturally he can dance and move to a song). I just cant help thinking how different his life could be had he met the doctor that Gillian was brought to. It seems that he is not treasured for what he is naturally good at and blamed often for what he is not good at (studying under the current educational system, in Asia)",0,2024-07-16T13:16:27Z
iG9CE55wbtY,Ugw46VUV310Efzk3ZPd4AaABAg,Amazing presentation... Much needed one...,0,2023-02-12T13:40:42Z
iG9CE55wbtY,UgyeGRFjG1ffuvwaW-l4AaABAg,these hit during 10th pd english,1,2024-08-18T15:09:25Z
iG9CE55wbtY,Ugzzwut2Kw8Zvfc4pQN4AaABAg,I just searched his name to know him and his works more only to find out he is not alive anymore..really devastated me😔😔,0,2023-07-11T11:01:51Z
iG9CE55wbtY,UgyMut-M8VbKzvXuZwR4AaABAg,14:56 is that jeff bezoz?,1,2025-12-25T10:35:06Z
iG9CE55wbtY,UgzK25jl-f3SSdRomal4AaABAg,Anyone in 2026?,2,2026-01-07T16:59:36Z
iG9CE55wbtY,UgzJVW9c4hiBoXQwD7l4AaABAg,This video is still relevant and pushes us to rethink an education system that is slowly failing. We need an education system that values mistakes and encourages creativity. We are still operating within the same outdated structure and mindset.,0,2025-12-30T07:22:08Z
iG9CE55wbtY,UgwcX_aS4KiO0bz7xcZ4AaABAg,this was the first and best ted talk i've ever seen,0,2023-11-12T08:35:11Z
iG9CE55wbtY,UgzlW2fK2PXDpTYiVq54AaABAg,Speaking as a teenager in 2024. The education system needs a change 😢,2,2024-11-20T18:34:52Z
iG9CE55wbtY,UgwSAL_qFwLf1o30oKV4AaABAg,This TED talk has aged profoundly well. I really wish our schools would catch up 😢,1,2023-10-25T21:33:29Z
iG9CE55wbtY,Ugw3J7634EnA7eUE8Fd4AaABAg,17:14 move to think 🤔 how true....,2,2024-10-10T08:16:14Z
iG9CE55wbtY,Ugx_zxJVJU9_L96km_p4AaABAg,I come back to this talk over and over. So brilliant.,2,2024-09-20T18:06:59Z
iG9CE55wbtY,UgwZagdFz2ldChVppbF4AaABAg,"The best Ted Talk of all time. Just as relevant, if not more, than it was years ago. Eye-opening and enlightening.",2,2024-01-30T23:28:14Z
iG9CE55wbtY,UgzCE1VKfQzrX__V4fZ4AaABAg,"His words really got to my heart. Everything he said made me think and reflect. Indeed, many people do not think about the importance of education, but it is worth remembering that life doesn't finish with education and it is not only in education that we should improve. Thanks for these valuable advices and examples.",0,2024-04-22T12:04:56Z
iG9CE55wbtY,UgzJN_6VFsAsSssf5FR4AaABAg,This man was a genius.  A true educator.  How I miss him!,0,2023-02-22T09:54:01Z
iG9CE55wbtY,Ugwl8t1TE6yjpX8Jv754AaABAg,So so relevant even after 18 years !!,1,2024-09-01T11:46:29Z
iG9CE55wbtY,Ugwa6fTCaVMF611NAw14AaABAg,"I love this talk and totally agree that society tends to stifle creativity. Now (2025) with the advent of AI, human creativity is even more important.🤔",1,2025-12-30T19:08:38Z
iG9CE55wbtY,UgwfrCkmucG0VCIhTmZ4AaABAg,14:59 Is that Jeff Bezos in the middle?,1,2025-06-07T11:06:06Z
iG9CE55wbtY,Ugw-edOJXt0m3SgyJId4AaABAg,"Once  Year  I always go back to this .
RIp  Sir Ken Robinson.",0,2024-07-11T22:30:16Z
iG9CE55wbtY,UgwQwK8Z2xGFJHLi1bR4AaABAg,Absolutely brilliant!,2,2023-09-01T18:28:11Z
iG9CE55wbtY,UgxeEsND85H5_zqUol94AaABAg,"I watch this every now and then and I always laugh like it’s the first time I saw it. What an incredibly smart human Sir Ken was.

Imagine a world where people like him were leaders of countries.",1,2025-04-25T02:19:16Z
iG9CE55wbtY,UgzMa5OkqcWrY6E6SJJ4AaABAg,"I love this quote:
How could you be  at  peace with others if you're at war within yourself .",0,2024-09-02T09:39:34Z
iG9CE55wbtY,UgyoSQx7KnemUz5Eq8Z4AaABAg,"Sehr hilfreich, vielen Dank!",0,2025-05-27T11:53:04Z
iG9CE55wbtY,UgzRDZrpY3R3XTd0olh4AaABAg,This was the one of the  best  talks  i have  seen . 100 %  better than whole the teachings of school and College.,1,2024-01-02T14:51:59Z
iG9CE55wbtY,Ugz27P4v86IBv_ERCSx4AaABAg,"To this day, the ultimate talk on education, period.",0,2023-07-13T11:26:05Z
iG9CE55wbtY,UgzDZPLBv3H2ubbQFMJ4AaABAg,That's what we need to learn,1,2024-02-23T03:06:18Z
iG9CE55wbtY,Ugw9-nb6HqzY5t6uRyp4AaABAg,Thank you for the validation of creativity in education!!!,1,2023-02-03T21:40:40Z
iG9CE55wbtY,Ugxh4HxQJz3nj50abid4AaABAg,This is the most watched TED Talk!,0,2025-06-04T02:24:10Z
iG9CE55wbtY,Ugxap8c9mRPWDt383jZ4AaABAg,@14:58 Jeff Bezos in the audience 👀,1,2025-12-26T04:16:53Z
iG9CE55wbtY,Ugyffn7kXAf_-wFgI7x4AaABAg,As my Late Great Father said… “Schooling got in the way of my Education” Kevin Grogan,1,2024-01-19T00:20:29Z
iG9CE55wbtY,UgyF3ghum33qmnf9lNV4AaABAg,"真正的勇气是明知道自己会错，但依旧选择做下去
The bravest thing a man could do is to prepare to be wronged",1,2024-07-01T15:54:16Z
iG9CE55wbtY,UgzIPp5_sX5XiYyJrtx4AaABAg,"It needs to change, and thanks for all your humour in your delivery as well.",0,2024-05-21T18:00:25Z
iG9CE55wbtY,UgzZ9O0hW5LNr96Xsul4AaABAg,Always refreshing to watch.,1,2024-11-09T19:36:14Z
iG9CE55wbtY,UgxY6YQ2I5koV1L4tx94AaABAg,Its 2025 and woahh nothing changed,1,2025-02-01T05:52:54Z
iG9CE55wbtY,UgxPisy4a-F9i0dp53B4AaABAg,I'm impressed that YouTube already existed in 2007...,2,2023-03-25T03:46:54Z
iG9CE55wbtY,UgwLtbN3oRb6S23yFg14AaABAg,"Watched this for the umpteenth, and I can try understand why it has been the most successful TED talk ever, it is simply brilliant.",0,2024-02-16T10:05:51Z
iG9CE55wbtY,UgxQGuw_8MrKg4MIv_l4AaABAg,"eighteen years later, still no changes. Shocking.",0,2025-10-27T14:19:14Z
iG9CE55wbtY,UgwokAydXjpS_CwVM7x4AaABAg,"Loved this , very insightful .",0,2023-01-04T13:39:48Z
iG9CE55wbtY,UgzgzO_QdiJR1SMoKdB4AaABAg,Sense of humur never gets old!!,1,2022-12-16T04:55:03Z
iG9CE55wbtY,UgwbytaxJaNB1W_SKAt4AaABAg,"It is 2024. Nothing has changed. A lot of people graduated from colleges and universities and now we have a society that questions if the world is round, among other foundational things.",4,2024-09-03T21:52:11Z
iG9CE55wbtY,UgzJrCCd0gDCPtAYlzJ4AaABAg,16yrs and still debates go on around the world and the problems he talked about still exist in indian education right now where i live,0,2023-05-13T17:24:11Z
iG9CE55wbtY,UgxNOyi8i8Ms_kAKWst4AaABAg,Prepare to be wrong! Thats another level,0,2025-01-01T12:54:23Z
iG9CE55wbtY,UgxnLVWKYwuHknFhUaV4AaABAg,Anybody in 2025? My first TED talk for the year ❤ Happy New Year,0,2025-01-01T11:40:55Z
iG9CE55wbtY,Ugy9MUFrsUU9niJO-eF4AaABAg,I think this kind of humour is an expression of high intelligence. Genius!,0,2022-10-02T00:09:00Z
iG9CE55wbtY,UgySd2ggR1osIAJCDb94AaABAg,Did anyone else see jeff bezos in the crowd at 15:00,2,2025-02-04T00:36:35Z
iG9CE55wbtY,UgzGHGuIxAYPT-csDZF4AaABAg,Amazing .Ken spoke at Knowsley in 1980. Fresh as a daisy still. Rip Ken. Phil n,0,2024-02-11T23:33:45Z
iG9CE55wbtY,Ugzod7qZSgMH5cWDYHB4AaABAg,One of the best TED talks ever....,0,2026-01-10T23:45:56Z
iG9CE55wbtY,Ugx6lmR1d4IWZNrumF94AaABAg,"17 years have passed. That is the worst case scenario, could we be able to  prevent it in the future?  Our society need not  extraordinary capacities that our chilren have",1,2024-05-13T14:31:11Z
iG9CE55wbtY,Ugx7EJnEO-2sxHpdCPp4AaABAg,So real!!! Thank you for your work!,1,2024-05-28T20:34:36Z
iG9CE55wbtY,UgxdCKxMgMrTf8UTrzt4AaABAg,"Sir Ken, I wish I could’ve met you. I wish I could’ve shown you what I’m doing. You changed my whole world when I was in college and now I have a non profit that is doing exactly what you want.",0,2025-10-09T05:56:24Z
iG9CE55wbtY,Ugx3RRByk6VkCZS4U3x4AaABAg,This Ted Talk is so influential that I heard it in middle school and high school and college lol,0,2023-01-12T05:04:22Z
iG9CE55wbtY,UgyA1S3mMoIW9TVHz1V4AaABAg,Great stuff - thank you,0,2026-01-18T19:33:42Z
iG9CE55wbtY,Ugz9bGx2sAn8jI42T6p4AaABAg,I am from 18 years ago. This was my first Ted Talk. He has a second part. Also a book about this Ted Talk.,0,2025-02-06T23:41:44Z
iG9CE55wbtY,Ugx92e4AU2ETdVyiDlZ4AaABAg,This was very educational and entertaining.  He was so funny.  Amazing job.  R.I.P.,0,2025-03-06T16:39:21Z
3XA0bB79oGc,UgwwLs2muSua8EPFNFB4AaABAg,"It's all about perspective.   Suddenly, he realizes that a few falls and stumbles isn't going to stop you from being happy",3276,2018-10-10T17:20:05Z
3XA0bB79oGc,Uggnq5r_w94-qHgCoAEC,do you ever just cry,2269,2016-09-01T16:48:49Z
3XA0bB79oGc,UgxpXALRU0rZPXAXCc94AaABAg,"In my opinion, I think the mom got him the dog so he can realize that he's not alone with his one leg, and that even though he's missing a limb, he doesnt have to be unhappy.",1009,2019-11-17T19:53:14Z
3XA0bB79oGc,Ugzt-o4Qb7LbhxqSru14AaABAg,If you take a close look at 1:48 you can see Oscar does not have a left leg even before the ending.,243,2019-12-06T22:43:08Z
3XA0bB79oGc,Ugh2FzK7iALn4HgCoAEC,Tears to my eyes.  Just beautiful.,903,2016-12-26T12:32:06Z
3XA0bB79oGc,UgywsjsQxrK3F79vngZ4AaABAg,"Well, good one. 
I was raging at the beginning about the boy's reaction. 
But the ending got me. 
Not emotionally touched, but made me realise how quickly I judge other people's judgement. 
Good work",3284,2019-03-19T19:46:15Z
3XA0bB79oGc,Ugi1ICvQ7XwXvngCoAEC,It's really wonderful and heartwarming.,965,2016-06-20T18:54:26Z
3XA0bB79oGc,Ugy5BSK1qCO1I5SjmAx4AaABAg,A kid in my class said “what if he falls”,0,2026-01-23T04:00:56Z
3XA0bB79oGc,UgzgIxHadCO5A90t3ex4AaABAg,Who is in 2025 ?,733,2025-01-22T15:40:30Z
3XA0bB79oGc,Ugz9D7QtLixUa8421CB4AaABAg,I liked this story but did it trigger anyone else that HE DIDN'T CLOSE THE DOOR??,1280,2019-04-24T16:21:32Z
3XA0bB79oGc,Ugy2anTTjYrd2NhOnUd4AaABAg,"Me: Beginning: YOU ARE SUCH A MONSTER


Me: End: AAAAAAWWWWWW",857,2019-06-09T15:58:50Z
3XA0bB79oGc,Ugxfnsh1xy1r5TRAitR4AaABAg,"(When boy kick the puppy)

Me: YOU JUST BLOODY KICK THE PUPPY!!!!!",391,2018-08-07T22:48:41Z
3XA0bB79oGc,UgwEql_ty_RYJd77pKh4AaABAg,"You know what's amazing about this? The fact that in just one second, all our perspectives about the boy changes in an instant. We all thought it would be a stereotypical boy who seems to play inside too much.",340,2020-06-13T09:13:45Z
3XA0bB79oGc,UgxOKQencWgj9dIIqGN4AaABAg,ik yall are watching this for school work,144,2025-11-11T11:45:18Z
3XA0bB79oGc,UgwZiuCFpEbYFos01XN4AaABAg,"for the people who don't understand why the kid is so angry at the start, the short hints that the kid thought his mom got the dog to mock him (he says ""you gotta be kidding me"") and you have to realize a child like this will grow up with so many constant reminders of their disability. so he essentially thought this dog was just another way to remind him he's disabled, but he eventually realizes the dog is there to show him that his disability won't hold him back.",246,2019-10-03T18:12:28Z
3XA0bB79oGc,UgxTu6heAzkPDcaJg8N4AaABAg,The mother is a brilliant psychotherapist indeed!,133,2019-09-05T12:04:14Z
3XA0bB79oGc,UgxTqd9arvK-SB9Ng4x4AaABAg,a big applause who created this👏 👏,219,2019-06-20T03:55:52Z
3XA0bB79oGc,UgwJK1brIg9b3LRq81d4AaABAg,who remmebered this and came here 2024,166,2024-10-10T05:52:00Z
3XA0bB79oGc,Ugy2eNsGhHJzKaXQc8d4AaABAg,His mom is the queen of dark humor💀😭,18,2024-11-20T19:49:14Z
3XA0bB79oGc,UgwCijRm6Eloc0_d1yJ4AaABAg,watching this at school for a project. most of us cried.,72,2019-04-11T04:46:21Z
3XA0bB79oGc,UgxwX8TANtdgyqUaarR4AaABAg,This teaches us that 1st impression about people is not always right.,11,2020-04-29T16:05:32Z
3XA0bB79oGc,UghSjCxR3lVPTHgCoAEC,Great work! Love the film.,74,2016-07-02T17:13:30Z
3XA0bB79oGc,Ugx1OsslfMAEgS5_fhR4AaABAg,"ı dont understand why could people not liking this, its so sweet",31,2019-12-21T23:20:03Z
3XA0bB79oGc,UgyFe88C_Ei9uHJRsF54AaABAg,"몽글몽글,  But Awesome!!!",4,2026-01-14T09:08:13Z
3XA0bB79oGc,UgzB8aDNxYEy9B8vV4Z4AaABAg,"Such a beautiful  message, really pulls at the ole heartstrings. Love this so much.",64,2019-06-12T22:05:56Z
3XA0bB79oGc,UgzywjCjRgN2hN1aXOB4AaABAg,"I liked it, didn't see that coming. Simple but effective, well done.",256,2019-08-25T13:20:08Z
3XA0bB79oGc,UgxCl762c1ojk1O-OrF4AaABAg,Das ist sooo süß und traurig 😢😢😢😢😮😮😃😃,161,2017-10-01T21:45:38Z
3XA0bB79oGc,UgxnNcHitQkmh2T0jQd4AaABAg,"Seeing beauty in others is a reflection of your acceptance of yourself despite their flaws, disabilities,  or the events they have gone through ♡",7,2024-11-12T21:05:28Z
3XA0bB79oGc,Ugw8dfzkD-VK-YY7o6B4AaABAg,The nostalgia watching this video 6 years after is crazy🙏,1,2025-08-28T15:51:16Z
3XA0bB79oGc,UgwKmrPGAxnb5Lmu1fB4AaABAg,Every time when i see Animals in sad film...i miss my cat...she was...i can't 😭😭💔,170,2018-05-29T20:21:57Z
3XA0bB79oGc,UgzfvYA_bqTcsBFqOKl4AaABAg,I had a cat...had to amputate leg..4 ..days later..he was up on his feet wanting to play with me (and my sock...) 😀,65,2019-05-03T13:42:01Z
3XA0bB79oGc,UgxeXjL3qCdopPjzxEx4AaABAg,Im starting to think thr mom is mocking him for having one leg,8,2020-02-03T01:02:19Z
3XA0bB79oGc,Ugxsh4_7OuKyEyESuzR4AaABAg,"Such a touching film. The moment when the mother brings the dog to her son really hit me. It’s a beautiful reminder that even in difficult situations, there’s always a way to find joy and meaning.",1,2024-11-17T13:13:36Z
3XA0bB79oGc,UgySmnCKqPv79aiqZk54AaABAg,I wanted this from my school now I am watching it at home again,1,2025-12-26T20:03:14Z
3XA0bB79oGc,Ugwh9p-nTMQ7AbCdI6J4AaABAg,love is beautiful. Tear to my eyes and my heart is warming. 😂,39,2019-08-13T20:10:00Z
3XA0bB79oGc,UgzFWHRVRO2HmaTawSh4AaABAg,sehr gutes Video 😊,38,2018-05-27T21:58:52Z
3XA0bB79oGc,UgywJxFeok8xxyvIKwR4AaABAg,i didn't even notice his leg at first,4,2020-04-25T06:06:05Z
3XA0bB79oGc,UgymwktlsiLvjleis1Z4AaABAg,The soundtrack from this cartoon still gets stuck in my head years later.,0,2025-05-14T23:21:33Z
3XA0bB79oGc,Ugzoy0HBwqGNyzRVp8Z4AaABAg,"IMO: The Mom got her son a dog similar to his disability to show him he is not alone. A loyal dog provides unconditional love with no judgements. As the son opens his heart to care for his dog, they will grow their love and happiness together. Even though the dog has a disability, he is still full of life.",66,2025-02-12T11:03:27Z
3XA0bB79oGc,UgyAuKrJK_6EzryJ54J4AaABAg,This kid even though he has a problem. Too needs to learn to not beat up puppies,40,2019-09-12T03:16:29Z
3XA0bB79oGc,Ugwg7RtQYXrbdETFSvF4AaABAg,Did anyone else’s teacher show you this?,65,2025-02-18T00:35:07Z
3XA0bB79oGc,Ugz8TO8Zk-HQDPL8-9h4AaABAg,1:32 me in the morning falling out of bed,10,2019-12-07T18:57:29Z
3XA0bB79oGc,UgxjnIyXvFNhkOw6Cpl4AaABAg,It's so beautiful. Be happy you two.,0,2026-01-18T15:11:13Z
3XA0bB79oGc,Ugw2P6weCwMvmV01O-d4AaABAg,"THIS TAUGHT ME ONE THING
NEVER JUDGE SOMEONE TOO EARLY
I FIRST SAW  AND THOUGHT THE BOY WAS BEING RUDE AND HOSTILE TOWARDS THE DOG
THAT MADE ME HATE THE BOY UNTIL I LEARNED THE REALITY ABOUT THE BOY",2,2026-01-14T18:28:20Z
3XA0bB79oGc,Ugws_FcbkOI-e8ydwXB4AaABAg,My teacher showed me this in school. It was adorable,6,2020-01-01T05:22:54Z
3XA0bB79oGc,UgjgkphPZtCtGngCoAEC,Richtig gut weiter so,11,2016-08-13T08:50:58Z
3XA0bB79oGc,Ugx9tauUxoSL2159KH94AaABAg,I CRY SO HARD every time I see this,6,2019-11-24T17:16:36Z
3XA0bB79oGc,UgzSNlZFuskZ20pDbFZ4AaABAg,I can only imagine how much the gift helped the boy! ❤️,0,2025-04-24T14:40:10Z
3XA0bB79oGc,Ugw4qZ-MKwT5XUDX28N4AaABAg,The main idea in this story is to not judge someone by how they look. They might become your best friend be for you know it................,52,2018-08-02T21:56:28Z
3XA0bB79oGc,Ugy_XNYqjqLatUPGaHp4AaABAg,"One of the best pets I ever had was a three-legged rat. She was missing a foreleg just like this puppy, but she never let it hold her back. She had so much lust for life that when she got sick and wasted away to skin and bones she still refused to give up and made a full recovery - something I have *never* seen a rat do in twenty plus years of being a rat owner.",4,2024-10-12T12:06:45Z
3XA0bB79oGc,UgyRHmWG1vbG-BnBm0Z4AaABAg,"Real good meaningful story, thank so much for a great job.",9,2019-08-14T10:49:19Z
3XA0bB79oGc,Ugxy9VmoHHXhbFlZL2V4AaABAg,"Vocês estão assistindo para trabalho escolar que eu sei // You're watching this for schoolwork, I know.",2,2025-11-12T13:29:21Z
3XA0bB79oGc,UgxWDqAPfIjquUKmQEh4AaABAg,마음이 따뜻해지네요,0,2026-01-22T16:35:52Z
3XA0bB79oGc,Ugwz8Viqc2yKty90_PJ4AaABAg,"Lol at first I’m like: *BRUH!!*

But then after I’m like: *Oh-*",10,2019-11-22T23:38:37Z
3XA0bB79oGc,UgzmRVVjRy2XFxHp-Cx4AaABAg,kids mothers shows him never giveup thing with that pup,7,2019-12-14T12:13:41Z
3XA0bB79oGc,Ugw9F-tDwTh5Ln6XaPR4AaABAg,"2:55 Who else was mad at the boy for being rude to the puppy and suddenly changed their mentality towards the boy here ? ? 
I didn't expected that he was also like the puppy ...😕",16,2019-04-07T08:49:32Z
3XA0bB79oGc,UgzaNXYcSYsPppS0PXN4AaABAg,"I used to watch this when I was young, and I never understood it too much. But now watching it, it was honestly adorable.",1,2024-07-17T01:22:46Z
3XA0bB79oGc,UgyE8hQubMl3oibq5DF4AaABAg,Interacting with a reflection of who you are could change the way you are.. lovely,1,2024-12-26T12:41:43Z
3XA0bB79oGc,Ugx1dIjmXP3hgeb13_B4AaABAg,Little did you know he's also has only one leg,4,2019-10-07T02:39:10Z
3XA0bB79oGc,UgwyeDnrlkinAyWtfll4AaABAg,i like how the boy got up from video games and played with the dog,3,2025-06-12T12:50:44Z
3XA0bB79oGc,Ugy0kdltzrQZWBHFpL94AaABAg,"When he kicks the dog
Me: yo if you dont stop kicking the doggie I will make you too twins!! All I need is a chainsaw and a sock full of quarters",6,2020-01-03T10:53:28Z
3XA0bB79oGc,UgzE0EozCOsjdZ3OLEF4AaABAg,I watched this for a school project and got so connected to this.,1,2024-09-24T12:39:18Z
3XA0bB79oGc,UgzupiL8mTc3oaPbe5J4AaABAg,Das traurigste und schönste Video was ich jemals gesehen habe 😢😢,2,2025-12-11T12:17:35Z
3XA0bB79oGc,UgxNaz8v1iofzW93v1l4AaABAg,The end explains why he hate that amputee dog.,28,2019-12-07T20:17:25Z
3XA0bB79oGc,Ugx5cW7T62tFTuTLhQN4AaABAg,"Wir hatten mal ne Katze mit 3 Beinen 
Trotzdem hatte ich sie seit der 1.sekunde an megaaa lieb",23,2017-11-11T08:36:43Z
3XA0bB79oGc,UgwGytXJvKjV70RzEkl4AaABAg,Imagine if only one person made this,11,2019-12-24T13:38:09Z
3XA0bB79oGc,UgwbQurY8jpNHgGRlPd4AaABAg,That is from my school homework dang!,2,2025-09-30T17:50:34Z
3XA0bB79oGc,UgwsmGDFzwDQahkzJzF4AaABAg,Thank you for the reminder of our humanity... Thank you!,0,2025-01-30T17:42:39Z
3XA0bB79oGc,UgxiKZVyyyOjlv1tu5l4AaABAg,"touching, but if he kicks another dog imma find his address ._.",7,2020-05-24T02:24:08Z
3XA0bB79oGc,UgxkpRd7SOllsbJYltZ4AaABAg,"Finally! Short, meaningful and not emotional movies! Fabulous! (Ignore that other thumb turned the wrong way...btw- not everyone in the world have thumbs.)",43,2019-08-14T03:20:07Z
3XA0bB79oGc,Ugy8g5SE4-rEvcHsSL14AaABAg,2:53 Seeing the boy also with one leg made me cry ❤❤❤😭,3,2025-07-23T20:01:12Z
3XA0bB79oGc,UgxlmdT5LA4-oy_INSh4AaABAg,this dog deserved better in the beginning like just because he is missing a leg doesn’t mean he still isn’t cute or fun to play with.,0,2024-11-02T13:02:21Z
3XA0bB79oGc,UgzoFU2TNRlqtbWpHA54AaABAg,Thanks for 1 million🎉 subscribers🎊my you tube family ♥️🎊🎉,0,2025-04-30T16:47:25Z
3XA0bB79oGc,Ugg2LWJoc7Ia23gCoAEC,amazing,9,2016-02-27T09:41:49Z
3XA0bB79oGc,Ugx49IwIxmaPlaNU3YN4AaABAg,"Oh my goodness, that was powerful!",4,2018-10-21T03:54:44Z
3XA0bB79oGc,UgzAxSUwOaBzMSwEDyh4AaABAg,these short film always have me thinking one thing then change my thoughts in a second with a plot twist! this is what plot twists are for!,2,2024-12-25T02:22:36Z
3XA0bB79oGc,UgxEBgjdba85UBhaKlB4AaABAg,Wzruszająca historia,1,2020-01-21T09:24:41Z
3XA0bB79oGc,Ugzv-wWcIemeT02gaMl4AaABAg,At 1:48 did anyone notice the boys missing leg?,13,2024-11-22T16:26:32Z
3XA0bB79oGc,Ugxjw9WxWeEzlS9RId54AaABAg,Because mothers know exactly how to help their children cope with trauma and grief. :),12,2019-12-12T06:53:12Z
3XA0bB79oGc,UgymLWMvzMKCSl7TVOp4AaABAg,Así se sienta la gente de capacidades diferentes,6,2019-12-14T01:10:52Z
3XA0bB79oGc,Ugxbgo6VrrlyfRXbfHl4AaABAg,Very important. A happy dog and a boy that needed help.,0,2025-08-24T02:53:43Z
3XA0bB79oGc,UgzxsGSA7nt_8uhKc8R4AaABAg,This puppy has one front leg just like the teenager boy has one leg they both turns out the same thing as they are then never!.,1,2025-12-17T23:19:57Z
3XA0bB79oGc,Ugwk8tCCwJzewxyY0E54AaABAg,"People judge, but I just want friends.",4,2019-10-03T04:41:53Z
3XA0bB79oGc,Ugx39AKeioPT5XbpsFF4AaABAg,"We watched this at school and we were each on our computers. Many students didn't wear headphones so at a moment, ALOT of computer started to say (mom, we'll be outside) one after another and then, students were LAUGHING SO HARDDD.",4,2019-12-12T02:23:12Z
3XA0bB79oGc,UghcLnXS7VGoUXgCoAEC,echt süß😂,10,2017-07-11T12:21:28Z
3XA0bB79oGc,UgxFSbS0xanMzcETjDV4AaABAg,What a sweet surprise and touching!,1,2025-01-25T22:34:33Z
3XA0bB79oGc,UgzDa0PvtmBI_ybLh0h4AaABAg,This is a very touching and thought-provoking piece of writing.,0,2025-03-30T18:00:09Z
3XA0bB79oGc,UgwN_CZ3BPserRdaw7N4AaABAg,"Una hermosa enseñanza de vida, jamás darse por vencido",4,2018-07-17T13:12:08Z
3XA0bB79oGc,Ugz2ODRmF_e7dikHiW54AaABAg,Best animation movie I have ever seen,5,2018-09-08T19:51:11Z
3XA0bB79oGc,UgzMsNet7E82WJb54DV4AaABAg,We reject in others what we cannot accept in ourselves.,3,2024-10-04T17:28:08Z
3XA0bB79oGc,Ugx64ogO7I-aSn9dODd4AaABAg,From depressing to realising that the boy has only one leg.,0,2025-10-17T00:55:22Z
3XA0bB79oGc,Ugxtl6e43kgHW-unzAR4AaABAg,I thought he f*cking broke off his leg when i first watched this.,2,2020-05-10T13:09:42Z
3XA0bB79oGc,Ugw7Yl0LLmLDhN72ktp4AaABAg,WHY DOES THAT BOY LOOK LIKE ME?!?!,4,2019-11-29T14:58:03Z
3XA0bB79oGc,UgwVdNbb6j6jtA3AYvB4AaABAg,*this* *video* *just* *melt* *my* *heart* ...,4,2019-11-07T18:16:50Z
3XA0bB79oGc,UgyJyrkk-IvfxgPbrWN4AaABAg,"Seeing the dog and the boy together, fills you with determination",28,2019-10-05T00:49:28Z
3XA0bB79oGc,UgzQNefNtVatMVg81kJ4AaABAg,such a touching film ,2,2024-09-26T12:30:33Z
3XA0bB79oGc,UgwszQJVT49TI4pf7y14AaABAg,"This was so beautiful as the first time I watched it, years ago.",0,2025-01-24T23:54:40Z
3XA0bB79oGc,Ugy2I69LYSK_EFaIwN94AaABAg,2024 anyone ??? ❤,15,2024-12-12T18:32:28Z
3XA0bB79oGc,UgxWRcT-dlA0fhapgU14AaABAg,Wow!  I thought he was just another Toy Story Sid-like brat then boom!  Heartbreaking and beautiful!,3,2025-06-10T03:16:51Z
3XA0bB79oGc,UgzR-B8NIW_z-duM0Nx4AaABAg,This shows how much dogs are loyal and beautiful than human!,34,2019-04-24T02:37:09Z
3XA0bB79oGc,Ugxq30WO2wqDJ3iyW0F4AaABAg,This is one of my favorite shorts. It gets me every time,1,2019-10-30T03:07:45Z
3XA0bB79oGc,UgwC-Q9mci2xnri0zal4AaABAg,why is this being recommended just now 😭 it’s 2020 now!,1,2020-01-12T01:41:25Z
3XA0bB79oGc,UgzdbbeWxBcGJzHgjtZ4AaABAg,this brought me tears in my eyes !😭,11,2019-08-11T02:25:41Z
3XA0bB79oGc,UgzvGngG5RX0l0iu8WJ4AaABAg,"it's just the beginning of friendship--where two being relate and understand each other, commonly because they have similarities and tend to teach each other lessons ❤❤❤",20,2018-09-20T04:53:48Z
3XA0bB79oGc,UgjTI6N9RyMbfHgCoAEC,wunderschön💜😍,6,2016-09-29T15:26:28Z
3XA0bB79oGc,UgyUYvNrNxdNjT24j2Z4AaABAg,"There is beauty in imperfections, its just a shame we cant see it in ourselves.....",1,2025-03-26T22:44:28Z
3XA0bB79oGc,UgwFOwi_795aZWXtaYt4AaABAg,Pobre perrito y bien lindo,1,2019-12-09T16:11:37Z
3XA0bB79oGc,UgxP7DWcqor3SetRdjB4AaABAg,"""The Present"" is a perfectly made CGI short film.  Indeed, the story of the film is that of a boy whose world has been completely changed with what seemed to be a defective gift , a puppy with the same disability as the boy, frustrated at first, but later he forms a sincere bond with the dog. This animation captures emotional power so well, without a lot of words but with clever visuals. It's a reminder of the beauty of imperfection. In addition, this video conveys a strong message of empathy, acceptance, and the pursuit of happiness even in situations beyond our control.",26,2024-11-14T21:21:59Z
3XA0bB79oGc,UgzI-dbpRXujZNzRGol4AaABAg,"Que hermoso 💗😍🌈
Me hizo llorar  :')
😢💗",4,2019-11-06T19:26:41Z
3XA0bB79oGc,UgyYPFP7X8u7P4CaIxB4AaABAg,"At te beginning I was so mad at him for judging the dog because he does not have another foot
..
Then when I saw that he acted like this because he doesn't have another leg I started crying",4,2019-10-02T13:03:47Z
3XA0bB79oGc,Ugy82vciw1KvhcayS1N4AaABAg,I HAVE NEVER CRIED FOR A SHORT FILM IN MY ENTIRE LIFE. BUT THIS SHORT FILM.... IT MADE ME TEAR UP. BEAUTIFUL SHORT FILM. A GREAT MASSAGE. I JUST LOVE EVERY SECOND OF THIS. This will be my feel good short film for the rest of my life.,1,2025-07-03T13:15:22Z
3XA0bB79oGc,Ugyo-9JvvHeUWnzX8Ux4AaABAg,the mom gived the boy some one it tells us that hes not alone,2,2020-05-07T10:27:22Z
3XA0bB79oGc,UgyRutSR-Wh6HGla0cF4AaABAg,"When i saw that dog with one leg missing then the kid is missing a leg, i couldn't help but burst in tears!",115,2019-12-27T08:01:48Z
3XA0bB79oGc,UgzEg6w1QxJ4RZc1P5t4AaABAg,I never get tired of this anime.....watching again and again....🥰,4,2020-01-03T10:43:29Z
3XA0bB79oGc,UgiUrD82zh7JlHgCoAEC,Great!,4,2017-07-18T12:26:20Z
3XA0bB79oGc,Ugzn7ovMHGrlxo1QYgx4AaABAg,"He was focused on games instead of the dog with 3 legs, but he forgot he missed his leg-",0,2025-12-06T15:19:42Z
3XA0bB79oGc,UgyygcTqVUhTldc-uvJ4AaABAg,I loved all the three characters in this short film.,1,2019-10-26T17:49:05Z
3XA0bB79oGc,UgzSJBtooKaRJ2NN6xF4AaABAg,Aaaand my heart has melted out,3,2019-11-26T16:53:50Z
3XA0bB79oGc,UgyRCyU7ClNBrTTvwEJ4AaABAg,"For me, disabled puppies are cute",29,2019-12-17T08:24:14Z
3XA0bB79oGc,UgzU69ei0Yt7vVBoUPl4AaABAg,Poor dog! I would love a dog like that. ❤,4,2019-12-08T04:47:33Z
3XA0bB79oGc,UgxDIplNo_a1BtUgyzh4AaABAg,What a beautiful movie! We all need to be reminded of the fact that your life is still in your hands despite that people being mean sometimes. 😊,0,2025-10-19T10:37:36Z
3XA0bB79oGc,Ugw3cXKDT_w7QgCbC8R4AaABAg,Ooh wasn't expecting that but it explained his initial reaction,0,2019-11-03T02:29:54Z
3XA0bB79oGc,UgwxShWMH94K4gMLBbN4AaABAg,Dog's struggle makes me cry. It's  heart touching.,16,2019-05-24T11:45:01Z
3XA0bB79oGc,Ugz-Jr9xc2xcBJ9gOkB4AaABAg,Simply beautiful...,5,2017-08-19T23:19:54Z
3XA0bB79oGc,Ugx0zaIh_ehPlijvafl4AaABAg,It kinda bugs me how the door is left open at the end,30,2019-04-04T19:23:38Z
3XA0bB79oGc,UgwVoGCv1K6-tdhhLW14AaABAg,What a delightful story with an unexpected  twist,0,2020-03-27T17:02:56Z
3XA0bB79oGc,UgyWOGWrvhzttg4R4i94AaABAg,Love this so cute beautiful video 😍. ✌️🍀✨💖🙏🏼,1,2020-01-24T01:47:51Z
3XA0bB79oGc,UgwMJYIrVchO_ZfdzZd4AaABAg,Who else 's teacher sent this BTW the dog is adorable,35,2024-08-26T06:22:44Z
3XA0bB79oGc,Ugxv_L7R2uz9aLeUGPd4AaABAg,Just beautiful! Made me realise how blessed we are and how there is beauty in love! Always!,41,2019-05-21T06:55:16Z
3XA0bB79oGc,UgzrRXCsLpvsmWTff5Z4AaABAg,"For the people who found this comment, this a reminder for the dog that the boy hated when the dog lost a leg, he realized that the more he kicks it away, the worse it could get from getting the dog upset and hate him, it was also a reminder that he also lost a leg too, thats why he basically got off of the game and went outside to play fetch with the dog (If i got this right, please let me know if i accidentally stole someone's comment or i got it wrong, and if i did neither or both, i apologies)",10,2025-03-19T02:01:23Z
3XA0bB79oGc,UgwF2M1sPF0J71YEYXB4AaABAg,I didn’t expect to cry from a 4-minute video… this was beautiful 😭❤🐾,1,2025-07-07T07:19:41Z
3XA0bB79oGc,UgxK1l5JwjyT17vId6t4AaABAg,To think that I have to present this character tomorrow at the start of the school year...,1,2025-04-27T18:35:44Z
3XA0bB79oGc,Ugw5Sjly4XQdZ2LyIjd4AaABAg,This is so great. Hook me up if you're ever looking for a composer!,9,2019-05-22T09:25:00Z
3XA0bB79oGc,Ugg53rJvNG9703gCoAEC,"Klasse gemacht ! Der Hund mit den ""drei Beinen"" war genau das richtige Geschenk! Wünschte mir manchmal es wäre so einfach die Kids von der Play Station oder dem PC und ihren ""SPIELEN"" wegzubekommen.",44,2016-02-10T19:25:44Z
3XA0bB79oGc,Ugzz-bdAXj_NHUYu0eV4AaABAg,"The video is understandable, it made me remember a story I've read before. Also, sorry to make a pun for now, couldn't hold myself.. Here comes the pun:

This video is sponsored by XBox and Lays.",5,2019-12-23T14:41:41Z
3XA0bB79oGc,UgxI2a17BJuE_d_RG2N4AaABAg,Not many films affect me emotionally. Who'd a thought that an animated short would have me choked with emotion and teary-eyed.,2,2019-12-20T21:16:26Z
3XA0bB79oGc,UgyhIdq3pq8wPDVeYs14AaABAg,I keep watching this and I keep crying every time my tears are going to make a lake ;-;,2,2019-11-03T05:51:23Z
3XA0bB79oGc,UgynvLYI7O3H9lxjBpN4AaABAg,Anyone else 2024,12,2024-10-29T00:23:56Z
3XA0bB79oGc,UgyVuY_cRKX-GhNZgVR4AaABAg,I just love it when someone realized what they need is just in front of them they just need a try and a big positive mind,10,2019-10-10T14:38:51Z
3XA0bB79oGc,Ugx5_SUmA5ewWGPn3rd4AaABAg,Damn. Had me going from anger to tears in a half a second.,8,2019-06-21T22:09:16Z
3XA0bB79oGc,Ugxa2lRcGldAO1lVGkd4AaABAg,I’ve watched this in school already 1000snds of times and I almost cried,0,2020-03-29T16:18:30Z
3XA0bB79oGc,UgynzHB4d-tha1hzhFJ4AaABAg,So cute,1,2019-12-11T20:04:00Z
3XA0bB79oGc,UgxK3JzdND2trYoYQYJ4AaABAg,Any one watching 2025 ❤,3,2025-03-11T19:52:48Z
3XA0bB79oGc,Ugwbp0oIkMahRAmun8d4AaABAg,"I gotta get rid of these Onions, they're killing me >.> :)",14,2019-05-01T19:01:32Z
3XA0bB79oGc,Ugzmc-qkFNjapE1l6tt4AaABAg,Anyone 2019??,4,2019-11-18T15:06:31Z
3XA0bB79oGc,UgzJS4nkYvC-1b9GtL14AaABAg,so we're just gonna forgive him for literally kicking the dog ok,2,2025-06-14T04:54:58Z
3XA0bB79oGc,UgzTb8frNYgYNljegbF4AaABAg,His mum is the queen of dark humor💀,0,2025-05-27T10:14:51Z
3XA0bB79oGc,Ugw68qfcHfHzg5itNkZ4AaABAg,It does not matter if you are unique or different because if you have a disability like the dog and the boy it does not matter and he was mad about the dog because it reminded him about his leg❤❤,4,2024-10-02T01:33:45Z
3XA0bB79oGc,UgjFSQ29wQB7KHgCoAEC,great video. Can anyone tell me what is the song at the end,22,2016-10-06T09:28:22Z
3XA0bB79oGc,UgzsDLy-lmLrHNSRY-54AaABAg,"When the kid say ""Get lost"" to dog and i say in my head ""Hey kid you get lost long time sucker""",11,2019-12-20T20:09:56Z
3XA0bB79oGc,UgxR-rE-EzzMOn8I7Bd4AaABAg,Nice! When you live in the present you get happy! 😀,1,2024-11-30T04:55:42Z
3XA0bB79oGc,UgzAKaQ3BaEyxbC_R-t4AaABAg,"Start: mom gives dark humor

End:  happy",0,2024-12-02T15:29:41Z
3XA0bB79oGc,UgyIhdjj3fjCigp_omZ4AaABAg,I was crying... Sad and beautiful😭❤️,10,2019-09-28T20:05:48Z
3XA0bB79oGc,UgzQLu7ODWS8ZGLdg9J4AaABAg,😢😢😢😢😢😢😢😢😢😢😢😢😢😢😢😢😢😢😭😭😭😭😭😭😭😭😭😭😭😭😭😭😭😭😭😭😭😭,7,2019-12-20T18:20:49Z
3XA0bB79oGc,UgzbX_CFcG_TlXuFPQB4AaABAg,Why would you not like a dog because it didn’t have a leg?,12,2019-12-26T04:41:30Z
3XA0bB79oGc,UgxxiL2ScKQe_X4Fg0Z4AaABAg,Still loving this film !  Beautiful ❤️,0,2019-11-16T11:12:01Z
3XA0bB79oGc,Ugz9cnSy2hGt5Ybt0QR4AaABAg,sublime genial trop beau,0,2020-05-20T14:26:41Z
3XA0bB79oGc,Ugy3AjkLJmeeZkUzocp4AaABAg,"Happy Ending but the start the boy is a bastard








Hes still a bastard when is Happy ending",13,2019-10-27T23:40:06Z
3XA0bB79oGc,Ugx62GG52YjVTOXwZEN4AaABAg,The beginning was shame at him but then :D He knows how to treat this cute doggy but shame that he broke doggy's leg,5,2019-11-09T15:51:01Z
3XA0bB79oGc,UgzkX8ZvvzTC4nqgd-54AaABAg,Moral: Dont judge a book by its cover,9,2019-12-12T03:52:25Z
3XA0bB79oGc,UgzmSAbKPTVogaA13W94AaABAg,top tier content right here,1,2025-12-17T11:18:16Z
3XA0bB79oGc,UgwYd3uw18fsJheJnfJ4AaABAg,I cry every time i watch this.,0,2019-12-01T16:11:52Z
3XA0bB79oGc,UgzT5VBsuPAfSfwyfSB4AaABAg,0:10 me thinking he’s in a war and a present is a care package 💀,4,2024-09-21T03:00:05Z
3XA0bB79oGc,UgzB0SpiQik3FiqTK1x4AaABAg,It expresses how people love who they are.,0,2019-10-28T21:30:33Z
3XA0bB79oGc,Ugyfd_CyPxvNCRRw3d94AaABAg,You don't have no way because he's cute 1:05 😢❤❤❤❤❤,5,2025-02-06T20:50:54Z
3XA0bB79oGc,UgyfRe-y2-OBDE4wJp94AaABAg,2019?,9,2019-10-13T07:16:18Z
3XA0bB79oGc,UggDoQboTQoF8XgCoAEC,I love this movie!!!,5,2016-09-25T07:48:51Z
3XA0bB79oGc,UgwOmMQ2CIK3OremvVZ4AaABAg,Awwww this video  shows to be kind to everyone in this world  no matter how they look,0,2019-11-12T01:52:16Z
3XA0bB79oGc,UgwY81WXOYAwS-j5ftB4AaABAg,Sometimes things make you smile and cry at the same time,0,2024-07-26T06:03:51Z
3XA0bB79oGc,UgzF21SPXIhkRVFk8El4AaABAg,"Omg guys this video just touched my heart, that's so sad because the both don't have a leg and it's happy because it's sweet to take care of somody",7,2019-08-20T02:33:11Z
3XA0bB79oGc,UgxXJkfMyu_HMFwkx354AaABAg,"He is an xbox player. Not good enough
🥺 ps4 for life",3,2019-12-02T22:25:37Z
3XA0bB79oGc,UgywkuRkq7wUkFwlsw94AaABAg,Oh dear youtube thank u for show me this.,4,2019-04-21T19:45:27Z
3XA0bB79oGc,UgwhNF_TNvCWnRU2IZh4AaABAg,Ese video casi me ase llorar,1,2020-01-23T23:13:18Z
3XA0bB79oGc,UgxiwLpXRbzs-HZnMGN4AaABAg,Mess with the pupper and you won’t be home for supper,2,2020-01-22T01:20:13Z
3XA0bB79oGc,UgzqmC1gc-ZzMN1l6Gd4AaABAg,This is adorable I cry everytime I watch this,5,2019-05-16T14:50:47Z
3XA0bB79oGc,Ugx2VdLQjiUfAMRq8hJ4AaABAg,"I rewatched it again for many times, and every time I've always crying at ending.",5,2019-09-13T07:59:22Z
3XA0bB79oGc,UgxwJttaBFtFfgRa_yN4AaABAg,It went straight in my heart. Thank you 🙏,4,2019-06-21T09:01:54Z
3XA0bB79oGc,Ugz0H8RO-B9fSC448Wl4AaABAg,the mom has dark humor,0,2019-12-03T15:03:35Z
3XA0bB79oGc,Ugxrn-TsYlWvOPM4vxN4AaABAg,"""The present"" is a short film. Indeed, the story of the film of a child whose world has completely changed to the time before, now that in the current time, material things are valued more than affectionate things.",2,2024-12-01T17:29:31Z
3XA0bB79oGc,UgxuUFbduvON82C-KK94AaABAg,Can't allow a disability to stop you from enjoying the real gift . Life,5,2019-06-24T21:26:44Z
3XA0bB79oGc,UgxzKUq7bb7c-PDRQip4AaABAg,"This:
14 y-old girls: ""oMg sO dEeP""",9,2019-12-29T13:50:09Z
3XA0bB79oGc,UgzND30aLrcxII7Ejeh4AaABAg,It touches my heart :( im lucky to be normal :<,5,2019-10-03T13:14:55Z
3XA0bB79oGc,UgwTVy_EPxbomNAuhvR4AaABAg,울면 안돼...,1,2026-01-14T19:57:16Z
3XA0bB79oGc,UgyA5N_o_Kgx2VWVwYB4AaABAg,So sweet and a good example of what can people with disabilities can enjoy.,0,2025-12-11T16:04:06Z
3XA0bB79oGc,Ugzn5uVAplumMof6o414AaABAg,I cried so hard. I judged too fast! :(,4,2025-11-16T11:40:39Z
3XA0bB79oGc,UgilrS4MlUGYGngCoAEC,"it's familiar, based on a comic?",17,2017-02-27T09:53:15Z
3XA0bB79oGc,UgzlkTrQG-EfUcIyVW54AaABAg,"In 2019 I thought that Avengers End Game would make me cry...
Now I realize its this...",7,2019-04-11T07:27:30Z
3XA0bB79oGc,UgzUR8nIvp3wivGLxbF4AaABAg,Beautiful! That's it,0,2019-10-26T12:52:27Z
3XA0bB79oGc,Ugz8BZWt95lm0giKVvB4AaABAg,I like the boy,1,2020-03-10T03:58:49Z
3XA0bB79oGc,Ugy7D20yHk4rMmnxEOx4AaABAg,I am not crying...its just water...is someone cutting onions 😭😭😭,4,2019-08-18T12:42:09Z
3XA0bB79oGc,UgzU9PmEHjg_jxLlWyN4AaABAg,this animation was testing your anger and giving you lesson first the boy doesn't like the dog and that makes you angry and but in the end welp your happy! so dont judge a book by it's cover and the lesson to is stop playing gadgets instead spend time playing with friends or animals,11,2019-08-16T14:47:16Z
3XA0bB79oGc,Ugw9Gvf1CZtAEKyzvRB4AaABAg,"It breaks my heart when I see animals with disabilities. However, they are better than us when they live happy without complaining.",5,2019-06-29T18:13:39Z
3XA0bB79oGc,UgwvqrvewuZrrn2t4ZF4AaABAg,Beautiful message❤❤❤,0,2024-12-25T17:27:49Z
3XA0bB79oGc,UgwUDOA6JCJANF30uZR4AaABAg,"I’m not crying,are you?",0,2025-12-08T17:27:21Z
3XA0bB79oGc,UgylJr8LRHBn6PlrpUB4AaABAg,seeing him hurt the dog is making me want to murder him.,6,2019-10-13T01:25:38Z
3XA0bB79oGc,Ugw5l7v2rBTLvrCan4t4AaABAg,A kid would never just throw a dog to the ground just because it’s missing a leg like him.,5,2018-10-19T02:40:22Z
3XA0bB79oGc,Ugwd4v33K4GWyNDuwRl4AaABAg,Humanity is the biggest present anyone can get and can present it to anyone,8,2019-04-12T11:47:14Z
3XA0bB79oGc,UgyJYzrBIXji-AMVh2F4AaABAg,I love how playful this feels — really fun! 🎈😄,0,2025-11-29T17:45:56Z
3XA0bB79oGc,UgzVkZbjBcbHmBzSNxx4AaABAg,I have saved this video to ''come again'' playlist....,0,2019-10-23T16:14:55Z
3XA0bB79oGc,UgwnoGsbMU12dtZumLt4AaABAg,This teaches us that 1st impression about people is not always right.,3,2025-12-11T02:19:29Z
3XA0bB79oGc,UgyzlfHnIAQcptFCjSl4AaABAg,"shorturl.ca/lovesex326snapx



වෛද්ය පීඨයේ විශ්ව ඔහියෝ යටතේ දැඩි",9,2020-06-04T06:20:09Z
3XA0bB79oGc,UgzKq9PCxUF1wrsFpvN4AaABAg,The happiest person in the world is not one who has everything he wants but who knows to smile in front of every obstacle. Live life,174,2020-02-08T15:44:12Z
3XA0bB79oGc,UgwO1nZscKaMz98cI5t4AaABAg,That wasn't expected. Great story.,0,2025-01-12T20:37:46Z
3XA0bB79oGc,UgwityyposnyeTMAe8l4AaABAg,"The short is so sad you don’t even know what comes first you see the dog like then one lake out, but then you see the boy in the end realizing he doesn’t have one too. It’s so sad but perfect.",0,2024-09-15T03:59:04Z
3XA0bB79oGc,Ugxmw37D82O1G88S0gp4AaABAg,*You have no idea how many times i did see this vid in school*,0,2019-11-14T00:53:58Z
3XA0bB79oGc,Ugxmp8EcqK_W918CsyB4AaABAg,This often pops into my mind from time to time ❤,0,2025-02-22T18:32:02Z
3XA0bB79oGc,UgzVMtAl2liCVwL9pUV4AaABAg,Wonderful video 💕💕💕💕💕💕,0,2019-12-19T07:47:26Z
3XA0bB79oGc,Ugy0AdOv_1dpPBCHQtB4AaABAg,THATS THE MOST PERFECT DUO,0,2025-06-06T20:06:44Z
3XA0bB79oGc,UgzOOQoi_VWYEBwodgB4AaABAg,He would never treat a dog with missing feet like that unless he have a missing feet too,1,2019-11-02T22:29:59Z
3XA0bB79oGc,Ugxj2eAKQcW09Da92Sl4AaABAg,"That is such a beautiful storyline, well done",0,2020-05-23T12:59:33Z
3XA0bB79oGc,UgzT5e9W0K2VNvsyP3l4AaABAg,Dog taught him to be happy without a leg,0,2025-08-15T14:59:23Z
3XA0bB79oGc,UgwXz6oZHosOAZQbZQB4AaABAg,Wow I’m touched,1,2020-03-16T03:56:09Z
3XA0bB79oGc,Ugws3Pltu9OuU6y52594AaABAg,I feel bad for the boy,1,2020-03-10T04:02:07Z
3XA0bB79oGc,UgxlC1RyMAgM6t56GcN4AaABAg,"They had us in the first half, not gonna lie.",0,2019-10-14T16:55:51Z
3XA0bB79oGc,UgwlSTClo9_QEigIYvh4AaABAg,PLOT TWIST: th boy was bit by that dog😮😮,1,2025-03-30T07:31:35Z
3XA0bB79oGc,Ugyf-y9Xo4-uZsBMk814AaABAg,Who else noticed on the kids controller it was supposed to be Xbox but they changed it to Ybox,1,2020-01-28T08:05:34Z
3XA0bB79oGc,Ugzffr02cXoWQhHAB8p4AaABAg,Such a beautiful video,0,2020-07-15T08:04:16Z
3XA0bB79oGc,Ugy5fP1qd26A8SQKv814AaABAg,i have to watch this for my homework,0,2025-12-14T19:05:52Z
3XA0bB79oGc,UgzC9wc5XYzFTpAFM1F4AaABAg,I loved that story it touched my heart,1,2019-11-30T14:36:32Z
3XA0bB79oGc,UgyXY8gaSfCWz2ECTgB4AaABAg,"Beautiful ending, couldn't have done any better",0,2020-05-11T23:23:40Z
3XA0bB79oGc,Ugx8oIoIYFg6hlH2g9F4AaABAg,I'm looking for my childhood- found it!,0,2025-08-31T17:13:51Z
3XA0bB79oGc,UgxFgt0q8ydxgzYqSZF4AaABAg,I used to watch this as a kid,2,2025-01-17T06:36:00Z
3XA0bB79oGc,Ugy5dAeKrLZz3loEl-N4AaABAg,J'adore  c'est trop bien 💜,0,2020-05-01T16:18:43Z
3XA0bB79oGc,UgyBZ0qLtISTqw7H8nZ4AaABAg,"I was watching it with poker face, coz teacher said to watch. And when the boy stood and got his crutches I couldn’t stop my tears. Idk how did it work.",1,2025-02-12T08:15:46Z
3XA0bB79oGc,UgyVohhme2TSdkFXL3x4AaABAg,I watched this at school once. Great animation.,1,2019-11-10T23:56:55Z
3XA0bB79oGc,UgyX8vJsXR8kTP0frmF4AaABAg,I love it so much thank you for putting this on YouTube,0,2025-04-15T21:22:45Z
3XA0bB79oGc,UgyCDKjeywYYki17d1F4AaABAg,"I've seen drawn version of that story somewhere not so long ago, and now this...

Life, just tell me one thing: you want me to cry all the time? Because this is damn touching.",2,2019-12-26T04:37:12Z
3XA0bB79oGc,UgxFNbm654rJbh1dcRN4AaABAg,"Sometimes it's necessary to remember that the way we see the world is often a reflection of how we feel about ourselves. It's natural that, when we're hurt or feel incomplete, we withdraw into our own frustration and reject what's around us. However, true resilience isn't about being perfect, but about the ability to move forward with enthusiasm despite our scars. Ultimately, learning to accept ourselves with all our flaws is what allows us to stop seeing limitations where others see opportunities to start over. This ability to transform our personal story is what truly allows us to heal; it's not about ignoring what hurts, but about ceasing to see ourselves through the lens of our shortcomings. Being emotionally well doesn't mean we don't have scars, but rather that we've learned not to let those scars dictate who we are. When we manage to look at our own vulnerability without so much judgment, we stop living defensively and begin to notice that there are always new ways to connect with others and with ourselves.",0,2026-01-11T17:45:19Z
3XA0bB79oGc,Ugz1vn42cj7tTTF6ko14AaABAg,😥😪and beautiful music 👌,0,2019-11-04T22:13:29Z
3XA0bB79oGc,UgzPmL3XEo7yMGPaqs54AaABAg,So heartwarming. ❤️,0,2024-11-21T19:36:12Z
3XA0bB79oGc,Ugz7rI-g7ImRsqDh8714AaABAg,What a lovely film,0,2020-06-06T04:14:40Z
3XA0bB79oGc,UgzxTlDpr68Jv7IogKZ4AaABAg,Thank you you give me shadowing,1,2025-11-21T00:29:17Z
3XA0bB79oGc,UgyBIn-PIUTQXptRGOV4AaABAg,Que bella historia dale like si te gusto,1,2019-12-10T18:17:54Z
3XA0bB79oGc,UgyZ-e4a4NtU05oOQi54AaABAg,"Him: Push doggy 

Me: *LISTEN UP YOU LITTLE SHIT-*",0,2020-01-05T19:01:15Z
3XA0bB79oGc,UgwRor6mbj6Qqm74PGZ4AaABAg,short and great!,1,2025-11-03T02:30:21Z
3XA0bB79oGc,UgwGyiWd3DmzF-Fvvi94AaABAg,heart touching ❤good video,0,2025-03-05T07:50:29Z
3XA0bB79oGc,UgzSTEBQDISM0esilDp4AaABAg,Real ones had to examine this in primary school,0,2024-09-06T20:47:40Z
3XA0bB79oGc,UgzUdGjdU4Njkz7frGR4AaABAg,"Simple. Beautiful. Heartwarming. Brilliant.

Oh, and we don't deserve dogs.",2,2020-01-28T22:01:59Z
3XA0bB79oGc,UgybZ5Au5zEBFhx0KeV4AaABAg,welp im dying of cutness/sadness/happyness now,0,2020-05-28T10:00:24Z
3XA0bB79oGc,UgzxeFieiI5mdCoPAtx4AaABAg,So sweet!,0,2019-11-22T14:58:31Z
3XA0bB79oGc,UgyNOmA29Mo_M_bGaSx4AaABAg,My teacher played this for our class and we were way to unserious for this 😭,1,2025-07-31T02:31:38Z
3XA0bB79oGc,Ugweb7IQ4KDq61N2CEV4AaABAg,Bro why the heck do i have to voice this for school,1,2025-03-18T11:57:07Z
3XA0bB79oGc,UgxcBCEMKiu3LcC6R2p4AaABAg,Beautiful,0,2019-12-28T14:15:28Z
3XA0bB79oGc,UgyxCvlfO7SyzkX5FqN4AaABAg,Very Cool!!!,0,2019-10-13T22:33:52Z
3XA0bB79oGc,Ugx7NwruvTv-EekTizF4AaABAg,Should be rated A+ .,0,2025-12-18T10:16:42Z
3XA0bB79oGc,Ugz97UmH7NYmc4xlw8B4AaABAg,I love the film..!,0,2019-12-23T01:34:11Z
3XA0bB79oGc,Ugws-iFCNTOogADwCpt4AaABAg,Beautiful,0,2020-03-13T14:54:50Z
3XA0bB79oGc,UgyqxIXooc7ACSIHZa94AaABAg,I love animals energy they're full of hope joy happiness and enthusiasm,0,2024-11-02T01:46:12Z
3XA0bB79oGc,Ugwvah9sxzn0_T8xJoR4AaABAg,"What a sweet and touching story!
Hats off to the person who made this..",0,2020-04-25T16:01:21Z
3XA0bB79oGc,Ugz6PgiyVrrqzARgJ8h4AaABAg,Its a very good shot movie dedicated to all the unhappy people who are sad because of missing something you never want....😊,1,2025-01-02T08:19:46Z
3XA0bB79oGc,Ugxu-OJ_HecG3g4ytdV4AaABAg,Beautiful song at the end,0,2019-10-16T04:43:16Z
3XA0bB79oGc,UgxDlWQVpYcLdTmFtHt4AaABAg,it makes so much sence now,0,2020-05-08T19:49:04Z
3XA0bB79oGc,UgwE5F_4pf718f3vDod4AaABAg,Superb graphics,0,2020-01-05T01:36:54Z
3XA0bB79oGc,UgzzsIsBriZjrJHphOZ4AaABAg,"I RECOMMEND THIS SHORT FILM BECAUSE IT TALKS ABOUT A THREE-LEGGED DOG, ABOUT FRIENDSHIP AND INCLUSION. IT'S GERMAN, BASED ON A BRAZILIAN COMIC BY FABIO COALA.",2,2025-10-06T17:40:50Z
3XA0bB79oGc,UgxHyVTjDKzSLfQiieF4AaABAg,"i love the dog, despite not being mine",0,2019-11-07T10:44:11Z
3XA0bB79oGc,UgwLxjfz3rF6Lnq-g2B4AaABAg,2025 gang!,1,2025-01-23T11:54:59Z
3XA0bB79oGc,UgyZd7QJLrpMFIE1bEZ4AaABAg,Wrote this up at school and it is emotional and moving,0,2019-12-29T15:56:02Z
3XA0bB79oGc,UgxZ-kFSEo7Dq1_dOnt4AaABAg,This is NOt me crying over a video...What a great story. <3,0,2025-08-06T19:26:41Z
3XA0bB79oGc,UgyzmRkd8bx4vdpyvFJ4AaABAg,Que buen corto me ha hecho llorar y todo casi,1,2025-06-12T10:52:11Z
3XA0bB79oGc,UgwqdrzwckjDBs5WWAt4AaABAg,my favourite short animated,0,2019-10-29T19:08:46Z
3XA0bB79oGc,Ugz-UKTg-D9d1rkyYBJ4AaABAg,Perfect 👌🏽.,0,2019-11-08T15:16:06Z
3XA0bB79oGc,UgyjGbVG-uKrLTXH_rF4AaABAg,"Fabulous,,, really,, ✌",0,2019-11-14T17:23:44Z
3XA0bB79oGc,UgyjqmAe5uNVI8LDaPF4AaABAg,who's cutting onions,1,2024-12-23T21:57:36Z
3XA0bB79oGc,UgysrirKQ9NGB5dnBYB4AaABAg,Great one👌,0,2019-12-08T06:54:03Z
3XA0bB79oGc,Ugxfgz9uky7btcCuO-x4AaABAg,So cute!,0,2026-01-11T19:31:28Z
3XA0bB79oGc,UgyK5v1Wo4gzhbChVPt4AaABAg,"Essa é uma das minhas animações preferida 😍, tanto aprendizado 💚",0,2019-12-29T13:03:50Z
3XA0bB79oGc,UgwDhZ3b_6CKHeP_ruh4AaABAg,800 Jhon Wicks dont like  the beginning,0,2020-01-05T12:11:00Z
3XA0bB79oGc,UgyFNC3oQiZci43T1DJ4AaABAg,That's so deep......,0,2019-11-15T13:14:21Z
3XA0bB79oGc,Ugyb74oyYHoyF9cnebF4AaABAg,Absolute cinema ✋🥲🤚,1,2025-10-17T19:50:46Z
3XA0bB79oGc,UgzPS-jZlC_hTFooo6R4AaABAg,I love animals energy they're full of hope joy hapinness and enthusiasm,1,2024-11-02T01:49:47Z
3XA0bB79oGc,UgyLf_6G-SRXNA-x3tR4AaABAg,QUE LINDO ES  ESTE. VIDEO,0,2019-11-29T16:27:02Z
3XA0bB79oGc,Ugx61KaK1f1mvMn6XOZ4AaABAg,Put me in tears!,0,2019-12-21T00:00:49Z
3XA0bB79oGc,UgzoB0z-njiE0THL4h94AaABAg,"Cara me acabei aqui, já estava triste ver isso cara que lindooo",0,2020-01-08T01:47:28Z
3XA0bB79oGc,UgwYSefl_WRZgCAKlcF4AaABAg,great story!,0,2024-09-12T18:19:14Z
3XA0bB79oGc,Ugwgz0sp5jpJpZIzxRJ4AaABAg,Watched this with my students and they all bawled 😢😢😢,0,2025-06-21T01:51:54Z
3XA0bB79oGc,UgzkkM-Y4gsnBsCNdu14AaABAg,I loved itt,0,2019-12-10T23:54:36Z
3XA0bB79oGc,UgzhageqMA-fWUj8wdp4AaABAg,i love this animation,0,2020-05-01T00:05:36Z
3XA0bB79oGc,UgwK8WPs22p1GpWiGHR4AaABAg,"the video was really good, you should do a part 2.",0,2024-09-11T06:39:29Z
3XA0bB79oGc,UgxpssyZo4s-PIRksEt4AaABAg,0:07 *Me when my hp is 1*,1,2020-01-09T14:14:28Z
3XA0bB79oGc,Ugz87YPk40cm1X1duoR4AaABAg,Wonderful!,0,2025-04-15T09:06:21Z
3XA0bB79oGc,UgxGzBIsrPq0WyDnpMt4AaABAg,"I know the animation is really sweet and touching, but did you hear how loud that dog runs into walls?",1,2019-12-27T21:16:58Z
3XA0bB79oGc,UgzcoVGh2IYhHuWoflF4AaABAg,awww that was beautiful,0,2025-02-07T10:09:46Z
3XA0bB79oGc,UgzsgHvah3IEulg62G54AaABAg,Heart touching,0,2025-01-23T07:57:56Z
3XA0bB79oGc,Ugzb02tVotsAshVruaR4AaABAg,I love how to dog stayed positive!,0,2020-01-19T03:35:21Z
3XA0bB79oGc,Ugy-i31s6My-jseTopN4AaABAg,I knew it was a dog before he opened the box but I did not realise that there would be two cripples. Lovely story :),1,2019-12-29T18:19:11Z
3XA0bB79oGc,UgwF4gnMBCmMwIT3PNt4AaABAg,Its wndrful!!.💖,0,2020-01-07T11:12:39Z
3XA0bB79oGc,UgwNIKWgzgafVe39DD14AaABAg,muy bien jajajajajaja 👍👍👍👍👍👍👍👍linda 👍👍👍👍👍👍🤗💐🇲🇽🇲🇽,0,2019-12-01T07:33:32Z
3XA0bB79oGc,Ugz0Gvy4mQU2R5bzi4p4AaABAg,this kids grinding in cod,0,2019-10-21T04:30:08Z
3XA0bB79oGc,Ugw-U5ZfUoreuaWwDxd4AaABAg,I   just   watched   this boy   and  is  cut   dog    at    my   school   😊 ❤,1,2025-11-27T00:11:00Z
3XA0bB79oGc,UgxdvXwT97DxahGcEOp4AaABAg,"Him:GO AWAY DOG 
ME:U GO AWAY DONT KICK IT",0,2020-01-20T08:13:32Z
3XA0bB79oGc,UgwmhiyoX8KUrfMHNn94AaABAg,"sehr toll, wie der Junge am ende reagiert",0,2024-10-12T14:51:22Z
3XA0bB79oGc,UgyUfc4iZ9j88Zn6UNZ4AaABAg,"I had to watch this for an assignment before, and what was my classmates sitting around me almost cried, and I did cry a little",0,2024-10-04T21:08:56Z
3XA0bB79oGc,UgycyrP_p6AvJv3WrEh4AaABAg,Who ever made this.. I’m so in love with. Just was the best beginning to my day.,1,2020-01-07T13:23:45Z
3XA0bB79oGc,Ugy_7OSfRSk7v9XA5hJ4AaABAg,Wunderschön,0,2019-10-21T15:54:20Z
3XA0bB79oGc,Ugzp1t7yE5-iDuvkk694AaABAg,"Wow, that was a big twist",1,2020-05-30T04:48:24Z
3XA0bB79oGc,Ugx6UAUR-upq581XbMZ4AaABAg,Lindo!!,0,2020-05-27T13:29:31Z
3XA0bB79oGc,UgyikNcuHzgEpoqC5814AaABAg,This video best inspirations video.I love it 🥰😍🤩,0,2019-12-18T04:44:44Z
3XA0bB79oGc,Ugw7BgwUcYqNW-rLX-14AaABAg,Love this.❤❤❤,0,2025-01-15T08:47:51Z
3XA0bB79oGc,Ugztm0DC0RCWXl4ejzV4AaABAg,I want a dog like that to hug,1,2019-12-21T04:48:47Z
3XA0bB79oGc,Ugz_CXnJq6ybVcn4J6h4AaABAg,I WAS ABOUT TO CRY,0,2019-11-09T03:43:26Z
3XA0bB79oGc,UgxDZA9_tt4ptgmiUzZ4AaABAg,So cute!!!!!😘🥰🥰🥰🥰🥰🥰🥰😍😍,0,2019-10-27T02:37:21Z
3XA0bB79oGc,UgwygWI7FzjsaUqfW1V4AaABAg,Maknanya dalem banget. Bagus banget nih 😊,0,2019-10-22T23:00:59Z
3XA0bB79oGc,UgxB0We6J3rkBrMxW4Z4AaABAg,Protect this doggo at all costs,0,2019-12-01T13:42:07Z
3XA0bB79oGc,Ugx4clN8d1CDSKr5Lp14AaABAg,"Whatever your shortcomings, find the simple pleasures in life.",1,2024-09-14T00:14:50Z
3XA0bB79oGc,Ugx6BEE7YC1Oj9gnP914AaABAg,❤ They showed it to me today and I liked the animation.,0,2024-12-03T19:38:04Z
3XA0bB79oGc,UgzBmyu0DM92lLFesdB4AaABAg,So wunderschön ❤❤❤,0,2024-08-24T16:58:59Z
3XA0bB79oGc,UgyKPOm5x52CYbLNIg94AaABAg,i saw an add that was about losing wait  and i thought it was the video,0,2020-05-27T15:23:26Z
3XA0bB79oGc,UgwK8JghJpc4wZhxSmp4AaABAg,That's a good one 😇😊,0,2019-11-16T18:10:18Z
3XA0bB79oGc,UgysIVAlD6CiG7tse6B4AaABAg,Awww so cute and mindful,0,2019-12-26T18:45:28Z
3XA0bB79oGc,Ugysj3R47-u_ozBOWUZ4AaABAg,His carpet has wi-fi,1,2019-11-02T03:31:37Z
3XA0bB79oGc,UgynK-pO5yfNpHUoSZN4AaABAg,gets me every time,0,2020-02-21T21:32:55Z
3XA0bB79oGc,Ugzw19cGWNItkHOLuN94AaABAg,Beautiful💞🥰,0,2019-12-21T03:02:25Z
3XA0bB79oGc,UgzYxPvlCvgpWiRuKFd4AaABAg,Wow ! The dogs struggle  became success  to make friend him,0,2025-07-18T07:34:58Z
3XA0bB79oGc,UgzgthMvmFceKKNdK614AaABAg,Been a couple years! : ),1,2025-07-19T06:11:52Z
3XA0bB79oGc,Ugxy43JFU2NMf_SCRSJ4AaABAg,Lovely never will anyone must forget to never giveup,1,2019-10-31T21:13:06Z
3XA0bB79oGc,UgyQoLULiy8hmeQNbhV4AaABAg,2:48 my dumb ahh trinkst he has a Mingun😂,0,2025-12-10T05:08:08Z
3XA0bB79oGc,UgxYkfeQDJd7z3ZX5ih4AaABAg,Masterpiece,0,2025-10-13T20:17:52Z
3XA0bB79oGc,Ugw913fGk_qRcEZodZJ4AaABAg,"It’s, so cute❤❤❤❤❤❤❤😭😭😭😭😭😭",1,2025-12-10T13:52:40Z
3XA0bB79oGc,UgyRqAnRZbXU8zG8h-J4AaABAg,That was so unexpected,0,2019-12-01T10:00:01Z
3XA0bB79oGc,UgxHQW0ZqDDdG3IfIbZ4AaABAg,"This literally melted my heart❤️
I loved it so much!!!
I had to cry it out😌😢🙃🙃",1,2020-05-24T12:11:53Z
3XA0bB79oGc,Ugy3_pDquCSAVAFhFlV4AaABAg,It was very surprising when i saw that the boy had no leg,0,2020-05-27T15:28:25Z
3XA0bB79oGc,Ugw61mL4h9RHdxI-UcV4AaABAg,oh my goodness it is very inspiration :),0,2020-03-12T09:56:56Z
3XA0bB79oGc,UgyC8cLBJj5GFYvdj-t4AaABAg,Love it!!!🐶🌎🌏🔍👀🤔😥❤,0,2019-12-22T00:22:42Z
3XA0bB79oGc,UgyjLC8CoHNrBoXrq2h4AaABAg,I love IT but first i wan't a cry  all is beautiful,0,2019-11-30T16:13:48Z
3XA0bB79oGc,UgwSPws-YHAEGnhG9Ll4AaABAg,This is short movie  good,0,2019-12-31T14:56:55Z
3XA0bB79oGc,Ugy1V4BUG55ZTzCXaYR4AaABAg,don't laugh.. just don't laugh.,1,2025-09-02T15:16:11Z
3XA0bB79oGc,Ugx5zaGC8zqqbUuHPgN4AaABAg,"Muchas veces dudamos de nuestras capacidades, cuando todos los días podemos conocer nuevas cosas de si mismos y ser mejores.",0,2020-01-15T19:43:11Z
3XA0bB79oGc,UgxBlcNOsxpQPGSI8sZ4AaABAg,So traurig 😢😢,1,2019-12-01T21:43:21Z
3XA0bB79oGc,Ugxeu2g54sfEE1lzPlt4AaABAg,Aww that melted my heart ❤️ 💙 💜 💖 😢,1,2024-10-23T18:34:18Z
3XA0bB79oGc,UgymNcBL8Bo8WtBBQcF4AaABAg,Que sensibilidade ❤,0,2025-01-23T12:16:37Z
3XA0bB79oGc,UgyMDvKqImAktYFKL814AaABAg,"Fuck the video,  mans just got his AC130 on Modern Warfare",0,2019-11-02T23:24:17Z
3XA0bB79oGc,Ugxf2qWghRdFgwWwq_x4AaABAg,Moral of the story don’t judge a book by its cover,0,2019-11-23T03:12:32Z
3XA0bB79oGc,UgzT156PuAOqXYd-ZGh4AaABAg,Emocionante 😢,0,2025-06-23T13:11:37Z
3XA0bB79oGc,Ugz-RQnWnzLdPmUI7xp4AaABAg,Me encanto,0,2019-12-03T02:35:49Z
3XA0bB79oGc,UgzBrdPex-l-G748fqx4AaABAg,pririmaoara copilul e rau cu el dar as da ei seama ca nu toti oameni sunt lafel sau animalele,1,2020-06-03T18:47:22Z
3XA0bB79oGc,UgzdHbL0SZwZ3Ueug214AaABAg,I AM SHOCKED,0,2020-06-29T10:04:52Z
3XA0bB79oGc,UgwBxv99PuAslZMQYch4AaABAg,"Thanx you guys, this made me cry!! Lovely short story so much heart touching!",0,2019-12-24T15:20:58Z
3XA0bB79oGc,UgzXpwJm1eM7Yoa7Z3t4AaABAg,💕😢 so good,0,2020-01-14T10:47:32Z
3XA0bB79oGc,UgyRiV3kW8uVhrg8kKh4AaABAg,So inspirational,0,2019-12-25T21:39:44Z
3XA0bB79oGc,UgwiLnJ1jcZQQoHBJFh4AaABAg,This is soooo cute,0,2019-11-07T21:16:07Z
3XA0bB79oGc,Ugz-GWnnhPQQMB94vvt4AaABAg,i’m not crying your crying,1,2025-11-30T12:49:26Z
3XA0bB79oGc,UgwhNzdnOiITkgilO7p4AaABAg,I now play video games like that,0,2024-11-04T17:40:03Z
3XA0bB79oGc,Ugyfvjsdadr5HQSUsER4AaABAg,In my opinion i think his mom got  him the dog so he wouldnt feel ashmaed of himself,2,2024-09-18T13:39:02Z
3XA0bB79oGc,Ugws0NON9busWREWn954AaABAg,Aww it so cute love it!,0,2019-12-21T01:31:57Z
3XA0bB79oGc,UgyI_8eRz8LsNdwsx2J4AaABAg,I NEED A NETFLIX SERIES NOW,0,2019-10-29T00:40:29Z
3XA0bB79oGc,UgwnvpVfVNW1OVcM8lV4AaABAg,Q triste pero tiene un final hermoso,0,2019-11-10T02:05:31Z
3XA0bB79oGc,UgxXRHf9qBB2We-HVsV4AaABAg,Wow !!!!,0,2019-11-10T23:33:40Z
3XA0bB79oGc,UgyLCH7XAAMvUzezw8B4AaABAg,He was laughing then he was back mad,2,2019-12-11T23:56:28Z
3XA0bB79oGc,Ugyf813rlpmtoYWY3md4AaABAg,I always don t cry.,0,2020-01-25T14:21:41Z
3XA0bB79oGc,Ugwk6P1epQHte8--xt14AaABAg,The boys mother cares for him a lot  so he doesn't be lonely,0,2025-04-08T20:17:45Z
3XA0bB79oGc,UgxH9w8mZMur32JFI0V4AaABAg,Omg I EXPECTED IT,0,2019-11-29T05:50:19Z
3XA0bB79oGc,UgzU7UxkQEWsIEdJCnN4AaABAg,Fuck that kid,1,2020-01-06T00:23:36Z
3XA0bB79oGc,UgyIrep0SpbwDeJnOIp4AaABAg,The message is not to judge.,0,2025-12-10T21:31:39Z
3XA0bB79oGc,UgzbDGen_Bi55aqOFOB4AaABAg,I loved it but the made me cry 😢,1,2020-06-15T09:15:02Z
3XA0bB79oGc,UgzQpWM2wZTNIy54JLl4AaABAg,"It's good for everyone, young and old !!",0,2024-11-18T20:51:07Z
3XA0bB79oGc,Ugwl8Oksgiqi03V_5cJ4AaABAg,Wow. I would like to watch a full movie like of one hour,0,2025-02-17T03:55:20Z
3XA0bB79oGc,UgyAAfXxiLJeQ54mpAh4AaABAg,This is unrealistc,0,2020-05-20T16:04:55Z
3XA0bB79oGc,UgwuRfmRcjT57ef8Dt94AaABAg,"I'm not crying, you're crying! 😭",0,2020-04-11T18:38:49Z
3XA0bB79oGc,UgwPxTqGyPr4Kj0bin94AaABAg,awwwww I love that. It is so cute! Emily Kuck is right that  is so cute and so loving. What a great mom!,0,2020-05-12T18:16:18Z
3XA0bB79oGc,UgyhhR5PAGQ-B_dXMBF4AaABAg,pobresito el perito,0,2020-04-18T17:46:22Z
3XA0bB79oGc,UgypNxCaZPgwtB-DxVd4AaABAg,"i totally stuck when i see ending and also realize everything is possible, which we believe truly ❤️",0,2025-04-21T10:03:36Z
3XA0bB79oGc,UgyKPH0qgwX1yJQ6i_t4AaABAg,Try not to cry ... okay I cry.,0,2020-04-04T07:37:43Z
3XA0bB79oGc,Ugz_A6gCVSx6hdOuEwF4AaABAg,খুব ভালো  লেগেছে,0,2019-11-08T07:21:42Z
3XA0bB79oGc,Ugy6mdthOz-hkEHKw4J4AaABAg,Nice movie,0,2020-02-01T04:54:31Z
3XA0bB79oGc,UgzcZr1EgsiK8dqhgzB4AaABAg,I learn in a fun way; thank you,0,2024-10-11T03:26:39Z
3XA0bB79oGc,UgzHa-QLXQ76cvwK_NZ4AaABAg,스스로 만든 굴레에서 스스로 벗어날수 있길……,0,2026-01-16T07:01:23Z
3XA0bB79oGc,UgxU9Z7-wJ-4RVawLOV4AaABAg,"*Nice theme* 
We should not give up even if we are differently abled person",0,2019-11-11T09:59:30Z
3XA0bB79oGc,UgyVew1NDyCCCxl9R2V4AaABAg,"luna ray davis, i agree but im touched",0,2019-11-03T19:56:33Z
3XA0bB79oGc,UgwTTAjqr8g4MpZzBQx4AaABAg,Me at the start you ungrateful bitch at the end 😭😭😭,1,2019-11-04T04:37:28Z
3XA0bB79oGc,Ugx-_Eqd0dg8ZTKze8h4AaABAg,Who remembered this and came here 2025 ?,0,2025-04-23T16:09:20Z
3XA0bB79oGc,Ugz4iWtMg7V5h0hnCYZ4AaABAg,This is so cute😍,0,2019-11-10T15:11:31Z
3XA0bB79oGc,UgwMRsicRZ9kZi7sOYB4AaABAg,why would anybody PUT A DISLIKE ON THIS VID!,0,2020-03-26T12:18:15Z
3XA0bB79oGc,UgzMi9MJTqhPcTcjdF14AaABAg,Chorei demaissss,0,2019-12-14T01:16:58Z
3XA0bB79oGc,UgxR-F5K-w6BUimdi794AaABAg,Limitations doesn't define our happiness. Happiness is not about being perfect it's about how we choose to live.,0,2025-07-01T17:16:44Z
3XA0bB79oGc,UgzEDi_glENY0QElPFJ4AaABAg,Imagine not having a leg,0,2020-05-22T01:10:04Z
3XA0bB79oGc,UgyYufT6UJgXbH5u1wp4AaABAg,awwww ❤😍😁,1,2019-12-16T18:03:58Z
3XA0bB79oGc,UgxCZrFtNAAffQFUFZB4AaABAg,OMG THE END GOT ME SO BAD,0,2019-10-24T04:47:45Z
3XA0bB79oGc,UgyPwyolKNdCGWVdMfR4AaABAg,That made me cry.,0,2019-11-08T12:05:36Z
3XA0bB79oGc,UgzUTIPOd45oxww7KPt4AaABAg,"Jake is not alone.

He may have lost a limb, but he’s not alone because the puppy lost one two.",0,2025-06-08T19:16:21Z
3XA0bB79oGc,UgxsGqyWP_FgY6Duj8t4AaABAg,awwww SO TOUCHING,0,2020-01-13T17:27:29Z
3XA0bB79oGc,Ugx9DpRcxZ4tFRxdjV94AaABAg,AIPUEALLU  DAR  AMAS  PERI   TOS  ASI,1,2020-04-16T21:02:51Z
3XA0bB79oGc,UgwWx0aYFpQHWZOH0PZ4AaABAg,Soper lindo,0,2019-11-02T04:25:12Z
3XA0bB79oGc,UgzkgUdh0BsOsb_8BIZ4AaABAg,It's sooo hart touching,0,2019-11-09T04:35:40Z
3XA0bB79oGc,UgyycNhsVuh4-4sDBcV4AaABAg,me playing 99 nights in the fprest belike,0,2025-07-23T01:55:53Z
3XA0bB79oGc,UgxJTyZw9efUzYLW3th4AaABAg,"É o que alguns mais velhos dizem,não se julga um livro pela sua  capa",0,2019-12-10T19:28:08Z
3XA0bB79oGc,UgyCiuzfBRdx-1VUBY14AaABAg,galao da massa,0,2020-07-25T15:03:52Z
3XA0bB79oGc,Ugx7xx9KBOZfPGuHoAB4AaABAg,We watched this at school lmfao,0,2020-02-02T03:03:53Z
3XA0bB79oGc,Ugyc6B4M1JQ3v1noYRF4AaABAg,That was beautiful. But when the puppy's gonna die... That will be a different story..,2,2019-12-15T04:13:57Z
3XA0bB79oGc,Ugyka30bLMG8gUvZuEJ4AaABAg,That literally made me cry,0,2019-12-27T05:03:34Z
3XA0bB79oGc,UgygRO1DjZ3E3ylCO3F4AaABAg,The end made me cry frfr,0,2025-12-11T13:26:32Z
3XA0bB79oGc,Ugwm_f7LuIDKC9GBvPp4AaABAg,Lovely ❤,0,2025-01-03T02:25:12Z
3XA0bB79oGc,Ugy9_RUPoPeMIMVQfBh4AaABAg,Best gift ever 😊😊😇,0,2020-01-14T18:02:49Z
3XA0bB79oGc,UgwHrlQ97oKCn8NGOS54AaABAg,I'm here cuz this is part of our exams in english,0,2025-08-19T11:01:42Z
3XA0bB79oGc,UgxYe86m_TTQyf31Qbl4AaABAg,This is sooo nice❤,0,2025-12-09T15:00:17Z
3XA0bB79oGc,UgwsHLUG4tXwB21iacF4AaABAg,The message I received is there are others out there struggling too. And we can rise above our own struggles to care for others in the midst and something beautiful happens. Connection.,2,2025-01-16T20:40:01Z
3XA0bB79oGc,Ugw5GYjst5yjuaW4jip4AaABAg,Gaming addiction confirmed,0,2019-10-23T21:08:27Z
3XA0bB79oGc,UgxhFLoPoFn2kHiA7tB4AaABAg,"... and finally the door opend to let the sunshine in... extremly well done: psychologic killing of anatomic borders! 
Saubere Arbeit, Leute!!!",0,2020-05-30T11:15:13Z
3XA0bB79oGc,UgxQ_T3ZRl9BbB7s9Gp4AaABAg,this made me cry,0,2019-12-30T03:07:09Z
3XA0bB79oGc,UgxqcNJrQ6hGkqhKp-94AaABAg,Good writer ❤,2,2024-10-16T17:55:20Z
3XA0bB79oGc,UgxEUApPwt_tDCbdhPB4AaABAg,ok that was a good short moive that was vary sweet a dog and a human with one leg that was a really good one i loved that one,0,2019-12-10T18:32:43Z
3XA0bB79oGc,UgxcAg0SUKPg9Ka_aV54AaABAg,I love it so much,0,2025-04-15T21:22:01Z
3XA0bB79oGc,UgzMJOoy9egsZ5m1XVh4AaABAg,This video is an inspiration ❤️,0,2025-07-14T08:27:55Z
3XA0bB79oGc,Ugxr_Zvuuu8s1vrW0th4AaABAg,Wow the plot twist 🙆🙆🙆,0,2019-11-13T07:24:05Z
3XA0bB79oGc,UgwW-GALxxT7V2N457R4AaABAg,Ohhhhيا حرااام,0,2020-01-18T10:31:30Z
3XA0bB79oGc,Ugwy2l_HSbhs2MG7Wyl4AaABAg,Imma beat Brody up for throwing that dog like that,0,2020-01-23T03:03:14Z
3XA0bB79oGc,UgzCT5z7eXfitDEgIW14AaABAg,i fricken CRIED,0,2020-04-17T18:01:25Z
3XA0bB79oGc,Ugz43E8Sz9Kko_05qR94AaABAg,So emotional 💓,0,2025-06-13T07:58:36Z
3XA0bB79oGc,UgxnAAJ-WpQz8oq6urZ4AaABAg,At first I thought that kid was your typical butthole the way he kept kicking the puppy away to play his game,0,2026-01-08T17:57:13Z
3XA0bB79oGc,UgwW62S4-2jSbyyyFmt4AaABAg,The dog is awesome,0,2019-12-18T20:17:05Z
3XA0bB79oGc,UgzP5rb63PwJeTxIVld4AaABAg,"I literally forgot what this short is called so I just searched up ""animated short dog and kid with 1 leg"" 😭",0,2025-03-25T08:55:59Z
3XA0bB79oGc,UgwizCWLQSisTfy4nUJ4AaABAg,Se ero lì gli spaccavo la faccia,0,2019-11-17T13:07:47Z
3XA0bB79oGc,UgxN1vgyoWyuU5Jf7oF4AaABAg,The funny part is the dog in the box snd moneing,0,2020-01-18T05:00:19Z
3XA0bB79oGc,UgxDykKYCgJjj0aXgMN4AaABAg,Like if you cried lol I gave myself one,1,2019-12-14T19:45:19Z
3XA0bB79oGc,UgxQwbjTlCeVTdb8AqV4AaABAg,Love love puppy so i love your puppy ❤️🐶,0,2019-10-28T19:11:46Z
3XA0bB79oGc,Ugyqlf7J2KYXxjlYzGd4AaABAg,❤❤❤ that’s love,1,2025-09-27T22:06:53Z
3XA0bB79oGc,Ugwjd0h-aK5W8ZcVFRd4AaABAg,"Best channel for kids! 🏆 My children used to fight over what to watch, but now they all agree on this channel 😂 The stories teach good values while being super fun and entertaining. Thank you for creating such wonderful content! 🙏💕",0,2025-12-30T12:02:44Z
3XA0bB79oGc,UgyQ41EChdGCfAyG8QV4AaABAg,"I CRIED 😭





Why",1,2019-12-14T00:12:30Z
3XA0bB79oGc,UgyOh5gsfH0pBAZTP1Z4AaABAg,All the mom wanted him to have another friend just like him and he was upset because the mom interrupted his video games,1,2019-11-15T04:03:22Z
3XA0bB79oGc,UgxOYMuoNI0GWE2Aahh4AaABAg,I remember watching when I was younger😭,0,2025-03-09T18:44:30Z
3XA0bB79oGc,Ugx0m87njjlRgMurW-R4AaABAg,Excellent,0,2025-09-04T08:58:52Z
3XA0bB79oGc,UgzDOKPLKRUW06L5jGZ4AaABAg,I FOUND THISSSSS,0,2025-08-08T17:27:21Z
3XA0bB79oGc,UgwfFa-IgzfLwijGbIV4AaABAg,"A masterpiece! So much is said within 4 minutes !Today I played it to my students (17-18 yrs old), as I had planned to discuss all the emotions the characters go through. The students were very sincere in their emotions and they went from anger, disgust and disbelief to happiness, empathy and shame for misjudging boy's actions.",1,2025-05-02T18:36:34Z
3XA0bB79oGc,UgypLBLfb6znfJDoP6V4AaABAg,Słodziutkie,0,2020-01-19T13:35:00Z
3XA0bB79oGc,UgxL5WtooiLHnlTz1Id4AaABAg,Cute!,0,2019-12-13T18:27:24Z
3XA0bB79oGc,UgyODMvWxgObUyNemHh4AaABAg,The animation kinda looks like Up and Bolt at the same time. 😄 love it!!,0,2025-03-13T17:17:29Z
3XA0bB79oGc,Ugx7sx8ReUb7JTO_24x4AaABAg,Yo casi llaraba de la tristesa,0,2019-12-30T05:03:40Z
3XA0bB79oGc,UgxSdOutkyLJPy8Kfgh4AaABAg,Never judge a book by its cover,0,2019-10-21T10:18:24Z
3XA0bB79oGc,UgwtaHMgoaJpgonpbw54AaABAg,"I used to not get why he hated the dog at first, but now I do.

I have a disability, and whenever someone tries to make you feel included or not alone, it makes you feel weird or different. After I was diagnosed, my horse instructor put me on a horse with similar issues like heat intolerance and all that, and I hated it so much.

It’s the fact that you aren’t normal, and when people remind you, even if they try and make you feel not alone, it’s this constant reminder you’re  different, and people notice and think about that.

It starts to consume you...

So don’t be like “why did he hate the dog! That’s a hypocritical and selfish!” Because you most likely don’t understand",1,2019-11-24T17:17:12Z
3XA0bB79oGc,UgzjSS0spz-X-y0tGfd4AaABAg,It reminds me the show <LOST> .. John Locke,0,2026-01-19T18:25:36Z
3XA0bB79oGc,UgxL36d0kF1ynU0tRj94AaABAg,I remember this in the movie theathers,0,2019-11-04T21:29:21Z
3XA0bB79oGc,UgzaBLXhSwKMhwMRmvl4AaABAg,Whoever the fuck disliked this is going to hell,0,2019-11-16T08:32:23Z
3XA0bB79oGc,UgweTC0trWbqMCzvWPh4AaABAg,"Clip này ngọt sâu như kẹo, câu chuyện giản dị mà ấm lòng – Oscar xứng đáng quá luôn! 🏆🥰",0,2025-07-14T12:40:20Z
3XA0bB79oGc,Ugz0dPo4HnYL2y5l7Jp4AaABAg,I cried !!!,0,2019-11-19T12:02:33Z
3XA0bB79oGc,UgyoE3RYmoXJaqXAgo54AaABAg,Que bonito perrito,0,2019-11-09T16:28:45Z
3XA0bB79oGc,UgwkKd6s9pkV2i-RbdF4AaABAg,WHAT I DONT DO THAT AHHHHH GO AWAY,0,2020-01-20T08:15:21Z
3XA0bB79oGc,Ugz0j-dbPzygbU_Hs7N4AaABAg,So sweet I cry,0,2024-08-28T12:52:15Z
3XA0bB79oGc,Ugzm3jD9yUGZJFYaKFN4AaABAg,very cute cartoon,0,2020-01-31T22:17:12Z
3XA0bB79oGc,UgwoCLz4q1qfW1dWSGx4AaABAg,GO TOUCH GRASS!!!,1,2025-11-11T02:55:30Z
3XA0bB79oGc,UgxdSBsRz-B32dyKBk14AaABAg,😢😧😧😳😭😭😭😭😭😭😭😭😭😭😭😭😭😭😭😭😭😭😭😭😭😭,1,2019-11-05T13:44:27Z
3XA0bB79oGc,Ugynw338QsUPAHaVX-B4AaABAg,I think that's horrible how just bc its got a missing limb he doesn't want it,0,2020-04-07T05:59:26Z
3XA0bB79oGc,UgxlF9oZfkLWWVx7IXl4AaABAg,All I can say is that it deserves all of those awards,1,2019-12-27T15:36:11Z
3XA0bB79oGc,UgwpqFg4YpPYYkFw4Sx4AaABAg,Me obligaron a ver esto en el colegio 🗣️🔥,1,2025-03-12T19:00:30Z
3XA0bB79oGc,Ugw0aG_sTIhw6oeT9SR4AaABAg,At first I thought what a bratt then I was like aww,1,2020-01-04T23:17:58Z
3XA0bB79oGc,Ugx4-XW6ManWWooiawF4AaABAg,Love,0,2019-12-22T15:41:23Z
3XA0bB79oGc,UgxXETff6K7JrmERQex4AaABAg,Just saw it today,0,2025-10-11T15:17:14Z
3XA0bB79oGc,Ugy5BZCo4vnjbAJddUV4AaABAg,القصص حلوة😂😂😂😂❤❤❤,1,2025-10-07T18:18:26Z
3XA0bB79oGc,UgzKQIxdGwz5wfza0AB4AaABAg,😭😭😢😢,1,2019-11-13T13:32:07Z
3XA0bB79oGc,UgxG4x8DlnwTzqhm-ol4AaABAg,Cutee😍,0,2019-11-01T18:48:13Z
3XA0bB79oGc,UgwXwxWHxZ-cmcA4vsN4AaABAg,En la mirada de tu perro/a podrás comprobar la grandeza de tu alma❤,0,2025-10-02T18:44:19Z
3XA0bB79oGc,UgxWXOwmgLKoYeNwxud4AaABAg,Who came here before the short😅😅😅😅,0,2025-06-29T05:02:14Z
3XA0bB79oGc,UgzlWE4zd3zdT93m22l4AaABAg,Nice,0,2019-11-29T08:42:29Z
3XA0bB79oGc,UgzHUjGbuxOuiINa9IR4AaABAg,The love I have for dogs 📈📈📈,1,2024-09-09T04:40:24Z
3XA0bB79oGc,UgzUhLL7A0GBtAEdFfV4AaABAg,Oh my goodness someone should’ve warned me. ❤,0,2025-10-28T11:19:27Z
3XA0bB79oGc,UgzNouUkmmKfkpRUnWp4AaABAg,Oh wait I saw the ending,0,2019-11-06T20:20:45Z
3XA0bB79oGc,Ugxkr7rCxiLcFC_C9-p4AaABAg,Eu chorei por causa do mautrato,0,2019-11-10T02:03:59Z
3XA0bB79oGc,UgyccvRd2_XXQhAQzOV4AaABAg,This film open my emotion❤,0,2025-09-22T09:28:32Z
3XA0bB79oGc,UgwB6OxJ0hlbidjfXeZ4AaABAg,man i like that dog get me one,0,2020-02-19T19:29:19Z
3XA0bB79oGc,UgyCk4ldKJEn_87asO94AaABAg,what sad,1,2020-03-22T16:55:46Z
3XA0bB79oGc,UgyT9UJoKjcyZI-2nvV4AaABAg,awwwwwwwww!!!,0,2020-05-02T16:24:06Z
3XA0bB79oGc,UgyS66sOIHoHEeef3uJ4AaABAg,Me cry! 😩😞,0,2019-10-26T19:40:54Z
3XA0bB79oGc,Ugx-K5Xe7m38GC9W5c94AaABAg,Bardzo mądry filmik,0,2025-06-27T07:03:47Z
3XA0bB79oGc,UgwAan19arPcHbbwlVV4AaABAg,MOM WILL BE OUTSIDE!!!!!!!!!!!!!,0,2020-04-10T08:11:41Z
3XA0bB79oGc,Ugw8ajm59xrogeWYYHF4AaABAg,🙏🏼🙏🏼🙏🏼🙏🏼🙏🏼🙏🏼😄,0,2019-11-09T11:14:35Z
3XA0bB79oGc,UgxcvhxIH4qx_yAq1uB4AaABAg,Sooo cute 😍😍😍😍😍,0,2020-01-17T14:32:18Z
3XA0bB79oGc,Ugz5o3TDMTL-7Fxij7Z4AaABAg,I think the video is about how we should value what we have more and not spend so much time on video games and enjoy life and the moments it offers us and the things we can do.,0,2025-02-27T04:57:29Z
3XA0bB79oGc,UgzgTZweMhKm6OpWlKp4AaABAg,me :Just a few stumbles.....Hes alright....me later in the video:OKAY NEVERMIND,0,2020-01-01T23:01:33Z
3XA0bB79oGc,Ugx2sasyhE8tp1do9Lx4AaABAg,😍😍😍😍😍😍😍😍😍😍,0,2020-05-03T22:40:05Z
3XA0bB79oGc,UgxDOgSGBdc0eMxYrnF4AaABAg,Perfect,0,2025-01-09T08:40:45Z
3XA0bB79oGc,Ugwj2dRp0AdL4he3n1p4AaABAg,It's beutiful,0,2019-12-27T22:33:08Z
3XA0bB79oGc,Ugyu1mkpiBOXEFJnRM14AaABAg,This kid is a monster,0,2019-12-18T20:16:49Z
3XA0bB79oGc,Ugxn4vLFmZZM6KZSoZl4AaABAg,I would love to be that puppy frfr,0,2020-01-23T03:05:05Z
3XA0bB79oGc,UgwM17h-LYIlPdYsBW54AaABAg,"Vengo de Petco, es muy lindo. Agradezco que se tomen el tiempo de hacer buenos cursos para los empleados.",0,2024-08-20T03:18:44Z
3XA0bB79oGc,Ugzq1hw7B74ohBi_ULt4AaABAg,This curred my cancer   😍😍,0,2025-12-11T07:14:46Z
3XA0bB79oGc,Ugw1B6Dnvwbclseq6pp4AaABAg,Lloré mucho por el perrito,0,2019-11-17T04:35:04Z
3XA0bB79oGc,UgxApjlTtUZzBJB89cx4AaABAg,It got me when he kick him,1,2019-12-13T02:34:09Z
3XA0bB79oGc,UgzgUN-WNTfKnc3ILUh4AaABAg,"CLOSE THE DOOR, DAMIT",1,2019-12-24T20:37:26Z
3XA0bB79oGc,UgzcpQ2CQMnk2x2aw7Z4AaABAg,1:07 That is so sad for the dog! but luckily the dog remains super happy! Dog: hey hello! i wanna play!,0,2020-05-05T13:00:40Z
3XA0bB79oGc,UgyL-dSKv-Nxw7qqmRx4AaABAg,this film want to say those no one in the world is perfect and every one have fails,0,2025-03-08T16:16:30Z
3XA0bB79oGc,Ugye_oXvjWuvFZ09ShF4AaABAg,😭😭😭😭😭😭😭,1,2019-10-29T03:18:41Z
3XA0bB79oGc,UgxSYATH1ddcC7FbzKN4AaABAg,how the expert Lido plays hits him nooo you have animal rights,0,2020-05-26T21:28:12Z
3XA0bB79oGc,Ugw4mtH2riaJgclpG6F4AaABAg,So cute dog,0,2019-10-31T07:44:48Z
3XA0bB79oGc,Ugw2i5oZBV0VdgLmI6Z4AaABAg,"This is a good story that’s about perspective but it also teaches a lesson. It’s telling us you can’t judge a book by its cover like in the book even though the dog has a missing leg it  doesn’t mean there’s anything wrong with it. In the end it proves that all dogs deserve an owner no matter how many legs. In fact I have 3 dogs and one of them has a missing leg and I he’s the best dog ever so are my 2 others. Never judge someone who’s different from everyone else. Take a walk in there shoes. 
-Kyle",0,2024-08-07T01:34:33Z
3XA0bB79oGc,Ugy9IZwAG8AvgZyVIXV4AaABAg,Encantador,0,2025-06-05T00:43:41Z
3XA0bB79oGc,UgzJmLjLNIySDfBmt094AaABAg,My teacher put this video in her classroom,0,2024-09-02T22:18:20Z
3XA0bB79oGc,UgzZnWUX7tBkg72ebox4AaABAg,What a meaningful content ಥ_ಥ,0,2025-10-17T14:48:02Z
3XA0bB79oGc,UgxZVEySHLQwhTgbTHl4AaABAg,What a good       boy,0,2019-11-12T14:39:23Z
3XA0bB79oGc,Ugy5yKIA5nmCwU2ZeqJ4AaABAg,I love it so much thank you for putting this on YouTube and I have a disability two just like the boy,0,2025-04-15T21:30:35Z
3XA0bB79oGc,UgykXxNa-P51hagtAjB4AaABAg,As.vezes somos deficientes mas Deus nos torna eficientes na deficiencia,0,2020-05-05T11:27:15Z
3XA0bB79oGc,Ugy8jha1EtkiTZ58Hjt4AaABAg,I didn't expect that😌,0,2024-08-08T12:26:13Z
3XA0bB79oGc,UgwLWag1BsJ9uo6Rav94AaABAg,💛,0,2019-11-03T03:50:08Z
3XA0bB79oGc,UgyhuykkunoZrYokJIt4AaABAg,❤,0,2019-11-17T17:56:56Z
3XA0bB79oGc,UgyiqnG6X6Lw5p2A-TR4AaABAg,😥😥😥😥😥😥,1,2019-10-24T13:35:57Z
3XA0bB79oGc,Ugy3MwYM4SPJEoifFs54AaABAg,https://www.youtube.com/watch?v=pG17ypWnqzo&t=54s,0,2020-05-08T07:10:12Z
3XA0bB79oGc,UgymeoY-O9WQX77FSPN4AaABAg,DAT BOI HAS GOT SOM CS:GO SKILLZ,0,2019-12-05T21:10:45Z
3XA0bB79oGc,UgwMdZg_FoYKsbfrnjp4AaABAg,First sad but then cute,0,2020-04-21T03:49:23Z
3XA0bB79oGc,UgydLqg5Q2nAUmJJpDp4AaABAg,La universidad me trajo a llorar acá 😢,0,2025-04-14T17:33:55Z
3XA0bB79oGc,UgyLvPNRjrjz7MzIH6R4AaABAg,So sad and happy I mean  hippy I mean whatever,0,2020-05-30T19:20:51Z
3XA0bB79oGc,Ugyt89VWZmF6C-uZwJp4AaABAg,i felt tie for the dog😘😘,0,2025-03-07T20:51:48Z
3XA0bB79oGc,Ugwwx9yYqyXcObga3ON4AaABAg,Now i crying,0,2020-01-20T05:02:19Z
3XA0bB79oGc,Ugzon9OTNcTh9VYhcHl4AaABAg,I was 1:21 into the video and I am literally thinking that the boy is monsterous for throwing the adorable puppy,0,2020-01-25T06:19:06Z
-ZtuZl3rgIY,UgxPr9OklTVsuVeHPEN4AaABAg,We're not built to suck in the suffering of 8 billion people.,1729,2025-09-12T18:32:53Z
-ZtuZl3rgIY,UgzdCXNgpSjceJggYxt4AaABAg,"“If you don’t read the newspaper, you’ll be uninformed. If you do read the newspaper you’ll be misinformed” - Mark Twain",840,2025-09-14T21:20:10Z
-ZtuZl3rgIY,UgyYHowiFFYBsAkN-Xl4AaABAg,"In my opinion, the “News” and the majority of social media is porn for people addicted to despair.",1795,2025-09-12T15:13:50Z
-ZtuZl3rgIY,UgwZdpMjsFBh18pKuH54AaABAg,Number one thing is getting out of social media. Improved my life 100%.,190,2025-09-15T01:19:23Z
-ZtuZl3rgIY,UgxsMHL-ZhZGg5APauJ4AaABAg,I was waiting for “and that’s why I use GroundNews” 😂,250,2025-09-18T20:23:00Z
-ZtuZl3rgIY,Ugxn7TcLYHkclf3_3U14AaABAg,"""Is it closer to knowledge or closer to noise?"" Is probably the best question one could ask themselves regarding this topic",62,2025-09-17T10:52:01Z
-ZtuZl3rgIY,Ugy50CAsMQrmiYRx99p4AaABAg,I do not think I’ve ever seen a more timely upload. Thanks for the sage thoughts. Love the channel.,271,2025-09-12T15:03:23Z
-ZtuZl3rgIY,UgzUufoj1yJmkTNTt1N4AaABAg,"I'm an old guy of 70 now, but I remember even a couple decades ago that I knew next to nothing of world events and politics and felt embarrassed by that, thinking I'd look like a fool if I ever got in a conversation with someone who knew the current news.  Once I started immersing myself in news shows and news sites, I felt somewhat empowered by my growing knowledge, proud that I knew what was going on and who was who, politically.  After so much of it though, I've reached the point where I'm sick of it.  I can't stand the way politicians spin and outright lie, the way we've become more polarized than ever, the way our attention spans have shrunk to seconds of sound bites.  There's still a degree of FOMO, but I've begun limiting my news intake.  And that's definitely right about avoiding the comments section of news articles, it's a hell-hole.",243,2025-09-14T00:08:22Z
-ZtuZl3rgIY,Ugxup79-VivAPk4lLBh4AaABAg,"As a rule of thumb, I'm now no longer concerning myself with things I have no direct impact on or control over. I just...can't...anymore. That doesn't make those things any less terrible than they are...but me fretting and worrying about them does NOTHING to impact them. I do what I can, I control what I can control, and beyond that, I have to let go. The 24/7 news cycle, ""if it bleeds, it leads,"" constant notifications...we aren't meant to live this way.",739,2025-09-12T18:23:41Z
-ZtuZl3rgIY,UgyL7MeOammZ_R-UTfZ4AaABAg,"I don’t want Facebook or Instagram, X or any social media. It’s all toxic-and people take it all to heart and wonder why they are depressed. Most of the so called “news” is fear mongering and made up stories to sell what pass for newspapers. 
You’re so right: if you can’t do anything about it, step back. You’ll be happier.",129,2025-09-12T17:46:30Z
-ZtuZl3rgIY,UgyHROCyyowUwyFNumR4AaABAg,The key to be aware without being consumed,19,2025-09-16T14:13:17Z
-ZtuZl3rgIY,UgwARxr8OCVJ5FrZ09B4AaABAg,"One sentence I heard from a old lady always makes me see it in the right light.
""The graveyard is full of people that once thought the world could not exist with out them.""",380,2025-09-12T16:53:58Z
-ZtuZl3rgIY,Ugw3d4dHLoMc6IgEGW94AaABAg,"There is a way to stop this, especially on YouTube. I realized that I was consuming waaaayy too much “news” and wasn’t better or more informed at all. So I took about 10 minutes and I went through my YouTube recommendations and clicked “not interested” on every single news channel (especially the ones I agree with, because those are just as toxic)….now I barely get recommended any news and I just read the paper every Sunday and it has CHANGED MY LIFE!!!",112,2025-09-16T11:30:26Z
-ZtuZl3rgIY,Ugyt1vPSlBkJEV3vnxl4AaABAg,"Nature is the great leveller/ healer/ clearer. Get out, lie down in the grass. Much love and peace to everyone.",91,2025-09-13T23:27:50Z
-ZtuZl3rgIY,Ugy-as-WNSXOlPmFhE94AaABAg,I stopped watching TV and social media. Much more peaceful and more time😌,79,2025-09-12T23:35:08Z
-ZtuZl3rgIY,Ugx8TT-Up1il-FhkfeV4AaABAg,"I am so happy that we can enjoy again your videos, please keep uploading and thank you for your work",66,2025-09-12T16:43:16Z
-ZtuZl3rgIY,Ugw2yGy4jckb0EjIJ6p4AaABAg,"The fact that all news talks about negative stuff only instead of positive and negative, it’s really sad tbh",18,2025-09-13T15:02:44Z
-ZtuZl3rgIY,UgzjaQBZugEM0sCBuDl4AaABAg,"Most politicians and business leaders exhibit narcissistic traits, relying heavily on the news media to amplify their influence. I consciously choose to steer clear of their narratives to avoid fueling this dynamic.",14,2025-09-14T21:29:42Z
-ZtuZl3rgIY,UgyTpsnu7loUdlxmOH14AaABAg,"After... recent events... I am starting to see so much clearer how the news is all a lie-machine, meant to spoon-feed outrage to people to boost ratings and increase ad revenue. After Kirk got assassinated, my Dad (who only watches Fox) told me ""that is the difference between the left"", totally regurgitating some ideology that the ""opposing side"" is inherently more violent. Some of my left-wing friends were outright celebrating, ignoring the fact that someone expressing their First Amendment right was assassinated for expressing their (however polarizing) beliefs.

It feels like nobody sees what is happening. The media we are consuming is totally turning us against each other. Nobody has any sympathy for the ""other side"", or even their own side, anymore. We are more willing to hurt ourselves to hurt each other than we are to band together to build a stronger society. And this is COMPLETELY BY DESIGN. 

I am at a point where I don't even believe there IS a right or left anymore, because people are not binary. I live in a place where we have trans and gay people that are broadly accepted, yet many of those trans and gay people own and love guns. Many of them go to the rodeo and listen to country music. Does that make them right or left? I know they would pick a side, because are told they should, but in reality, almost all people dont fall cleanly in line with either ""side"", so is it even a good measurement of people's politics? 

I think the media and the politicians curate this mindset because it drives up viewership and keeps people in line. It keeps us fighting each other so we dont band together and take the rich and poweful elites who sold out our country head-on. It's not even a conspiracy theory. It's textbook history, population manipulation and it has happened in countless places across millenia. We are so focused on fighting a losing, meaningless battle over our own perceived virtue that we aren't even talking about how the elites are stealing everything from under us and lighting a match on their way out the door before they lock us inside. 

The news hates you. The president hates you. The politicians hate you. They think, whoever you are, that you are ignorant peasants, and they treat all of us as such. They hate it when we get along. They hate when you have a good day. They hate it when they can't sell you something so they can fill their neverending money lust. 

I am sick of this. How far are we willing to take things before we realize this is all by design? How many people will die? How many of our liberties will we sacrifice? Calm the hell down and look at WHO is truly telling you to be angry.",16,2025-09-17T17:50:09Z
-ZtuZl3rgIY,UgzErWbTrxvRduOzR114AaABAg,Staying calm is so important now.,0,2026-01-21T22:05:46Z
-ZtuZl3rgIY,UgwoQFFCzlSSdqb75kF4AaABAg,"You may not watch the news, but your life is determined by the people who do. What ruins your peace isn't the information, but your powerlessness to shape the events.",155,2025-09-13T16:32:19Z
-ZtuZl3rgIY,UgwAlGV8TSOKxIz-6OB4AaABAg,"7:40 my usual mantra is: If the news are important, they will find their way to me.",77,2025-09-13T15:39:12Z
-ZtuZl3rgIY,UgyoLPGMUysQnuTvO3x4AaABAg,"I know a guy who has never had a smart phone. He’s only 30 or 31, he games and stuff but he uses an old slide phone for work and such. He lives very simple, I once asked him why he doesn’t want an iPhone or something and he said “because I live in blissful ignorance. I don’t wanna know what horrible things are happening across the world. If it’s important enough I’ll hear about it.”",67,2025-09-17T15:04:37Z
-ZtuZl3rgIY,Ugz1sGkGcRe0mxjrNWx4AaABAg,You don't know how much I needed this video.,30,2025-09-12T16:10:59Z
-ZtuZl3rgIY,UgwGknMettJ2RfN1L6p4AaABAg,"Oh God exactly what I needed right now😊......I  felt so anxious and depressed lately with everything thats going on in the world.....I  didnt even want to leave my house because of fear 😢.....thank you for  this video,  wise man 🙏",69,2025-09-12T14:40:43Z
-ZtuZl3rgIY,UgzueycHuZjYJM7BbMJ4AaABAg,We really need more peace these days.,1,2025-12-06T19:45:45Z
-ZtuZl3rgIY,UgyTK2xuRFG8yt2Ek3V4AaABAg,"I threw out my TV in 1980, the best thing for my mental health!",32,2025-09-13T11:31:53Z
-ZtuZl3rgIY,UgwzBtobRe9YiZwGkFd4AaABAg,I hate that I didn’t find this channel earlier. Thanks Einzelganger.,1,2025-12-27T05:12:37Z
-ZtuZl3rgIY,UgwmeDYlitU_yLH39zJ4AaABAg,"This whole week has been like a ""fever dream."" i hope for the best for all of us and not be intimidated by my environment or the news , i hope for the betterment of this world as a whole ..",14,2025-09-13T07:52:38Z
-ZtuZl3rgIY,UgxEkbpzupWKNVEeWp94AaABAg,"""When we are no longer able to change the situation, we are able to change ourselves"" -Viktor Farankl",2,2025-10-22T07:32:22Z
-ZtuZl3rgIY,UgxWuZZ_yB8m-91PdI94AaABAg,"Here's something interesting: Last night, I went through my YT 'Subscribed' list, and dumped every single news and political commentary channel. Now, today, THIS video shows up. I'd call that a positive outcome.😊",34,2025-09-14T14:27:59Z
-ZtuZl3rgIY,Ugz1LW7shWher38JmE14AaABAg,"I boycotted ""the news"" many years ago. I barely use any social media apps, I use adblockers to remove rage-bait, and if anyone sends me links to current affairs, I simply ignore them. Since doing that, I've found a profound sense of contentment and I'm a more easy going and rational person than I ever used to be.",8,2025-09-19T13:39:42Z
-ZtuZl3rgIY,UgzbA98uLiMbHgIP5614AaABAg,"Hace muchos años que dejé de ver las noticias, el efecto que tenían en mi ánimo y en mi salud mental eran devastadores. Desde entonces vivo más tranquilo. Suelo pensar en un campesino del siglo XVI de un pueblo perdido en otro país ¿que le importaba lo que pasara al otro lado del mundo? nada, podrían estar cayendo imperios y su vida seguiría igual. Incluso lo que pasara a un par de pueblos de distancia podía ser irrelevante. Esa es la mentalidad que intento llevar, aún sabiendo que hay eventos que si podrían afectarme ¿que ganaría estando preocupado antes de que pasara? nada.",22,2025-09-12T17:02:40Z
-ZtuZl3rgIY,Ugx8V5iFW6HMMfhUG6Z4AaABAg,People are addicted to the news because it’s mostly about unhappiness and it is much easier to be miserable than working on creating happiness,67,2025-09-13T06:34:22Z
-ZtuZl3rgIY,UgxAirSnqyPUnmrWLix4AaABAg,"This is just what I needed. I have, unfortunately, been taking in too much news lately. I will be pruning back my intake and trying to not let it disturb my peace and inner calm. Thank you so much for this",35,2025-09-12T16:35:49Z
-ZtuZl3rgIY,Ugx53TLtctc9ZqSsP5d4AaABAg,Finding peace in chaos is so important.,0,2026-01-06T07:39:34Z
-ZtuZl3rgIY,Ugw7n-yIGfAcNF5SnYF4AaABAg,"I’m having so much trouble balancing news and mental health. Recently I had tried to ignore all of it, but I’ve realized that that can’t work either. Honestly I don’t really know what to do, but I guess I’ll keep trying.",3,2025-09-24T18:28:35Z
-ZtuZl3rgIY,UgzIdKaJnXs4fn7jk414AaABAg,Finding peace is so important now.,0,2026-01-03T07:18:39Z
-ZtuZl3rgIY,Ugypdaj337WvnTYVcdl4AaABAg,"I like what Ryan Holiday says about how instead of watching the news you should read instead and you’ll learn what’s really happening because it already has before. Brilliant video, much needed!",12,2025-09-18T05:38:32Z
-ZtuZl3rgIY,UgzNW7w0nWM0f7rYQBF4AaABAg,"After watching the news a lot the last few days, this was exactly what i needed to hear. I feel so much better now, thank you❤",14,2025-09-12T16:48:13Z
-ZtuZl3rgIY,UgzWfZcyukyXl4ZGd2d4AaABAg,I learned a new word a while ago. “Compassion Fatigue”. The feeling of mental exhaustion trying to feel for everyone and everything proportional to the size of the internet.,3,2025-09-19T14:36:33Z
-ZtuZl3rgIY,UgyfwRvBsScO294jJVZ4AaABAg,"I always just called, ""the news"" ""the bad news""",4,2025-09-13T16:01:14Z
-ZtuZl3rgIY,Ugz8RxbsPE-sbPvMFAd4AaABAg,"After reading the comments it seems that many people have naturally realised on their own accord they have been taking in too much news - I, being one of them myself. I realised it is now time to switch off, what I even had been watching… which was very slim",11,2025-09-13T19:52:40Z
-ZtuZl3rgIY,UgzdTXm7kBPOfo3b6Kl4AaABAg,I like to shut off from the news most days. I like as little news as possible,9,2025-09-12T14:44:25Z
-ZtuZl3rgIY,UgyyYGI_qpopEI0ChSd4AaABAg,"Some time ago I watched an interview on the BBC-it was extremely negative and led the listeners towards a very bad conclusion. A few weeks later I saw the same interview-but unedited and in full-and the whole story was completely different. I realised that the BBC is just as guilty of alarmism and altering the news as all the tabloids. It’s all about clicks and money, not about real news. Very enlightening!",79,2025-09-12T18:06:32Z
-ZtuZl3rgIY,UgzslwcI4bLDAdpwqvN4AaABAg,A very important message. Today more than ever.,9,2025-09-12T19:58:42Z
-ZtuZl3rgIY,Ugy_jW72xd9U46eBYFR4AaABAg,"If something is really that important in news, someone around you will be excitedly compelled to inform you",47,2025-09-14T16:34:15Z
-ZtuZl3rgIY,UgyU1zJCdHnfL-ThpeZ4AaABAg,"I have ageing parents, apprehensions about my employment, no support whatsoever. I have enough problems of my own.",7,2025-09-12T21:21:55Z
-ZtuZl3rgIY,UgxSUN6DnbG0tro3Ut54AaABAg,"News can easily give the impression that the world is going downhill. 
It gives more attention to the sudden and shocking, than to positive upward trends. News can make us forget the larger historical picture of progress we now find normal. 
Change is sometimes one step back two steps forward.",2,2025-09-20T15:05:07Z
-ZtuZl3rgIY,Ugza2MW-7UOFLW_gZid4AaABAg,This video may be the only good thing the YouTube algorithm has recommended to me all year - I really needed this right now (as do many others I'm sure) - thank you,6,2025-09-16T08:55:24Z
-ZtuZl3rgIY,UgyxVoDNkCYnP2bOo_x4AaABAg,I haven't even watched this yet but I couldn't agree more with the title avoid the news like a plague it's absolute poison,10,2025-09-12T17:05:32Z
-ZtuZl3rgIY,Ugyea9Zt88JMQ6_qf0B4AaABAg,Finding peace is so important today,0,2026-01-05T07:13:26Z
-ZtuZl3rgIY,UgxDRxe9iFjnieJlUhp4AaABAg,"This is a more minor point but I love the short pause you do before saying ""Thank you for watching""",9,2025-09-12T17:53:03Z
-ZtuZl3rgIY,UgyP5MUF7Zj3oOSOGCh4AaABAg,"I have been thinking this for years.   And when you look at this stuff from 30,000 feet - you can see the manipulation, fear, doubt and uncertainty at play.   When your in it every day your emotions are being tapped.",9,2025-09-13T15:11:08Z
-ZtuZl3rgIY,Ugw6nK7r1IxYMS-vZc94AaABAg,"Thank you.
I needed this video so much. The world these days has destroyed my confidence in humanity and my peace of mind.",14,2025-09-12T15:31:08Z
-ZtuZl3rgIY,UgwMFmGUHSs4B5xKSqR4AaABAg,Missed you videos all these days. Happy that you are back with ur content. Its one of the bests 🙏,13,2025-09-12T16:12:36Z
-ZtuZl3rgIY,Ugyf8o0M4FTKFWq63LZ4AaABAg,This is much needed and couldn't have come at a better time. Thank you Einzelgänger! 🙏🙏🙏,9,2025-09-13T10:43:47Z
-ZtuZl3rgIY,UgwOKGu9J6p7Sxz1NaN4AaABAg,Staying calm is so important today.,0,2025-12-07T04:55:02Z
-ZtuZl3rgIY,UgzFifU7bKvnUHKkqLJ4AaABAg,"We shouldn't be consumed by the news cycle, but we shouldn't bury our heads in the sand either. You have to find a balance between being aware of the important things happening in the world, as well as enjoying your personal life.",131,2025-09-18T14:06:51Z
-ZtuZl3rgIY,Ugxz9_HcN0Y4_EtDouN4AaABAg,"Very wise message. Everything ends, for better or for worse.",0,2026-01-19T23:02:47Z
-ZtuZl3rgIY,UgxXbJjVyq1-wopjvTl4AaABAg,"The entire tragedy of the stupidity of humans condensed through one wire , one circuit , is overwhelming.",4,2025-09-12T15:44:45Z
-ZtuZl3rgIY,UgwKH_zJyiNiSmcZUrB4AaABAg,"The timing of this video was very necessary, it's shocking how the media shapes our view of the world so heavily, and in reality, there's limited things we can do about them",4,2025-09-16T23:47:46Z
-ZtuZl3rgIY,Ugy1RJ6lLvMOsWCuPzF4AaABAg,the key is balance,3,2025-09-22T18:29:57Z
-ZtuZl3rgIY,UgyA4djunnAw60wqPq94AaABAg,It’s hard to ignore when companies have a vested interest in shoving it in your face,1,2025-09-18T22:47:00Z
-ZtuZl3rgIY,Ugxo6NMmMRusNBH-ydV4AaABAg,"Great hearing you, loved your content for years, always so helpful ✨☮️",25,2025-09-12T16:25:00Z
-ZtuZl3rgIY,UgwgZEpOaq-ncXviHjV4AaABAg,"I needed this more than ever. I actually used to have this view, until the latest news piece and I got sucked back into it... This was the reminder I needed.",1,2025-09-17T04:24:55Z
-ZtuZl3rgIY,UgxdzMIRSVaUFtqCwFx4AaABAg,"This is exactly what I've been thinking lately. I bought a flip phone, especially for when I go outside and next to my bed. Got rid of social media and don't read the news anymore. I have a smartphone for when I'm home w wifi, but only use it for handy, useful things. We used to live in villages and didn't know a damn thing about other places. It's useless to take in all this stress and awful images, we can't help anyway.",4,2025-09-15T08:37:28Z
-ZtuZl3rgIY,UgzKoHXCeia0L3s7d9N4AaABAg,"I realised this when i was 13 when the news was terrifying me . Disasters , people , crime . Im 28 now and if its important i hear about it from word of mouth . I would recommend it to anyone but understand why it doesnt work for all , but couldnt understand being that way , intrenched in the news !!",2,2025-09-17T15:05:22Z
-ZtuZl3rgIY,UgzNLqnx2MB9Z24N4lB4AaABAg,"I stopped reading or watching the news since the first of last august. My intent was to read a summary of the news at the end of each month. When the month was over and I knew that I can read the news, I decided not to because I wouldn't trade the peace of mind and calmness I gained  for anything. Alain de Botton wrote a book about this very subject: ""The News: a user's manual"". Good read.",19,2025-09-12T14:50:29Z
-ZtuZl3rgIY,UgwY8POKYiGZn6PL_IR4AaABAg,"I really needed this video. Einzelganger, your timing is impeccable 🙏🏼",2,2025-09-15T12:58:18Z
-ZtuZl3rgIY,UgyOuUplJcJlsuK14zF4AaABAg,Unfortunately we do live in society whether we will like it or not and we need to participate in it as well. We are required to do the voting a political party and we do need to be informed of the outcome of that vote that will influence our and our children's lives. Stoicism is ok  within the reason. Everything in moderation is the best option as well as critical thinking is required which is unfortunately missing in a lot of people today.,11,2025-09-14T21:36:25Z
-ZtuZl3rgIY,UgzHcV6aNElMUXy6uzB4AaABAg,Try to watch or listen to the news only once a day. Do not always talk but try to listen.,2,2025-09-15T07:51:37Z
-ZtuZl3rgIY,Ugw5PfYw9D-nR8KjQP14AaABAg,"Hey Zel, I have been watching your videos for many years now. I just want to tell you that I appreciate every video that you have ever brought to YouTube. Also I like your new bit about saying that you're a real person and not a AI I think it's very important that people know that you're a real person making real videos for real people",10,2025-09-12T15:05:39Z
-ZtuZl3rgIY,UgwttkqwSeuTPiRfI3p4AaABAg,Thank you so much for coming back… You have changed my life with these videos.,0,2025-11-04T15:42:48Z
-ZtuZl3rgIY,UgwZmoq_FdTCEPrOLod4AaABAg,Thanks for uploading,9,2025-09-12T16:30:00Z
-ZtuZl3rgIY,UgzFWBTOlhmBJ8c2QpN4AaABAg,Don't let tornado sirens ruin your peace,1,2025-09-21T10:50:25Z
-ZtuZl3rgIY,UgwVgE5kZh81JFnAJ_J4AaABAg,"Thank you very much for returning with your content. Your channel is unique. I have stopped watching tv 15 years ago. No regret. Consume news in writtern form, only facts with no video and alarming voices of the jornalists.",13,2025-09-12T15:03:38Z
-ZtuZl3rgIY,Ugx7P_xAfs9WGLbQwPZ4AaABAg,"It's so nice to hear from you again, Stephan 🙌🏻🧔🏻‍♂️❤️

Thank you for this.",1,2025-09-15T09:13:43Z
-ZtuZl3rgIY,UgyBjBDenFx9QVXFX8B4AaABAg,News in moderation is the solution. Being ignorant about the issues at hand is quite what a certain section of the world is right now,47,2025-09-21T07:18:56Z
-ZtuZl3rgIY,Ugz65T7Rb7KrzJiH-Yh4AaABAg,"Stefan , I've been following you since the time I was a kid , now I'm 23 your videos has helped me a great deal on life and moving forward . Glad to have you back after a break you have taken. I wish you well, and no matter how much words I put in , I love the fact that you were able to communicate things clearly from the get go. Thank You.",2,2025-09-14T02:08:17Z
-ZtuZl3rgIY,UgxnajYS046n5Flg1Zp4AaABAg,Timely. Thank you for this. 🙏🏾,6,2025-09-13T13:54:21Z
-ZtuZl3rgIY,UgyQ28xkPH1f2XxmDpJ4AaABAg,This has to be one of your best video so far ! Thanks a lot !,1,2025-09-19T20:00:02Z
-ZtuZl3rgIY,UgwxteAOLYEJBnWJt6p4AaABAg,"I used to never watch the news because of reasons outlined. Lately I’ve gotten into it, and rather familiar with politics. I have never felt so much dread for things outside of my control and this video is perfectly timed.",5,2025-09-12T22:30:10Z
-ZtuZl3rgIY,UgwcPKvxYHYoVrskXcV4AaABAg,Finding calm is so important these days,0,2026-01-20T23:46:37Z
-ZtuZl3rgIY,UgzCnwGAN6LsCwVo8SV4AaABAg,"Relying on the media to get in touch with the world around you robs you of interacting with it and really knowing what needs to be done. Help your neighbor by meeting their needs, not by hearing someone else say they might need something",6,2025-09-13T02:41:39Z
-ZtuZl3rgIY,UgxKi_sxS43tnYc4AsF4AaABAg,"It’s great to see new videos from you. And this is a good reminder to not get sucked into everything, even if “everything” is important.",0,2025-10-09T18:54:38Z
-ZtuZl3rgIY,UgywQ9nJs7BMIBcAUHV4AaABAg,Your message was perfectly timed for me.  Thank you for  piercing through the noise,4,2025-09-12T19:37:42Z
-ZtuZl3rgIY,UgzrXCINPvStD7Fr4b54AaABAg,Wow so I’m not the only one feeling stressed out by the news,1,2025-09-14T21:22:45Z
-ZtuZl3rgIY,UgyfM1yptpT_cYs8y0V4AaABAg,"A very timely video, thank you. As someone who already struggles with depression and anxiety, I truly fell into a depressed state just looking at the news and watching Facebook yesterday. This a great reminder that I am actually happier when I don’t pay attention to world events.",5,2025-09-12T22:07:18Z
-ZtuZl3rgIY,UgytuzFcuWmz69y_-Sd4AaABAg,"Sometimes I would watch the news just to know what’s going on around the world and my hometown, but other than that I would just continue to live my life.",1,2025-09-19T11:41:27Z
-ZtuZl3rgIY,UgxANnucVrV9SVNvIQx4AaABAg,Perfect video at a perfect time. Thank you. Please don't stop making these!,3,2025-09-13T03:38:25Z
-ZtuZl3rgIY,Ugxxhdmfmdwfzx_4Xcx4AaABAg,"The news will ruin everyone’s peace in the very near future, whether we like it or not",2,2025-09-19T08:17:09Z
-ZtuZl3rgIY,Ugzn5svRkq6K4IXZhpJ4AaABAg,"Crazy we probably have more things in common as humans than we care to find out thanks in a mayor to these algorithms that only feed us 💩 and we turn on each other. Insane! I’m glad I’m waking up to it. 

Great 👍 work",4,2025-09-18T01:22:33Z
-ZtuZl3rgIY,UgxfczgdHtNZTdQfKZ14AaABAg,Wish I could do more to promote this video,1,2025-09-20T16:20:23Z
-ZtuZl3rgIY,UgzW8Aorlk4Bf4sQzTh4AaABAg,"Needed this, considering current news. 😢😭",8,2025-09-12T14:30:48Z
-ZtuZl3rgIY,UgwUH6A47NvXyLNSAUR4AaABAg,A weekly news summary sounds like a good idea.,0,2025-09-15T18:35:07Z
-ZtuZl3rgIY,Ugx5C8ntlEV-z9ha3654AaABAg,Just what I needed. I will save this so I can remind myself. Thank you!!,4,2025-09-12T17:12:36Z
-ZtuZl3rgIY,Ugwwk_YfYvwQOCM2J-R4AaABAg,I watch comedians for news and news for comedy,1,2025-11-21T14:58:08Z
-ZtuZl3rgIY,Ugz6o28fAW3zVYjfFP14AaABAg,"These days, I don’t watch news channels because most of what they show feels fake, full of propaganda, or just endless baseless debates. The real news rarely makes it to the screen. I’ve also realized that following this kind of news doesn’t actually help me in any way.",229,2025-09-12T14:37:30Z
-ZtuZl3rgIY,Ugy3x6PTLy5BFNViTkB4AaABAg,Thank you. You have put into words what I've been feeling in the last year or two. It's so tiresome and repetitive. Suffocating even.,0,2025-11-09T20:39:32Z
-ZtuZl3rgIY,Ugwp98j4rXQF4Jp7l8B4AaABAg,Many thanks for reminding us again....,3,2025-09-12T16:43:43Z
-ZtuZl3rgIY,Ugxt6JpTRspot9KkgWB4AaABAg,About 20 years ago I heard of a study or something about how you’re better informed reading only headlines rather than whole news stories.,0,2026-01-09T13:00:50Z
-ZtuZl3rgIY,UgzqojYIlX-R4tzL7YR4AaABAg,Just because we can’t control everything doesn’t mean we should all just collectively stop trying to make things better. Things would be a helluva lot worse if there weren’t any human rights activists,4,2025-09-21T14:25:43Z
-ZtuZl3rgIY,UgwhWGClurIV06IuldV4AaABAg,I prefer to be informed on the things going on around me thank you very much,0,2025-09-21T06:28:41Z
-ZtuZl3rgIY,UgyCXqyweMlqexcAkrB4AaABAg,"Man I swear this is EXACTLY whats happening with me. All these news and divisions is making me so hopeless and depressed and yet I cant stop watching the news ! With so many problems constantly being blurted into my ears, I dont see any point in anything anymore",37,2025-09-13T17:54:47Z
-ZtuZl3rgIY,UgzfPEfaVvIO7VugY7l4AaABAg,I used to not follow the news and all or a sudden i did again and i just realized and this video popped.  Thank you for reminding me.  News just creates anger and division and i am so sick of it,1,2025-09-12T17:32:24Z
-ZtuZl3rgIY,Ugywa5r3xVtIiqbif814AaABAg,"It sucks because I can't afford to just ignore it. I'm in the US in a red state, and my family is of the ethnicity most persecuted bg trump ans republicans. I really want to not care like when I was younger, but it's getting very close to another Holocaust situation here in the US and I have to watch out to know when to try to get my family out of the country. I hope it doesn't come to that, but I can't just assume it wont with our lives at stake.",46,2025-09-15T08:41:06Z
-ZtuZl3rgIY,UgwUdHsJjWxcoM0Nt_14AaABAg,"just realised it yesterday, acceptance was the only way through it",2,2025-09-12T15:45:15Z
-ZtuZl3rgIY,Ugxo2rxEIuUF-JqPabt4AaABAg,"It isn’t just the news. It’s social media and the apps in general. There needs to be a way to curate your algorithm and change it easily if you so please. The algorithm gives you more of what you engage with, and most people engage with the things that trigger them. Your algorithm just ends up being everything that bothers you!",4,2025-09-16T12:24:24Z
-ZtuZl3rgIY,UgwOJ5q_L8niEL2W8Hp4AaABAg,"The comment sections on these videos are my safe space. Everyone is typically respectful, resonating individually, and the personal contributions are usually just a sweet little story or opinion. Such a good community you have harnessed here.",0,2025-10-04T17:51:41Z
-ZtuZl3rgIY,UgzzquwlrFpsWf0yJJt4AaABAg,LOVE these longer videos! Thanks❤,3,2025-09-12T16:43:41Z
-ZtuZl3rgIY,UgwxUHFQu5y2NyahwMN4AaABAg,"Thank you my friend, may God bless you and your family 🙏🙏, cheers from Brazil.",1,2025-09-15T10:40:25Z
-ZtuZl3rgIY,Ugx46V_ZS2lv3LHTB1x4AaABAg,"I’ve been getting so stressed for the last 2 days cuz of the news.  I’m so glad this video was recommended to me right now. 

I love listening o your videos.  Always a joy to the ears and mind",4,2025-09-12T23:53:41Z
-ZtuZl3rgIY,Ugwc30rnOikn_5CtiL54AaABAg,Staying calm is so important these days.,0,2026-01-01T04:37:07Z
-ZtuZl3rgIY,UgzUWGQwWTTDp6E7u1h4AaABAg,"I got sucked in the week after Tool’s song Eulogy became strangely relevant, but up until then I’d done a solid job at sticking my head in the sand. As it turns out, it’s really nice there",3,2025-09-21T20:08:49Z
-ZtuZl3rgIY,Ugz-_78oiMJqaK5Lhe94AaABAg,"You know I needed this video, and I knew I needed it before you even made it. Thank you.",0,2025-09-15T00:43:04Z
-ZtuZl3rgIY,UgwHOv0wzkM8d1orN-h4AaABAg,"Good video. Lately I've been caught up in obsessing over the news, watching updates on the war in Ukraine a few times a day, the issues in Gaza or Iran, etc. Why? I live in what's known as flyover country in the USA and I'm retired, so apart from the prospect of global war, stuff happening overseas doesn't really affect me. OK, it's good to be reasonably informed, but not to the point where it dominates my life. I could see paying attention to news that directly affects me, like if I had kids in school then it would benefit me to know what the local school board is up to, or if I was planning a hiking trip to the Grand Canyon then it would behoove me to know that the North Rim is closed due to damage from a wildfire. Both news items, but they could affect me if I was in that situation. Thanks for the reminder.",10,2025-09-12T19:40:49Z
-ZtuZl3rgIY,UgwMgTorTlwPh6USa2h4AaABAg,"I’ve been pondering this, too. Thanks for posting your well-considered thoughts. I appreciate it",1,2025-09-15T11:06:30Z
-ZtuZl3rgIY,UgzU9LCAM5GiCdkMEW54AaABAg,I think acceptance of whatever comes is key.,8,2025-09-12T16:56:55Z
-ZtuZl3rgIY,UgzoBAGv2suz6gPa6X94AaABAg,"Once again, you step into my life when I feel I need it most.",0,2025-09-14T17:16:06Z
-ZtuZl3rgIY,UgwMtEPV56AyhKgRo6Z4AaABAg,Love and gratitude 💚,13,2025-09-13T21:29:29Z
-ZtuZl3rgIY,Ugy_J_c_MpTtTcZEJDB4AaABAg,Thank you! 🙏 it’s just what I needed to hear.,0,2025-11-10T01:05:43Z
-ZtuZl3rgIY,Ugw7awiWcbiVS2DP2Sd4AaABAg,"I am an immigrant with family in war zones, so I follow the news to stay aware for them. My struggle is that while being uninformed isn't an option, the news is full of bias. I want to be indifferent to what doesn't matter, but it's hard to tell the difference. I would appreciate advice on navigating this.",3,2025-09-21T14:03:07Z
-ZtuZl3rgIY,UgyTqwfGpxcLEYZOdW14AaABAg,Thank you. This video came along at just the right moment.,0,2025-09-20T11:48:54Z
-ZtuZl3rgIY,UgyN1iVNCWrAQHeJHad4AaABAg,"This video is so well timed for me. I was so triggered by recent news, I found myself replying strangers on social media and questioning acquaintances posts. I knew then that I need to stop watching the news/political youtube so much",40,2025-09-12T19:41:53Z
-ZtuZl3rgIY,UgxzZsbUws8oCH3F5FZ4AaABAg,This kind of content is so needed right now. Thank you for doing something good. Peace and love to all.,1,2025-09-17T12:28:28Z
-ZtuZl3rgIY,UgxPzRbqdka0K3_f5Kh4AaABAg,"I had a realization watching a video about a pizza maker in Japan on PaoloFromTokyo's channel. This guy went to Italy, fell in love with pizza, and dedicated his life to making the best pizza he could for the rest of his life. No sign he's ever even watched the news, he's too busy dedicating all his time to his passion and love in life. Why tf am I wasting so much time on the news and other peoples lives when I could be making my own the best it could be...done with it.",77,2025-09-13T03:02:20Z
-ZtuZl3rgIY,UgwoYB9V0Ia48Y4h5uV4AaABAg,Thank you so much for posting this. I was doomscrolling and feeling rather nihilistic when you bring me hope and direction ❤,0,2025-09-20T05:05:38Z
-ZtuZl3rgIY,UgyCNpg9IY5TQp5ymb14AaABAg,"“Acceptance is the answer to all my problems today. When I am disturbed, it is because I find some person, place, thing or situation—some fact of my life—unacceptable to me, and I can find no serenity until I accept that person, place, thing or situation as being exactly the way it is supposed to be at this moment. Nothing, absolutely nothing, happens in [this] world by mistake. Until I could accept my [this world], I can not stay [sane]; unless I accept life completely on life’s terms, I cannot be happy. I need to concentrate not so much on what needs to be changed in the world as on what needs to be changed in me and my attitudes.”

— friends of Bill W.",5,2025-09-12T15:36:23Z
-ZtuZl3rgIY,Ugza8JEQDACXdUdQl7l4AaABAg,"an inspiring video as always, in this era we all need to learn about how to keep our inner peace undisturbed",0,2025-09-16T06:21:02Z
-ZtuZl3rgIY,UgyrUyqs0S7ojIoYiQ94AaABAg,thank you 4:14,16,2025-09-13T00:54:16Z
-ZtuZl3rgIY,Ugy8cBgKJl3hFbpYgXx4AaABAg,Thank you Stephan for this video. I needed to see it. As did all my friends and family. Shared.,0,2025-09-18T17:20:44Z
-ZtuZl3rgIY,UgzBk8Nw2wxBHUKkFjd4AaABAg,"wise words, my man. im not above getting sucked into a doom spiral while looking at news, and can actively feel my stress levels rising. and its almost always about things i have no control over, and dont effect me. its something im working on, and something we should all probably work on. all we do is reward the people who are poisoning us, and dividing us. my stupid suggestion to many people is to replace doom scrolling with a hobby that interests you. find a community of people with that interest and engage with them. it wont solve the worlds problems, but it will make you happier, and be infinitely more productive.",4,2025-09-17T17:58:08Z
-ZtuZl3rgIY,UgyrIJkFuzXzP9Wfkex4AaABAg,Finding peace in chaos is so needed!,0,2025-12-18T15:27:39Z
-ZtuZl3rgIY,Ugx9e63suHwbjMrH8ep4AaABAg,Thanks for the video friend...,8,2025-09-14T02:52:33Z
-ZtuZl3rgIY,Ugyc6FSzXD6F5pOjwfN4AaABAg,"I have watched a lot of your videos they bring me peace and I have bought your two books and enjoyed them. This I think is probably the best video you have done to date, thank you.",1,2025-09-19T14:04:30Z
-ZtuZl3rgIY,UgyDwzxf2l1MVen62hl4AaABAg,Your voice is so calming ❤,4,2025-09-12T15:07:45Z
-ZtuZl3rgIY,UgxH9p4uv0jQIb6dWVl4AaABAg,Thanks. This is a very refreshing video to watch today and worth to be seen multiple times.,0,2025-09-16T13:52:07Z
-ZtuZl3rgIY,UgyWnYmTjW8ubJN20894AaABAg,"""You can only avoid the world for so long before the world comes to your doorstep, man."" -Rick Sanchez",4,2025-09-22T00:40:30Z
-ZtuZl3rgIY,UgxnjolHJUGOuirWExZ4AaABAg,Köszönjük!,10,2025-09-12T19:07:49Z
-ZtuZl3rgIY,Ugy8DHpPbI7q7058ScR4AaABAg,"The news loves eye catching events, meanwhile the slow, deep level processes and movements that really affect life, unfold in slow motion and lack drama. A good example is weather news: a big storm grabs the news, but slow climate change that underlies these storms, is ignored.",2,2025-09-14T06:46:55Z
-ZtuZl3rgIY,UgxoCQR0s-XbuoGURQ54AaABAg,"Remember, when we were a part of the tribe hundreds of thousands of years ago, we only ever really heard about 'news' from our tribe and at most, the nearby tribes. Our brains simply aren't capable of absorbing all this information from around an entire planet. Don't even get me started on social media and how we compare ourselves to people completely outside of our social circle. 

Another great video Einzelganger.",3,2025-09-12T18:26:54Z
-ZtuZl3rgIY,UgwAKnQm6IPmtMpLUzZ4AaABAg,Youtube recommendation actually coming in clutch. It’s been a struggle to “stay in the loop” without being consumed by it.,0,2025-09-19T13:27:35Z
-ZtuZl3rgIY,UgyVMPkaEa61BG6Y6Et4AaABAg,"Times today are not any different than any other era in the history of humanity. I firmly believe the human experience is essentially the same regardless of the time or place you were born. You are born, you get sick, you are sad, you are happy, you worry about the future or dwell on the past, you love, you grief, you die. Through all of that there are wars, incoming doom, the end of the world, hunger, disease, inequality. But it goes on.",2,2025-09-18T05:02:51Z
-ZtuZl3rgIY,UgwWejGEGHMiytX-31F4AaABAg,"This has just started to affect me the past couple of weeks, I´m so happy to see this video",2,2025-09-13T21:01:31Z
-ZtuZl3rgIY,UgyAbDsmOkWnudrxPEh4AaABAg,"I remember seeing your video saying you’re walking away, but I have followed you for years now. I have not always kept up with your channel, life gets in the way, you lose your own way, lost in the landscape, but I was happy to see this video pop up. Maybe life gets hard for you to, I’m sure it does, but your voice and reason are helpful. In the US, it’s dark times. I feel I have no purpose and nothing to live for on a daily basis. I can’t even open a media app without seeing hate, death and destruction. I am a trans person who spent the last two decades serving the American military, and I was tossed out like trash with no retirement and have not worked since last year. I’m losing the home I bought to take care of my mom who died of cancer, I’ve lost everting. 

At times, I remember the things I learned about Seneca and other philosophers from people like you that help me cope. 

I have real reason to exist, but, it’s nice to see a new video. I don’t really think your advice in this video applies to me, but I’m sure it will help many. That’s good. That’s putting something positive in the world. The Ikagi, and hopeful a small sliver of peace that may help change and inform other minds to attempt to build a better world for others. 

My world is over, it’s too late for me, but I hope you continue to do what u do and help people drive on when they feel their lowest. 

Thank you Einszelganger.",3,2025-09-17T13:28:53Z
-ZtuZl3rgIY,UgzXzh1PjWn4UuBqZix4AaABAg,Thank you so much for posting this.  I feel like crying as clarity slowly returns.  We're all so susceptible to going down a rabbit hole. The anger and grief isn't sustainable.,2,2025-09-13T13:42:29Z
-ZtuZl3rgIY,UgxlYCNEnfnoibB5s2R4AaABAg,Thanks!,12,2025-09-12T23:53:44Z
-ZtuZl3rgIY,UgzJIMqm-CFi9SVi3Gt4AaABAg,I even deliberately switch channels when the news start. I just can't take it anymore 😕,1,2025-09-14T07:18:22Z
-ZtuZl3rgIY,Ugwblw6fhiHNdZ1-jTB4AaABAg,"I have been fatigued for years and I think it has a lot to do with news. It’s nothing but ragebait and fear. A decade ago I was never a news junkie and I was happier. People wanna say “oh gotta be informed”. For what ? All the news I consume doesn’t affect me for the most part,and if they do there is nothing I can do about it.",17,2025-09-12T14:59:38Z
-ZtuZl3rgIY,UgwHz9Ft2ZoPq-D3kfV4AaABAg,This video could not be timed more perfectly. I literally opened YouTube saying I would change the algorithm and not watch news,0,2025-09-19T03:04:53Z
-ZtuZl3rgIY,UgyBXbmX8WvEKxWNSZR4AaABAg,"A noble point. I try to stay away from it. However, knowing my President wants me killed, I have to keep a 1/4 eye on it to stay away from his goons.",26,2025-09-18T14:04:02Z
-ZtuZl3rgIY,UgwyesxJyoyFn8cIjdp4AaABAg,"I want to say that I truly appreciate you and this channel. Whenever I feel down or hopeless, the wisdom you share always helps. Thank you.",0,2025-09-16T04:09:44Z
-ZtuZl3rgIY,UgySABnCsuAJ02Jj-F14AaABAg,"What I didn't like about your message is ""We can do nothing"".
We can do something! It is not much most of the time though.
I would say worry just enough to do something about it. But not enough to turn to jelly.
But retreat is not an option!",3,2025-09-13T06:59:36Z
-ZtuZl3rgIY,UgxDRLrUqIgPitrySHZ4AaABAg,I really needed this video. Thank you.,1,2025-09-17T13:11:30Z
-ZtuZl3rgIY,Ugz4DTPdvBkB3LwE9Xl4AaABAg,"I don’t think this is the right call. We should encourage people to not take each individual story at face value and look for patterns and narratives, you’ll naturally begin filtering out the slop from the relevant information.",3,2025-09-19T15:51:27Z
-ZtuZl3rgIY,Ugxf7vZiLJ3JXCwwbI94AaABAg,"Thank you, just what I needed right now ❤",0,2025-09-13T21:57:09Z
-ZtuZl3rgIY,Ugx6JpFkkD_dAyRfEg14AaABAg,"On occasion I simply get up in the middle of the night. I ride my mountain bike on a desert trail that I know very well. I go about 2 miles deep into the desert, then I sit down my bicycle and turn off all my lights and I go find a large rock. And there I sit. In the middle of the desert with no distractions no phones no nothing, I just sit there in the middle of the night.",7,2025-09-15T02:57:13Z
-ZtuZl3rgIY,UgytqlZ4oihDJ_yvV514AaABAg,"Thank you for reminding me. The news has been so sad and often repeated with constant ""Updates"".",0,2025-09-12T20:53:25Z
-ZtuZl3rgIY,UgzameFXPK6SrrWPj1x4AaABAg,"I enjoyed this video but I think to some extent, you are privileged in the fact that you in the Netherlands. In the US we face a very real threat of authoritarianism/fascim. I feel incapable of staying calm, knowing the hell that’s to come.",19,2025-09-16T11:10:04Z
-ZtuZl3rgIY,UgzFPg_h9AEWXrSXn5d4AaABAg,"Thank you for your insights, your perspective and wisdom are of great benefit to me and your videos have been a beneficial resource for calm and restoration for me for several years now. Cheers",0,2025-09-16T12:40:41Z
-ZtuZl3rgIY,UgziNRAfD_OI3zgw6tR4AaABAg,"I will rewatch this video every time I  need to ease my fear,  every time I need courage,  such wise words!!!!
NOTHING  LAST  FOREVER  😊",28,2025-09-12T15:11:13Z
-ZtuZl3rgIY,UgxjXCCV4S7Pt5jWK5l4AaABAg,"it breaks my heart to have to acknowledge that this is a very well rounded and good opinion.. as someone who is a part of several marginalized groups, it is so extremely hard to try to look away when i watch my rights be stripped and demolished in real time.. but im not capable of creating any sort of meaningful change at this point in my life, and i can fully understand that. i do not have many friends, but most of the people i associate with would consider themselves ""activists"", however sometimes i get a real sense of shame being around them, as i dont ""speak up"" or ""do things"" as much as they like to assume they do. i sometimes get a feeling they think i dont care about significant atrocities in the real world, but i feel like ive cared so much and feel so helpless (cant even monetarily help or volunteer due to unemployment/being significantly physically disabled) that i just dont know what to do.. turning to philosophy has been my greatest comfort in these tumultuous times. i know my friends would likely think less of me for having to turn my eyes away, but im still trying to survive my own life, as unfortunate as it all is.",1,2025-09-20T23:38:12Z
-ZtuZl3rgIY,UgxBjIoHpH60VnbEizF4AaABAg,Perfect timing thank you,10,2025-09-12T14:30:54Z
-ZtuZl3rgIY,UgzxzyIcKKkEfkbbBkZ4AaABAg,"This for me is one of your best videos. You highlight a few stoic principles, but then the rest comes from your own direct experience and it comes across in a powerful way. Great work.",0,2025-09-17T09:06:24Z
-ZtuZl3rgIY,UgxvOoV_44qqrdq2C2F4AaABAg,Haven't watched or read the news in probably 10 years. Unless it directly affects me i don't care and if it does i will hear it from somewhere else.,10,2025-09-12T16:56:39Z
-ZtuZl3rgIY,UgwJj3HlyAT-Z9_W7F94AaABAg,I’ve found even without social media (other than yt) or watching the news the people in my life will tell me all the good stuff anyhow.,2,2025-09-12T15:58:52Z
-ZtuZl3rgIY,Ugw4RxFjypekeanWHRd4AaABAg,"Fuck the news and fuck politics. 

I just quit my job and moved to the other side of the planet and life has never been better.",13,2025-09-12T17:06:19Z
-ZtuZl3rgIY,Ugx0HqY6wiNRCAyniQZ4AaABAg,You don't necessarily have to engage with the news. But you do have to accept reality.,2,2025-09-12T16:07:53Z
-ZtuZl3rgIY,UgwJDJMX1gNwq8zqwHF4AaABAg,"""Don't watch the news"" I told myself until putin started bombing Ukraine where my family resides. The politics have tendency to come and destroy your life whether you watch the news or avoid it like a plague.",11,2025-09-19T14:37:32Z
-ZtuZl3rgIY,UgwRedyEX47T-9Gfnt14AaABAg,"I wonder what would happen if we didn't pay attention to these oligarchs, politicians, millionaires and attention seekers who provide no solutions to human progress",1,2026-01-14T04:42:19Z
-ZtuZl3rgIY,UgzZwkGE7haX2EYlFRh4AaABAg,"Not watching the news is like the frog in water. If you don't know what's going on, especially in the political environment the US currently has, you will be cooked alive. You must fight against tyranny, not ignore it or pretend it doesn't affect you.",2,2025-09-18T08:50:34Z
-ZtuZl3rgIY,Ugwr76awZObHHiMz57R4AaABAg,"There is a flaw in the core of this „it’s beyond my control” approach. Everything can be affected by you, you will just likely never prioritise it over your daily matters, comfort and safety….",1,2025-09-21T07:50:11Z
-ZtuZl3rgIY,UgyuA8y-eXeG9S8TKUt4AaABAg,"Unfortunately people around me not reading the news are strikingly prone to misinformation and conspiracy theories. I first started witnessing that during the pandemic. Before that, I'd have agreed with you.",7,2025-09-14T14:18:39Z
-ZtuZl3rgIY,UgxZCgW9IEHr4RohYWF4AaABAg,"I’ve stopped watching news since 2020
I only hear about big events but never get deep in them",0,2025-09-16T13:02:58Z
-ZtuZl3rgIY,UgzHGI08oP1pvrmc2EJ4AaABAg,"Dark times are upon us, has the world really plunged itself chaos and despair or did I just grow up? Maybe it's a bit of both and more. Our technological prowess combined with our ignorance and propensity for aggression, hostility and violence makes the modern world a truly frightening place to inhabit.",5,2025-09-12T14:45:31Z
-ZtuZl3rgIY,Ugyqo78YRcDZ3JbzEQR4AaABAg,Divide and conquer,2,2025-09-17T22:52:03Z
-ZtuZl3rgIY,UgwnBoIa5l0q_Mexqw14AaABAg,"took me decades to finally open a Bible. its timeless wisdom took me aback. it changed my life. there is hope, believe me.",3,2025-09-12T16:51:22Z
-ZtuZl3rgIY,UgzGi9ynUemmGkIx4gh4AaABAg,"Thanks mate, this was much needed!🙏",0,2025-09-16T07:21:10Z
-ZtuZl3rgIY,UgyvW9PPj4V-vDyURpx4AaABAg,"A rule of thumb- stay away from all the words/labels that end with “-ist” generally- capitalist, socialist, anarchist, communist, atheist, theist, extremist, terrorist, nationalist, fascist, racist, optimists, pessimists, psychologists, economists, journalists and most importantly- a dentist.",6,2025-09-13T12:29:08Z
-ZtuZl3rgIY,Ugw4Wuh9YxBo41jq2Y94AaABAg,Dank je wel weer. Dit had ik net ff nodig,0,2025-09-15T11:08:26Z
-ZtuZl3rgIY,UgyD96cDH7OIZzuPDHx4AaABAg,Ignoring reality doesn’t make it go away. You’re just comfortable enough to be able to “ignore the news”.,3,2025-09-18T17:34:51Z
-ZtuZl3rgIY,Ugx02pT_D6hxR3axR514AaABAg,Thank you for another timely upload,0,2025-09-15T02:20:14Z
-ZtuZl3rgIY,UgyHOMivqhLCq50dXlt4AaABAg,"5:45 it should now affect us but we are all connected in this Web of life, the butterfly effect is real. We also live in a globalized economy so what happens on the other side of the world does indeed affect us even if we think it does not",3,2025-09-14T00:58:21Z
-ZtuZl3rgIY,UgzXc_qRLMVCOOGRw6Z4AaABAg,Right on time. Thank you.,0,2025-09-14T14:06:00Z
-ZtuZl3rgIY,Ugxtj7mQb_96-hK0Wbp4AaABAg,"Truth is you can bury your head in the sand as long as you like, but the things going on will and do affect you. Form an opinion on things and join the like minded people for change, before it's too late.",5,2025-09-16T09:27:41Z
-ZtuZl3rgIY,UgzE6dzcRge5aMBhdVV4AaABAg,I agree. This is one of my favorite channels. ❤,0,2025-09-15T14:06:30Z
-ZtuZl3rgIY,UgyaEon5ZNSRHaz3Q2J4AaABAg,"This is goes too far into ignorance.  Government would love people not to care. Thats thier ultimate goal. Dont care, just obey.. The wise message is dont over do it with information overload. Its wise for the the human to have a degree of caring. Because whether this person admits it or not We are all affected if we don't care. Look at Gaza. How could you not care!",5,2025-09-13T00:34:06Z
-ZtuZl3rgIY,Ugxbtz2WStA0x4e-XtZ4AaABAg,Exactly what I need to hear thank you ❤,0,2025-09-15T13:26:36Z
-ZtuZl3rgIY,UgyqxZPaz0n4zFQfmXx4AaABAg,"Every religion and moral schema eventually gets spread as ""Shhh, let the bad people do the bad things.  Don't worry about evil.""  Jesus Christ explicitly said, ""I tell you, do not resist an evil person.""  And he practiced what he preached.  A decent working definition of religious moral faith might be: do nothing about human evil, but trust that a Universal Force of Goodness will prevail.",4,2025-09-12T16:20:28Z
-ZtuZl3rgIY,Ugyyx1iYxdqX0hpvmhh4AaABAg,"This was wonderful. 
Thank you.",0,2025-09-19T15:34:43Z
-ZtuZl3rgIY,UgyCfEt5tMtZlzUYygV4AaABAg,"It makes me sick how the media has covered Charlie Kirks murder. They call him on ""activist"". He was never an activist, he was a billionaire funded propagandist paid to spin narratives to fit a hateful ideology.",9,2025-09-14T12:02:23Z
-ZtuZl3rgIY,Ugwp-IpwJ-MJRy8mr9R4AaABAg,"Love this post. I have been struggling for a while against how much of my time has been spent with this screen in my hand, bombarding my vision and mind with an endless stream of ‘everything’. 
Thankfully, I feel I am prying it out of my grip more often and connecting with classic reality again and feeling much better about the world.",0,2025-09-18T16:06:04Z
-ZtuZl3rgIY,UgwOL8d79Tg9CywCZSF4AaABAg,"I understand what you’re trying to say, but in troubling times your video comes off as irresponsible and disingenuous. You say to “have faith that times will get better” but better by who? Things only improve when people put in the effort to make change happen.

If you tell people to tune out of what’s going on around them, they could wake up one day to find that many of their civil rights have already been taken away. What do you say to that? Right now, we have someone in power who is actively working to erode the checks and balances of our country. If people don’t become conscious of the forces at play, we risk sliding into dictatorship.

This isn’t the time to tell people to tune out. The responsible thing is to point them toward reliable sources, so they can stay informed without being consumed by negativity. Yes, the world feels heavy and depressing right now, I feel it too, but that’s not a reason to run off and hide. If things were good, we’d all be enjoying them. When they’re not, it means we have to engage, not escape.

Things don’t just miraculously get better. It takes faith, yes, but also willpower and action. That combination is what leads us to a better future. 🙏🏾",3,2025-09-19T12:44:40Z
-ZtuZl3rgIY,UgxynlJc4lr_3Wgum7t4AaABAg,My dad needs to hear this so bad.,0,2025-09-15T14:51:15Z
-ZtuZl3rgIY,UgyoiYO2qqS6JOlbz-94AaABAg,"This video is a disappointment: I thought this channel encouraged critical thinking and looking beyond the realm of possibility. No. It actually encourages ""not looking, covering your eyes and ears,"" selfishness, and ""I don't care because it's not my problem."" Yet another channel that promotes individualism.",6,2025-09-13T01:08:46Z
-ZtuZl3rgIY,UgxbEoy05wEx5HlEkYt4AaABAg,I needed this so bad rn. Thank you 🙏,0,2025-09-14T14:59:54Z
-ZtuZl3rgIY,UgwiniTw3NTPL6k4HMZ4AaABAg,"The problem is right now Europe and America are in a terrible situation. I genuinely don’t think things have been this bad since ww2. We have fascists either ruling or in the case of the uk and other euro countries, about to get in power. 

It’s hard to just sit back and ignore because the bad guys are truly winning, and I think the world is about to get a whole lot worse for a lot of people",3,2025-09-16T13:56:09Z
-ZtuZl3rgIY,UgzSDX7MijKSA26wYpR4AaABAg,Thanks for the timely reminder that the news drags us down. I normally temper it by watching something uplifting and avoiding the worst but it's been so bad lately its nearly flatlined me.,0,2025-09-13T05:11:12Z
-ZtuZl3rgIY,Ugyt50DO2uzpvTwtwYF4AaABAg,Finding peace is so important today,0,2026-01-05T16:17:11Z
-ZtuZl3rgIY,Ugy6YkcJnGYGfGXL4sh4AaABAg,Ordinarily I agree with this basic concept. But we live in exceptional transformational times.The future of Western Civilization hangs in the balance.,5,2025-09-13T23:20:05Z
-ZtuZl3rgIY,UgzUZbhOFx-F7pR-MXh4AaABAg,"Thank you. I, like many others, really needed this Video",0,2025-09-15T12:49:07Z
-ZtuZl3rgIY,UgziEa2O_Z9q85svMet4AaABAg,Lmfao this video is exactly what people in power want. Yeah don’t pay attention to the erosion of your civil rights and liberties. Clown 🤡,3,2025-09-19T12:15:56Z
-ZtuZl3rgIY,UgxHvQ-BvpovO7C_LIZ4AaABAg,"I needed to hear this, thank you 🙏",0,2025-09-15T05:33:19Z
-ZtuZl3rgIY,Ugy7CcxIwljolJboPtl4AaABAg,I'm glad your videos popped up again on my feed the news have been crazy the past few weeks. Thanks for all the videos,2,2025-09-14T20:10:02Z
-ZtuZl3rgIY,UgxsXmu4AW44Y-ER_pF4AaABAg,Thanks for the video. I needed this. 😭,0,2025-09-14T15:35:12Z
-ZtuZl3rgIY,UgyTIKU-82wPDp-iO9x4AaABAg,Missed your vids. Thanks for posting.,0,2025-09-30T02:09:26Z
-ZtuZl3rgIY,UgwLIbpTL09JPXKpTIJ4AaABAg,The past few days I've been diverting my attention to more constructive and peaceful media or activities 💯🔥,0,2025-09-21T17:05:12Z
-ZtuZl3rgIY,UgzsrGMdlcr3iQ4clWZ4AaABAg,"Change what you cannot accept, accept what you cannot change.",1,2025-09-15T05:52:32Z
-ZtuZl3rgIY,Ugxn_CcgpXaU-sUxBfl4AaABAg,I have cut back alot. I'm glad that I have and try to spend more time in the real world,0,2025-09-20T13:22:42Z
-ZtuZl3rgIY,UgwB9CsV-X94wjeNN-Z4AaABAg,Finding peace is tough these days.,0,2026-01-02T03:13:19Z
-ZtuZl3rgIY,UgzPlNxpWhZZczmmbw14AaABAg,So glad you are back. I adore your videos & the insightful  train of thought you always have best to you. Thanks for giving us light at this moment this comes in SO handy . My gratitude best AN,0,2025-09-19T12:31:04Z
-ZtuZl3rgIY,UgxVKtd_OAp_utjVLEt4AaABAg,"My 16 year old daughter and I were in my car, as i was taking her home from work.  We were talking about the past week's news, and it's implications.  She and I are not diametrically opposed in viewpoints, but I am aware of the narratives that target her (and simultaneously the ones that target me).

As we were talking, the highway bottlenecked and came to a stop... we saw the aftermath of a gruesome accident, and everything changed...

She kept saying ""I hope they're ok"", but I couldn't help but know that no... they were not, indeed.

This past week has changed me.  In the wake of a big event, I chose to shut most of my usual sources out.  ...I already know what most of my usual sources were going to say, and I didn't need to hear it.  Brief headlines are all I need now.  
As much as my dream is simply to become a hermit in the woods, I should at least know the headlines... but it's not worth wholly immersing myself into, as I have a job to do, and children to raise.  Awareness and being informed are important, but the here and now is most important.",1,2025-09-15T06:52:00Z
-ZtuZl3rgIY,Ugx38wN_Lf6o0eb6gDJ4AaABAg,"This is so accurate. Also, certain people revel in the attention even if it's bad, because it bestows the martyrdom they crave. Stop feeding the beast.",1,2025-09-15T08:50:53Z
-ZtuZl3rgIY,Ugz6TL6VSY-lp2bCG7V4AaABAg,"I didn't know how much I missed your videos all this time you were on a break, but I realize it now. Thank you",1,2025-09-14T11:03:45Z
-ZtuZl3rgIY,UgzpNMTPhrFBrdywi3B4AaABAg,"I will watch this video and I agree that one should not watch news every day - stress destroys your body.

But you still have to know what's going on, organize and work on a better future. If you know nothing, tomorrow they will draft you and you will risk your life for some dictator.
When we have a moral compass, feeling some pain about injustice is inevitable and this is a force that pushes us to work on a better future. This is why we are here

Justice is the people who work to bring positive changes about. Equality and human dignity are not something that can come around without anyone's help, but rather something that we should rally behind",1,2025-09-15T10:05:52Z
-ZtuZl3rgIY,Ugxx6s1IgYCNZqRMcRJ4AaABAg,News and social media is a very dangerous place people. youre better off without it.,0,2025-09-14T14:49:20Z
-ZtuZl3rgIY,UgzjwxVa5e4gHFHYnyp4AaABAg,"How I’ve been feeling this week, been sucked in to all the drama of this week and feeling like it’s dictated way too much of my mood and productivity. Thank you for sharing and adding to the urgency of needing to unplug from the endless cycle. I appreciate you.",2,2025-09-12T16:07:05Z
-ZtuZl3rgIY,UgzrWDDFXSJpZA0SJcR4AaABAg,"Good to have you back, love the new content direction!",0,2025-09-14T16:39:12Z
-ZtuZl3rgIY,UgyAfrH92NwrZ6EKvbx4AaABAg,"Ah a real person, good to know. Also you read your mind I just started thinking today about just stopping watching the news completely for like a week and then here goes your video. Thanks",2,2025-09-12T20:14:01Z
-ZtuZl3rgIY,UgwWI8GIamkYIMqXU1V4AaABAg,Such a timely video...great work,0,2025-09-13T23:29:17Z
-ZtuZl3rgIY,UgyCkFR9yA5ryvGhY-R4AaABAg,this was the hopium i needed after this last week.  thank you.,0,2025-09-18T19:10:50Z
-ZtuZl3rgIY,UgxyrXysYEzngGE8x1J4AaABAg,Spot on! Keep up the good work!,0,2025-09-15T10:03:49Z
-ZtuZl3rgIY,UgxYJENlI_WrI77kyPl4AaABAg,"I really needed to hear this. Lately I’ve been feeling overwhelmed and worried that the world is falling apart and people will never find peace. Today I decided to quit following the news for good, and this video encouraged me even more. 
I'll update you after 1 year, wish you all well.",1,2025-09-12T19:05:23Z
-ZtuZl3rgIY,UgyC4JfILAJEgckFc3Z4AaABAg,"i don't know about never paying attention to the news, but i've learned that you shouldn't worry about things you have no control over",0,2025-10-01T02:17:06Z
-ZtuZl3rgIY,Ugwx7rWbOK9DbQRrKTd4AaABAg,"Great video. I used to be a news addict; I studied journalism and thought I needed to be up to date with everything, all the time. Now, I don’t have any news apps or social media on my phone. Instead I receive a weekly magazine (a PHYSICAL magazine!) from an outlet I trust, which tells me enough to stay informed, without overly dramatising or over reporting events. Everyone’s different, but that for me is the right balance.",1,2025-09-20T08:24:54Z
-ZtuZl3rgIY,UgxmAq8JwHU2HZmgxIJ4AaABAg,"Was waiting for the obligatory Ground News ad read, lol",2,2025-09-15T03:32:37Z
-ZtuZl3rgIY,UgxhUbeLn5mmJ7zy8I54AaABAg,Thanks for your return!,0,2025-09-14T03:04:00Z
-ZtuZl3rgIY,Ugy1M-PhAiH5pCyp0zR4AaABAg,"Stefan, je bent een een helder licht in deze troebele tijden! Groeten uit Drenthe.",0,2025-09-13T18:13:02Z
-ZtuZl3rgIY,UgxLBXhLRVTThV12C9J4AaABAg,Thank you. I really needed to hear this. I just got done watching two videos about digital ID and reading the comments really bummed me out. You're absolutely right about the part. It's like having telepathy; reading the thoughts of all those people would drive even the most sound-of-mind people to absolute despair.,0,2025-10-12T18:43:37Z
-ZtuZl3rgIY,UgwhiezeLGKiGaWApol4AaABAg,"Wise thoughts my man, wise thoughts..",0,2025-10-01T15:31:46Z
-ZtuZl3rgIY,UgxmSTyktyzNiGUM-PB4AaABAg,On point.,1,2025-09-13T20:40:34Z
-ZtuZl3rgIY,UgxSklG6ezZjm0QdIhR4AaABAg,"Thank you, this is what I needed to hear. Haven't been able to get my head above water with all the increasingly horrible shit going on in the world these past 3 years. Ordered the book and unsubscribed to every news channel (though feeling guilty and Ostrich-y about doing so). Thanks again, keep up the good work",2,2025-09-12T15:37:18Z
-ZtuZl3rgIY,UgwzTzorBlE2ShOZ62p4AaABAg,"Thank you 🙏🏽 we should Risk Everything for Awarness, and Never Risk Awarness for anything",0,2025-09-13T17:30:06Z
-ZtuZl3rgIY,Ugxrqk3nZAILC-S0a1l4AaABAg,I needed to hear this!!!,0,2025-09-14T14:04:26Z
-ZtuZl3rgIY,Ugyls7OAaLkwy_XHXHR4AaABAg,Thank you for sharing another video ! Your voice calm me and your words are my guide ! Thank you,1,2025-09-12T21:57:58Z
-ZtuZl3rgIY,UgztXtSPKAxDNxA4u1p4AaABAg,Thank you for this video.,0,2025-09-15T03:08:14Z
-ZtuZl3rgIY,UgxT6kN0USTayURCMLJ4AaABAg,"This video is exactly what I needed, these weeks I have been bombarded with useless news , thanks a lot for the videos you make, I wish you the best! ❤🙏🏻",0,2025-09-13T23:21:15Z
-ZtuZl3rgIY,Ugy7J1vo5lphlF6ZaN14AaABAg,Thank you! Just thank you!,0,2025-09-15T17:14:23Z
-ZtuZl3rgIY,UgwV-7DAUcMQPO5or6F4AaABAg,Thank you for what you do!,0,2025-09-20T10:38:53Z
-ZtuZl3rgIY,UgwB-0n8OxYPLIDN7l94AaABAg,Human rights are being trampled.  A GENOCIDE is taking place. And we are to unplug and disengage ?,1,2025-09-18T23:31:33Z
-ZtuZl3rgIY,UgyQkhuYRFUY7fnl4qF4AaABAg,"Thank you for this reminder! I really needed it especially with the current state affairs. I've noticed that ever since the economic situation has become worse, this puppet show has also increased more and more to keep us busy and drained.",0,2025-09-15T11:49:11Z
-ZtuZl3rgIY,UgwdXB8_lmq5O6vwF3t4AaABAg,"I'm one of those people who watch news a lot both on TV and social media and I do get affected by it from time to time (feeling down for no reason, but not depression or anything like that). When I feel down because of the news, my partner always reminds me by saying ""These things have been happening for thousands of years before you and me and will continue for thousands of years or until the world explodes so it's nothing new.""",1,2025-09-15T07:25:38Z
-ZtuZl3rgIY,UgwZAluj_jtrBIgIW3x4AaABAg,"...already had some awareness of this, but glad to find some reinforcement and rationale for permission here - thanks!",0,2025-09-14T01:10:35Z
-ZtuZl3rgIY,Ugx_kXQWEPmkfDr8vWN4AaABAg,I needed this more than ever. Thank you sir!,1,2025-09-12T15:41:32Z
-ZtuZl3rgIY,UgyyMF_kfbOst3Vtx2F4AaABAg,Commenting for the algorithm. More people need this.,0,2025-09-14T12:42:20Z
-ZtuZl3rgIY,UgyLJZVON8OlRiB5d6F4AaABAg,I just don’t give a Shit 😂🥃🔥,1,2025-09-14T14:29:43Z
-ZtuZl3rgIY,UgwxPsi8lYaSS14l6yx4AaABAg,"I cannot thank you enough for this, I have long believed what you are saying but have recently been finding myself drawn in 😊❤",0,2025-09-13T08:04:43Z
-ZtuZl3rgIY,UgwAYgJYRZ68ZGXhY4l4AaABAg,"Single most important and resonating video I’ve watched this year. For the past three years, I’ve been following the news regularly, terrible headlines every day: someone killed, someone raped, another financial crisis, government corruption, AI will destroy us, wars. At some point, I realized every channel bends the news to fit its ideology or agenda. I kept watching, just to see how they twist it and how low they can go.

But it became a habit. And with it, anxiety, restlessness, and agitation slowly crept into my life.

This video feels like a godsend. I knew everything you said, but I think I needed to hear it the way you put it together. Thank you.

I’ve unsubscribed from all news channels and pages on YouTube and Instagram, deleted a few news apps, and removed Twitter. Believe it or not, it’s only been a day, and I already feel more peaceful.",0,2025-09-15T21:41:15Z
-ZtuZl3rgIY,UgzzizMOYJbNYhQIPRF4AaABAg,the timing of this,1,2025-09-13T05:29:13Z
-ZtuZl3rgIY,UgzAF0USPjd4889jszh4AaABAg,What a wonderful presentation. I’ve been practicing this for the last 11 months and it’s been helpful. Thank you.,0,2025-09-12T23:52:16Z
-ZtuZl3rgIY,UgzizaMZ8OujlT1pGc94AaABAg,"Thank you for this. I decided to deactivate my social media accounts in Sept. 2 because there's just a lot of things going on in my country with all the corruption and heartless politicians. Then people making memes, exposing them further and stuff, and these horrible things they did I came to know push me into a timeout. I only reactivated my accounts in Sept. 21 to support the protests and my people. It's still heartbreaking for me to know I can't do much and we're still left waiting for the hearing and investigations. We want these bad people punished BIG TIME!! And for our government to change.",0,2025-09-23T03:15:13Z
-ZtuZl3rgIY,UgzyryxguOB5Na370OZ4AaABAg,You are an oasis of sanity in a crazy world and I appreciate your work very much :),0,2025-09-13T18:40:40Z
-ZtuZl3rgIY,UgznsqtOMwV1C4wffeZ4AaABAg,"Thanks mate, this found me at the right time 🙏",0,2025-09-13T21:59:44Z
-ZtuZl3rgIY,Ugw5roWdnxey1X9KIqN4AaABAg,Most people don't even interact with the things the news spews daily and yet it's their whole identity.,0,2025-09-20T16:03:33Z
-ZtuZl3rgIY,UgyEcwQiA1ISrHaQ1BZ4AaABAg,Excellent video! Timing probably couldn't have been better.,0,2025-09-14T13:35:17Z
-ZtuZl3rgIY,UgyzFNCMjEu59BzZshF4AaABAg,No news is good news.,1,2025-09-17T11:20:15Z
-ZtuZl3rgIY,UgxZuFM94HBgsjq7nOZ4AaABAg,This is the world where nothing is solved...,0,2025-10-01T12:42:30Z
-ZtuZl3rgIY,UgxVeDH696TzAcLkCFV4AaABAg,The economy is what makes me sad. I stopped watching most news shows last year when I realized how much it was making me think negatively.,1,2025-09-12T22:05:45Z
-ZtuZl3rgIY,UgzKPCgOfmvWLYLPu3N4AaABAg,Thank you .,1,2025-09-12T17:46:58Z
-ZtuZl3rgIY,UgwdCmTvr7wQJh6czqB4AaABAg,"Thank you for the reminder! Have read Dobelli and others and totally agree. Problem is, even browsing YouTube to find content like this or alike, you get caught by the news and channels dealing with them.",0,2025-09-17T10:57:08Z
-ZtuZl3rgIY,Ugz1ZOAuNnOLWMuKrSd4AaABAg,I needed this !!!!,1,2025-09-18T03:51:11Z
-ZtuZl3rgIY,Ugy3oFjB0X0a-C4rTl54AaABAg,"I like the part where you said that we should have faith that things will get better, now, we may not see it but incrementalism will do its job. Thank you for this video!",0,2025-09-17T14:43:18Z
-ZtuZl3rgIY,UgzOCIp0g1ODyY0l2vt4AaABAg,"Feel it. Just yesterday some ""news"" dragged me down so much, it almost ruined my day. I always was one of those people who like to be as well informed as possible. I also love to learn new stuff. But the truth is, that there is very little actual information and as the video says, more entertainment. So, more news and media detoxing for from now.",1,2025-09-15T09:00:29Z
-ZtuZl3rgIY,UgwMBHvqZoaP-4q9V4t4AaABAg,"I left a news app a year ago. Whatever I read there still affects me. Stopped intake of news, as you said, Brother.  Trying to be only on the minimum requirement  side of knowing the news.",2,2025-09-12T17:19:47Z
-ZtuZl3rgIY,UgyWbn5HKk073jxUcEV4AaABAg,I really liked this video. Thank you 🙏✨,0,2025-09-21T15:39:52Z
-ZtuZl3rgIY,UgzSAxLWb6OrYuhWVR94AaABAg,"found this a day after thought ""maybe i should take a year long break from the news"" the algo knows me too well, but I still might try it.",0,2025-09-16T19:39:27Z
-ZtuZl3rgIY,UgwkRpxjf_2G34qHPLJ4AaABAg,"I hate how if you express the need to take a break from the news, people will guilt-trip you and call you ""privileged,"" like sure I am very privileged that I can ignore the news,  but I care about my mental well-being first and foremost and I am not superman so what can i do but ignore it..",1,2025-09-22T14:27:21Z
-ZtuZl3rgIY,UgykwWGi2xIWV8wVf0h4AaABAg,"This is an important point of view -- the idea of ignoring what's happening in the world. But it's also important to be aware of what's happening, as it could have overwhelming impacts on your life.",0,2025-09-17T17:23:11Z
-ZtuZl3rgIY,UgwaD5TlUTilqfFTS3J4AaABAg,i just let it go not because of my philosophy which it is now but i did because i wasn't able to check the news anymore because my anxiety rising abnormally,1,2025-09-14T22:58:46Z
-ZtuZl3rgIY,Ugwn7u9n0ftAfNELUCd4AaABAg,"How true. How am I only discovering this video after 2 weeks of it being posted? I feel so much better. Said goodbye to Twitter, IG years ago. Today I said bye to WhatsApp 😂 Solitude & peace is everything 😊",2,2025-10-01T11:56:55Z
-ZtuZl3rgIY,UgyIkaQL2AJUHuxmm6N4AaABAg,I needed to see this video. Thank you! Subbed!,0,2025-09-17T09:10:04Z
-ZtuZl3rgIY,Ugwcnle1SMFhjZQYEtx4AaABAg,This video is more important than ever ❤ thank you 🫡,0,2025-09-13T09:21:00Z
-ZtuZl3rgIY,UgxbBq5F4mv7dpEyYol4AaABAg,I needed this. Thank you.,1,2025-09-12T15:34:06Z
-ZtuZl3rgIY,Ugxf_y_NQMGjtqCziIF4AaABAg,Bro was reading my mind and then put this video out. Thank you,0,2025-09-12T18:21:54Z
-ZtuZl3rgIY,Ugy7lvmfX-bDCPFzCxh4AaABAg,"It's hard to ignore the news when you live in the middle of crisis like me. I do try to ignore some of it and read a book or listen to music, but I'm taken back to reality when something awful happens. And I do want the rest of the world to acknowledge our suffering. Remember we had multiple wars this year, some ongoing and some new.",1,2025-09-24T12:21:57Z
-ZtuZl3rgIY,UgxUDK9w-j301YcAyJ94AaABAg,"I like knowing what’s happening, buuut I’ve been using that as a reason to watch news  and commentary for hours a day with no counter balance in my real life. I spend more time watching news and commentary than enriching myself. I’m out of shape, depressed, hopeless, with no real goals. 

I will still follow events, but I cannot withstand what is coming by being a weak person with no other interests in life. 

Cool video",2,2025-09-17T18:19:33Z
-ZtuZl3rgIY,UgwVcBCd1F0q4mFPR6p4AaABAg,Highly recommend,1,2025-09-19T03:08:42Z
-ZtuZl3rgIY,UgyUnkzLzUKeLlTLgyh4AaABAg,"Glad to have you back!  It looks like you have leaned into photo & videography.  I loved the dragonfly shots, and it can be a good hobby for those who wish to get away from the news.",0,2025-09-13T21:06:39Z
-ZtuZl3rgIY,UgwzTUILQWMvEB6Pd0V4AaABAg,humanity need to chill out fr,1,2025-09-15T12:23:05Z
-ZtuZl3rgIY,UgyWdh_Qd0flMS1kqZt4AaABAg,I did a while ago. My mental heath is much better for it.,0,2025-09-14T14:16:06Z
-ZtuZl3rgIY,Ugz8x7eyta0K78dcYVZ4AaABAg,Glad you are back!,0,2025-09-29T20:41:10Z
-ZtuZl3rgIY,UgzDpHRO0xjhkq7UDFp4AaABAg,im glad youre still making these homie,0,2025-09-12T17:49:57Z
-ZtuZl3rgIY,UgzRcGn18Yg8heLMgV14AaABAg,"This was a brilliant essay. The quotes, the B rolls and accurate stock footage and especially the engaging background music!

Speaking of news, I have always been the kind of person who wasn't much interested because I knew how the news, especially in the modern day is highly sensationalized... many of my peers say that I ""live under a rock"" cause I am barely updated about anything in the world. Most news I get these days is mainly word of mouth from a very handful of people I know. If I find the news intriguing and worth digging further, I google it. I never go check for news myself and have even turned off the widgets and extensions for news on my laptop and phone because I find it mostly distracting and nothing much. It is great that you have pointed to this concern!",0,2025-09-16T07:35:14Z
-ZtuZl3rgIY,UgzurbeQISWh3rHcPaV4AaABAg,"Thank you.
People don’t realize how the “news” won’t report how people help out each other. They won’t say breaking news a kid helps out an elder man. They don’t realize that they need clicks because in the end, it’s a business in the end no matter what agenda they have they need news in order to profit and no news is gonna be interesting if it doesn’t spike the general public’s interest.
You know how you build a better world? by not trying to fix the world at once when everybody focuses on their environment and try to make it better, that’s when the world as a whole heals. It doesn’t need some big act of revolution like the news makes it out to be.
Most days are mundane, most days were around the same people, and none of the political state of the world actually contributes to the emotions we feel in our regular lives. Everywhere, people feel love, fear, hate, passion, sadness.
Also, do you really think what the news reports is going on is actually what’s going on? If so, how come nothing changes ever? It’s so naive. Powerful people will never actually reveal their true agendas, and what actually is going on.
It’s easiest to sell a narrative and make people fixated on it as the ultimate truth, as it inevitably will divide people endlessly, so they profit off it and distract the general public as a whole.
The day I deleted social media and stopped taking the news so seriously, along with unfriending my friends since I was at middle school as they got me so fixated on the news; that’s the day I actually started to feel life again and stopped feeling so damned.
If everyone can just be kind to their own community, you get a better world. A million people looking to change the world at once will never do anything other than divide the world more and more.",1,2025-09-29T03:28:59Z
-ZtuZl3rgIY,UgwUFU3_HzyYOf6wfvd4AaABAg,I have felt overwhelmed ny sopcial media and news for sometime now and continually been waiting for an upload from you. You always have the best thoughts. - He returned when we needed him the most,0,2025-09-13T09:28:28Z
-ZtuZl3rgIY,UgyKNeaRyuKn1MmxhyN4AaABAg,"Thank you this video and your insight! Woke up today in an anxious state about lots of different things and this really helped! I usually dont watch the news but it's hard to miss if you're on social media at all, or just in the outside world at all. Im going to save this video and come back to it any time I need to 🥰",0,2025-09-13T08:25:06Z
-ZtuZl3rgIY,UgyA6_Ufbb51VVexnAx4AaABAg,"they don't change my apathy, and righteous anger is okay",0,2025-09-17T04:38:33Z
-ZtuZl3rgIY,UgxR1MQd90D8jssEpCF4AaABAg,I love your videos soo much. Thanks for existing.,0,2025-09-12T20:08:19Z
-ZtuZl3rgIY,UgxkNURb4M_VvqrZlHd4AaABAg,Hearing your thoughts and the sound of your voice calms my nervous system like nothing else can! ✨Thank you Einzelganger!!!✨❤️🐝…….,0,2025-09-12T17:28:11Z
-ZtuZl3rgIY,Ugyt_IVNydMAdUasLZF4AaABAg,Another banger. Love and appreciate this channel. 🙏🏻,0,2025-09-12T22:38:59Z
-ZtuZl3rgIY,Ugy6ad82eQPrE_3PwZl4AaABAg,"I stopped watching the news over a year ago, one of the best decisions I ever made.",0,2025-09-13T17:04:10Z
-ZtuZl3rgIY,Ugy4y19G-gtBAjFUamF4AaABAg,"Thanks for the sage thoughts ❤❤
GREAT knowledge love this channel",1,2025-09-12T16:09:58Z
-ZtuZl3rgIY,UgyfqlLJbJeOm_eMt094AaABAg,We can listen to many humans. I humbly suggest we listen to this one.,0,2025-09-16T10:16:41Z
-ZtuZl3rgIY,Ugz8ieVasnBF3Zr8nRl4AaABAg,"I have been thinking of stopping any exposure to the news for some time. It was Prentice Mulford in his book Thoughts Are Things who also advocated not reading the news....written in the late 1800s. And then your video appeared in my feed. 🙂 This video was just what I needed to do it. Thanks for making it, it's so relevant in these times....and all times. ❤",0,2025-09-21T06:55:48Z
-ZtuZl3rgIY,Ugx6p6ktBHxm3uCbr2Z4AaABAg,"Amazing, Thank you x",0,2025-09-15T20:45:39Z
-ZtuZl3rgIY,Ugzb3egaVoYkjs7DwIF4AaABAg,One of the most important videos on YouTube,0,2025-09-13T08:17:54Z
-ZtuZl3rgIY,Ugx9DNsDpPQ37bqqZK14AaABAg,"Thank you so much for this 

I have watch this video for the next few weeks every day once a day

It’s much better to read books, magazines about the subject that comes up in the news because it is slow paced information not like the overwhelming rush of internet information",0,2025-09-16T09:53:44Z
-ZtuZl3rgIY,UgyJxkgEmjn_AdzuS5t4AaABAg,"Einzelganger (sorry, my keyboard doesn't have the umlaut key), it's great to have you back! 
Thank you so much for your beautifully crafted and timely videos. As a man, your emotional intelligence is a rare and much-needed gift to us all.",0,2025-09-14T07:18:49Z
-ZtuZl3rgIY,Ugylg_dQsuTII8L2Xx94AaABAg,Thank u for this.,0,2025-09-19T13:51:25Z
-ZtuZl3rgIY,UgwDwJJIC-AUhNeEB794AaABAg,The good news is we all are going to die,1,2025-10-19T05:02:12Z
-ZtuZl3rgIY,UgwjB1ilzuXQ3EtAZ5R4AaABAg,"Too true Stefan! Great and timely video. Thank you, Sean.",0,2025-09-13T00:31:37Z
-ZtuZl3rgIY,Ugw_KTOZn7Qs5xNZfih4AaABAg,I always remember Sagan in Pale Blue Dot: whatever we do means nothing in universe.,0,2025-09-13T16:09:00Z
-ZtuZl3rgIY,UgxSPRUuLWit4MLVT-R4AaABAg,"The fact he had to clarify he's a  real human speaking, and that action actually soothed me & made him trust his words more shows you what kind of world we're at in 2025",0,2025-09-22T11:30:13Z
-ZtuZl3rgIY,UgyrLZTRjV_nSBFwezt4AaABAg,"I have to agree on your outlook 100% on this one.
Everyone is endlessly raging coz they're absorbing too much, as a habit. I know so many people who sit on the internet all day, drinking and they're basically brain washing themselves with their chosen political poison. I have so many furious friends who are frenzied... Raging defense of some people with zero empathy for others and a very flexible moral compass. If you want to meet real people: go hiking and ask people what their lives are really like. I've walked with people from America, Canada, Pakistan, Israel, Germany, Poland... The list goes on. When you strip away the performative political outrage and just listen to people: you soon realise most of us want to be left alone to get on with our lives and let other people do the same. The information I get from hikers visiting Scotland never EVER lines up with our expectations about life in their countries because EVERYTHING we see is diluted and often weaponised.",1,2025-09-16T11:52:04Z
-ZtuZl3rgIY,Ugw3fIroFLUwghRk0QJ4AaABAg,"Very timely video, as always!",0,2025-09-13T11:43:41Z
-ZtuZl3rgIY,Ugy5Zb9u6VIAanXtyGB4AaABAg,A very enlightening video ...... Thank you,0,2025-09-14T05:43:18Z
-ZtuZl3rgIY,UgzQHYjNTWPnuuI0T8l4AaABAg,"Good to see you again.  Right on time, no less.",0,2025-09-13T16:06:26Z
-ZtuZl3rgIY,UgyBJuNkvatLU4bOhWl4AaABAg,"I heard somewhere recently say a shift happened when they started with the mindset ""Things are happening for me"" as opposed to ""Things are happening TO me"". Acceptance becomes easier and the world becomes a playground!",0,2025-09-16T09:08:18Z
-ZtuZl3rgIY,UgyuEZy7rOfxthEYplp4AaABAg,"Sometimes growth feels like losing, but philosophy shows us it’s really transformation. Pain isn’t the end, it’s the beginning",0,2025-09-15T09:46:03Z
-ZtuZl3rgIY,UgwlGg3Q41lSJfjCPf94AaABAg,"Thank you! A very good video. I think, it's about finding the right dosage. I see journalism as a means of controling institutions and being aware of world's movements. Following them with an awareness of publication bias seems to work better for me than not watching the news at all.",0,2025-09-18T07:32:28Z
-ZtuZl3rgIY,UgwqwkKsgBsv0uBmqDR4AaABAg,Thanks for this ❤,0,2025-09-15T12:20:42Z
-ZtuZl3rgIY,UgxMEoyVf3cn8pAS6UZ4AaABAg,"THANK YOU!👏👏👏 ""not interested""  ""dont recommend channel"" and ""block user"" are the 3 most important features in our media presence!  If it's negative and/or irrelevant to my immediate livelihood it gets the boot!",0,2025-09-13T20:10:36Z
-ZtuZl3rgIY,UgxrBaQheOs8mxxMsvp4AaABAg,"Nice to meet you, Stefan.",0,2025-09-13T06:09:14Z
-ZtuZl3rgIY,UgwUyJ0ou5GuBNlMrUF4AaABAg,Welcome back we misswd you❤,0,2025-11-04T21:09:52Z
-ZtuZl3rgIY,UgweF4TR8KtrDZGUaTV4AaABAg,I want to disconnect but cannot. I wish i could disconnect from all things forever,1,2025-09-12T16:54:08Z
-ZtuZl3rgIY,UgyJPMHKN48Lm9GVfft4AaABAg,Did you take a break? It is good to hear from you again. Thank You for all of these wonderful videos over the years.,0,2025-09-12T23:22:40Z
-ZtuZl3rgIY,UgzubcMh-CDS8gVoPR54AaABAg,Thanks for this right now. I’ve been arguing politics with strangers in the comments sections and it is a complete waste of time and will never change anyone’s minds. All it does is leave me frustrated. So I’m going to try to stay out of comments…after this one🙂,2,2025-09-13T13:43:48Z
-ZtuZl3rgIY,UgwWV1siWXv_rpvJjo94AaABAg,"Medias wants us to be addicted to news, addicted to feeling desperate and depressed",0,2025-09-21T22:19:48Z
-ZtuZl3rgIY,Ugx1SMqCBE-_Bj0P0r94AaABAg,"Unironically ""Nothing ever happens.""",0,2025-09-19T09:27:00Z
-ZtuZl3rgIY,UgzHfFpEaDgqtF8K2gp4AaABAg,"People need to hear this more than ever, we are being devoured by the algorithms. I know in my heart everything is going to be okay but also find myself falling into the media trap and getting all worked up. It's good to take a step back and realize it's all part of their plan.",0,2025-09-15T17:25:35Z
-ZtuZl3rgIY,UgzkD6ydJlsbF2L7nDJ4AaABAg,"I needed this so much. Since 2020 I feel doomed, and each day feels like one step closer to the apocalypse. 
I'm on therapy since last year, trying to recover the joy of life. It's really difficult when you only hear bad stuff, but let's keep moving. Everything will be alright, and, if not, let's at least enjoy what's left.",1,2025-09-12T18:22:36Z
-ZtuZl3rgIY,UgxktpJ4QZeoWhULji14AaABAg,"I used to be so involved and get so upset over every little thing political. I realized how unhappy I was and also how unpresent I was with those who mattered the most. I am happy to say that I feel a great level of peace. I still shake my head sometimes when someone at work tells me about what's going on, but I dont care enough to want to go back to getting upset about it since it's not in my control. This also goes for drama in personal relationships, too. There's so little time in the world, and it's a waste if all we do is worry about the garbage circulating in the media",1,2025-09-12T16:21:42Z
-ZtuZl3rgIY,UgxnnPKLMxpveLUBDJ94AaABAg,"Very good video, thank you.",0,2025-09-16T16:59:37Z
-ZtuZl3rgIY,UgymklR6AZwKNOyPNK94AaABAg,THANKS SO MUCH ❤,0,2025-09-14T14:26:12Z
-ZtuZl3rgIY,UgwEQ1UnwIOiOhfjPsZ4AaABAg,Great essay and very timely. Thank you.,0,2025-09-12T17:56:08Z
-ZtuZl3rgIY,Ugz5B8gV0TtRt3eKtfJ4AaABAg,it’s more peaceful not being into the news of the world but i think it’s more virtuous to be actually.,0,2025-09-12T18:37:16Z
-ZtuZl3rgIY,Ugw4SbA7keEUjZNTAn14AaABAg,When I hear that he’s cutting health care then my health care gets cut that’s some shit I can’t ignore,0,2025-09-14T13:38:21Z
-ZtuZl3rgIY,UgzHkxiVTR2vmhGy7Ed4AaABAg,"Of corse they ruin pur peace, we know who controls the media 🧃🧃🧃",2,2025-09-13T15:22:02Z
-ZtuZl3rgIY,UgwBlEuL2ieMdrCHDpt4AaABAg,This video could not have come at a better time.,0,2025-09-12T23:59:12Z
-ZtuZl3rgIY,UgwCxGGiiVrK-XtUmuZ4AaABAg,"thank u, i needed to relate how i feel with some few",0,2025-09-13T03:56:46Z
-ZtuZl3rgIY,Ugxz34UgYtu8H0iK0mF4AaABAg,Your videos help me cope with life ❤ Thanks for making videos again.,0,2025-09-12T20:00:28Z
-ZtuZl3rgIY,UgyNfLWPyaKcld9NMtt4AaABAg,Ideology addiction create a conflict.,0,2025-09-15T02:07:12Z
-ZtuZl3rgIY,UgxRRnzFh85zui3XN9h4AaABAg,"19:16 “There is a safe space and it’s called Switzerland”
Thomas Mann",0,2026-01-09T16:27:38Z
-ZtuZl3rgIY,UgwHnKjQNYlYzstxPld4AaABAg,Thank you for clearing that you are not AI. It is necessary.,1,2025-09-25T15:45:49Z
-ZtuZl3rgIY,UgzMoet8umSN3yS6lW94AaABAg,"Thank you! Independently of you I started doing what you suggest, far les ""news"" as published.",0,2025-09-14T15:05:24Z
-ZtuZl3rgIY,Ugy-2OmbnQSv0MqzXol4AaABAg,"Thank you Stefan, the same stoic teachings - this time under a special angle. Greetings. Matthias",0,2025-09-12T18:06:38Z
-ZtuZl3rgIY,UgyBGA9_BwovvjQP9c54AaABAg,Keep not paying attention see where we get,1,2025-09-15T12:37:24Z
-ZtuZl3rgIY,UgzDe9Vs5k79YFzR-Sh4AaABAg,"We are in a perma-crisis.
It's never lost on me that no matter how many things are going on in the world, the news bulletin is always the same length with the same amount of commercial breaks",0,2025-09-22T17:34:44Z
-ZtuZl3rgIY,UgwH1H4F8sgMDe4mvul4AaABAg,This video is so very timely.  Thank you. 🌠,0,2025-09-12T20:09:43Z
-ZtuZl3rgIY,UgyRgQaD7VhHkC404DJ4AaABAg,I just wanted to say that I really liked it when you introduced yourself. I've watched some of your videos and few years ago and I knew you were making these before these new AI channels started popping up. Keep doing what you do!,0,2025-09-14T13:03:47Z
-ZtuZl3rgIY,Ugw2v0zfPomj5fni40B4AaABAg,"Well, I was entertained by this video, so fair enough",0,2025-09-18T14:04:44Z
-ZtuZl3rgIY,Ugy8BZ-rStgS2tJnisR4AaABAg,"Thank you. I am a septuagenarian who can compare decades when I did or didn't attend carefully to local & world news.
I agree; careful attention, given human's ""negativity bias,"" will doubtlessly make any sensitive human feel disquiet at the least and perhaps much worse depending on their personal emotional & psychological resilience or lack thereof. Small acts of compassion and charity (love of others) done on a local level are more healthy for self and others.",1,2025-09-26T22:01:27Z
-ZtuZl3rgIY,UgwPymod3Qf2GlpF3G94AaABAg,Was just thinking about this,0,2025-09-16T23:11:37Z
-ZtuZl3rgIY,UgzLSP0yv-UbGIf9hyV4AaABAg,Thank you 🙏🏼,0,2025-09-16T17:03:45Z
-ZtuZl3rgIY,Ugzk7GOcP0oKn9kXjFt4AaABAg,Thank you 🙏🏼,0,2025-09-13T18:03:54Z
-ZtuZl3rgIY,UgwvcRTP2ChJeyF0iOd4AaABAg,Thank you!,0,2025-09-14T01:31:57Z
-ZtuZl3rgIY,UgzXDv8j1PiVosj4T_x4AaABAg,Thank you!,0,2025-09-13T11:13:52Z
-ZtuZl3rgIY,UgymQeUrV8_VclTY98Z4AaABAg,Just discovering in the past few days that the world is full of truly horrible people.,0,2025-09-15T12:24:37Z
-ZtuZl3rgIY,Ugx4VbLLcAU3u7K0eSd4AaABAg,"I have a pal who is a political / social commentator, online. He coined the phrase 'impotent rage' and that kinda stuck with me. Our rage and emotions through the news and social media are killing our souls and, as much as we hate to admit, our opinions matter very little in the grand scheme of things and have little impact on the things we want to, but can't change.
I care about stuff that doesn't directly affect me and felt guilty about potentially sticking my head in the sand. It's the best thing I've done. No Social media and no news has  lightened my soul and my wife has noticed a huge positive change in me. I'd urge others to do the same. We can only control what's infront of us, so ditch the little black sadness machine and take back your life. It depends on you.",2,2025-09-15T11:39:36Z
-ZtuZl3rgIY,UgypCYEloFJGGfBXRU54AaABAg,"I can watch the news and I can also, have a conversation with people that have  different opinions, religion or none and/ or thoughts",0,2025-09-15T00:14:47Z
-ZtuZl3rgIY,Ugzv9akGe75FNXeHnYN4AaABAg,"I enjoy your videos. I agree, we are better off watching less of the news. It seemed better when we didn't have social media to dramatize everything. And tv, seems to dramatize more these days too.",1,2025-09-16T23:21:00Z
-ZtuZl3rgIY,UgxybtAWDTAATP3WGJR4AaABAg,Nice dig at beanie man. Very appropriate.,0,2025-09-22T01:51:16Z
-ZtuZl3rgIY,Ugyo2A_0NA9yYJdpmCR4AaABAg,My primary school is named after Henry - it makes sense given it’s by our arboretum 🍂,0,2025-09-14T14:33:29Z
-ZtuZl3rgIY,Ugx4NnpSNTqbdAb-i7t4AaABAg,You are not alone. I have been just getting rid of things on phone. Social media. I’m tired of it. It sucks the energy and takes shots on my faith in people and even in god. No more. I choose life.,1,2025-09-14T22:27:39Z
-ZtuZl3rgIY,Ugxt5nV5z7kj7uTLnFB4AaABAg,"I canceled our tv subscription coz my husband is always triggered with the news.  He doesn't admit his extreme political views, but it's obvious. I'm politically homeless and couldn't care much abt news etc",2,2025-09-16T23:26:42Z
-ZtuZl3rgIY,UgxyUu807atBubXdNmd4AaABAg,11:50 😂 throwing shade at Tim Pool,2,2025-09-12T20:52:49Z
-ZtuZl3rgIY,UgxlaY5_F14BgE3ola14AaABAg,"Stefan, nice to know your name finally,I've been following this channel for a long time, this is my go-to channel when I used to feel down 🎉",0,2025-09-13T01:23:52Z
-ZtuZl3rgIY,UgzZG-O-oyDbrxG0wx14AaABAg,wow! you're back.👏,0,2025-09-14T04:26:38Z
-ZtuZl3rgIY,UgzTppzQw9Sc4t0VITl4AaABAg,With all the news of age verification and censorship my mood has gone down the drain. This video helps,0,2025-09-21T00:54:58Z
-ZtuZl3rgIY,UgykviPhBxxAQ9kQhFx4AaABAg,Don’t let your mind become societies garbage bin.,2,2025-09-15T18:58:58Z
-ZtuZl3rgIY,Ugwv4mPuW8uJ9OsUzUh4AaABAg,Thank You.,0,2025-09-14T17:59:24Z
-ZtuZl3rgIY,Ugxl515PWCdMMor4Hot4AaABAg,This bad news affects more the poor people and disadvantaged people more. because they are more vulnerable,0,2025-09-17T16:06:22Z
-ZtuZl3rgIY,UgxGcqz7tgvHH3ZdCDR4AaABAg,You're from the Netherlands? Thanks a bunch for giving the world Mark Rutte /s,1,2025-09-14T04:43:19Z
-ZtuZl3rgIY,Ugz8w9yqbMi0CMvj_mN4AaABAg,I needed this.,1,2025-09-12T16:11:06Z
-ZtuZl3rgIY,UgyDc_XjazQ-SCI1TtV4AaABAg,"I stopped watching the news years ago because I moved from a more rural area to a city where the news mostly focused on crime stories and I was getting afraid to leave the house even for work. 

I know that I am not built for the news, most social media or anything of the sort so I avoid it. I only use YouTube and I’m very selective in what I watch and the comment sections I engage with. 

It’s mental warfare out here and channels like this help me stay armored up. Thank you!",1,2025-09-12T20:15:42Z
-ZtuZl3rgIY,UgxV079rSzNtuyDPLgt4AaABAg,"The more I read news, the more I get depressed.",0,2025-09-14T05:09:59Z
-ZtuZl3rgIY,UgxHMQIPnmrl-UN6Aq94AaABAg,Thank you.,0,2025-09-22T19:21:22Z
-ZtuZl3rgIY,UgxOLWOYe0rY0w9bukJ4AaABAg,HE IS BACK!!!,0,2025-09-17T04:12:26Z
-ZtuZl3rgIY,UgzFK-NmZmwt_pZ1mY94AaABAg,Thank you.,0,2025-09-15T06:56:48Z
-ZtuZl3rgIY,Ugyr1e7O4JIBF3DympB4AaABAg,"I think it’s not about ignoring the news, it’s about on what attitude you read them and how you filter them.",0,2025-09-14T06:31:04Z
-ZtuZl3rgIY,UgzLBj2CNSzZvnwANjF4AaABAg,"let go and just do it, live and let ash",0,2025-09-14T17:39:00Z
-ZtuZl3rgIY,UgzLaxfv09ETJ45tli14AaABAg,Thank you.,0,2025-09-13T23:17:10Z
-ZtuZl3rgIY,UgyZ_6zdggDYnFkxO7p4AaABAg,Keep up the great work,1,2025-09-12T17:06:47Z
-ZtuZl3rgIY,UgzO1mxjy-2MVCUs7mB4AaABAg,"You are Dutch, like me. I hear it. Your video means a lot to me. Thanks, Steve.",0,2025-09-13T18:42:00Z
-ZtuZl3rgIY,Ugxrt_GHmKpRXbjmgZ94AaABAg,Like many others - really needed to hear this ❤,0,2025-09-12T19:27:32Z
-ZtuZl3rgIY,UgwA8QCu_rDF25vZcap4AaABAg,Thank you so much 🙏🤍,0,2025-09-12T21:48:34Z
-ZtuZl3rgIY,Ugzx5q41__n4hA1ml8N4AaABAg,thank you!,0,2025-09-15T12:23:00Z
-ZtuZl3rgIY,UgykOB2ENyW2eraQ_2d4AaABAg,Excellent video 🙌,0,2025-09-13T20:52:35Z
-ZtuZl3rgIY,UgxVIt1uIvK7fHD249J4AaABAg,"I stopped worrying about the world when I seen how much I needed to change within myself. Why would I let Donald trump worry me, when my own health is suffering.",2,2025-09-16T23:04:15Z
-ZtuZl3rgIY,UgyeQP2yCCPTwcz8QRZ4AaABAg,"I keep up with gaming, tech, and local events (concerts, festivals, restaurants). Mainstream headline news was blocked years ago. I've also eliminated movie trailers, previews, and all e-news.",0,2025-11-14T01:04:30Z
-ZtuZl3rgIY,UgwuIW1cSnd3lt2dCrp4AaABAg,"I stopped watching the ""news"" 25 years ago ... I never had and never will have a ""smart"" phone and I don't have a tv set in my house ... I am free and happy here with you 🤫",0,2025-11-27T01:58:56Z
-ZtuZl3rgIY,UgytzhNDxryueWuhOOl4AaABAg,So timely!,0,2025-09-13T12:29:36Z
-ZtuZl3rgIY,UgyVJ0qERqqtsapdwkl4AaABAg,The best time to consider the news is about 5 years after it happened,0,2025-09-14T00:51:51Z
-ZtuZl3rgIY,Ugw7jYvzgL31QL9A0-J4AaABAg,A very restorative video!,1,2025-09-12T16:41:36Z
-ZtuZl3rgIY,Ugw5k80VXl2SHOF4aoF4AaABAg,Thank you🙏🏻,1,2025-09-12T15:43:48Z
-ZtuZl3rgIY,UgwFZ-lMy2nvtkSKLwB4AaABAg,"I've been keeping away from news for months now. Deleted most of my social media, skip the politic posts whenever obvious it's political, not indulging in divisive comment sections, etc. Nowadays, whenever I hear ""news"", it's from people around me and it makes for interesting conversations. People mention something and I'm surprised I haven't heard about it, but I'm glad I haven't. It's less anxiety for me and it's also the joy of learning about life through my friends and family instead of social media which tells me everything is fucked. I'd rather it stay that way.",0,2025-09-12T19:00:01Z
-ZtuZl3rgIY,UgzFs-J92u5xkVkQgZl4AaABAg,"I have avoided the news for several years. No free TV, no radio, no social media feed. Now I’ve just started a job that requires me to read geopolitical news daily. I’m not sure how to not be affected by it, but I will try to use this advice to limit it to what’s essential, once per work day.",0,2025-09-13T23:51:18Z
-ZtuZl3rgIY,UgwIZCs9o6FSwY2576d4AaABAg,Het is zo interessant om de spelletjes te zien die media spelen. Fan van human psychology & grey zone tactiek,0,2025-09-14T14:54:59Z
-ZtuZl3rgIY,UgwZlM14SKWloLnR-s14AaABAg,Amazing video ❤,0,2025-11-25T21:41:34Z
-ZtuZl3rgIY,UgwDxBJyZDHexQwE4QN4AaABAg,"thank you gänger. i stopped watching news a couple of US election cycles ago.

my life has been better although i have had some good friends who’ve admonished me for not “standing up” or protesting or “paying attention”. 

but watching them get frothy and angry while literally wagging a finger at me proves to me i made the right choice for my own personal peace.",0,2025-09-25T14:29:52Z
-ZtuZl3rgIY,Ugw41msoPQUW_aZKAc94AaABAg,"Thank you sir, I often feel guilty about avoiding the “news” as I assumed long ago it’s part of our civic duty in a democracy to be informed, but nowadays, it’s negatively affecting my life more than informing me of anything relevant to my daily life. I like the idea of a weekly newsletter to stay informed but not consumed by the “news “.",0,2025-09-12T20:00:03Z
-ZtuZl3rgIY,UgxTaFWUE0_dKnHFqIR4AaABAg,LETS GO HE IS BACK,0,2025-09-13T13:17:52Z
-ZtuZl3rgIY,UgxgZBABu2BYUSGIXpt4AaABAg,"I had a blackout from 1983 to 1992. No TV during that time.
When Trump got back in, I got rid of my TV device and only steam stuff. I cannot watch NEWS at all.",1,2025-09-26T04:31:22Z
-ZtuZl3rgIY,UgxhiyYCFW18oLduzHZ4AaABAg,I love that you stated that you are a real person. I have begun to question the ai content that comes into my algo,0,2025-09-13T16:00:42Z
-ZtuZl3rgIY,UgxE5vUacun15dgJ9Q94AaABAg,There are even certain YouTube channels that make people more depressed if they keep watching them such as the inforgeaphics show since the infographics show also keeps predicting doom and gloom.,2,2025-09-13T15:19:53Z
-ZtuZl3rgIY,UgxPf3EuqvhAqb9DLhF4AaABAg,I am so glad you are not an AI voice! And happy you are back producing content!,0,2025-09-14T12:51:44Z
-ZtuZl3rgIY,UgzCBiiALehbiptDjB14AaABAg,"For real, last night I was finally sitting down to dinner after a long day, and as soon as the news started shouting about murder, rape, bombings, etc., I just turned it off. 
I'm not in denial about the reality of these events, but having that beat my mind in, even when at home, was ridiculous.",0,2025-09-12T17:24:29Z
-ZtuZl3rgIY,UgwouU-Z_wBehYc9VWx4AaABAg,Excellent!,0,2025-09-15T01:07:54Z
-ZtuZl3rgIY,UgyAcq56kNjh7pdPx3l4AaABAg,Thanks!,0,2025-09-15T14:39:55Z
-ZtuZl3rgIY,Ugx09HfrAt_avutNb354AaABAg,Thank you,0,2025-09-13T01:11:23Z
-ZtuZl3rgIY,Ugybv5Fm2I03s790h894AaABAg,Thank you,0,2025-09-13T15:57:02Z
-ZtuZl3rgIY,Ugy1SFfgTnR2hbXJWz14AaABAg,"Now that i think of it the world still went on when social media , tv , newspaper or wtv through which we grts news now exist , before it was words we spoke to each other irl so ig at this pt truly reading the news or watching it is never gonna do me any good cause it's in no way making me smarter or better as a person and maybe I can live without it - if it's truly IMPORTANT then someone will defn tell me btw I love this comment section - as a little kid I've always been anxious that i Don't know enuff that i need to consume as much news I can I need to dig deep enuff to find smthg that makes sense , I wanted to know what's right to do and the best thing to do is nothing because there are things we can't do and shouldn't do",0,2025-09-19T07:43:50Z
-ZtuZl3rgIY,UgxBp32e39aMM7gmvHV4AaABAg,"I'm so sensitive I couldn't handle the news cycle -- I dipped out years ago. The problem is, no one else in my life did the same.

You don't really get away from it if you're the only one, without isolating yourself. It's awful. We need a club.",0,2025-09-14T16:46:40Z
-ZtuZl3rgIY,UgxiK5xDYEbrZb56ZdF4AaABAg,Welcome back 🙏,0,2025-09-13T14:41:05Z
-ZtuZl3rgIY,UgwOEuJ7FC-OgUbdHwp4AaABAg,"tbh, returning to the video swearing off the news is the best thing you can do, if anything really important happens, you will hear from your family and environment, Like for example the extraction of the Nero like sadistic narco-dictator from a certain country, even if I ran from the news they would reach me.",1,2026-01-11T00:06:17Z
-ZtuZl3rgIY,UgwiIBzAhVICWKbhQVh4AaABAg,as palestinian it has been a struggle for the past 2 years..,1,2025-09-13T21:55:17Z
-ZtuZl3rgIY,UgwET6oT5E3M0BMqib14AaABAg,Thank you 🙏,0,2025-09-12T16:46:54Z
-ZtuZl3rgIY,UgzHVETWdabCiJv5TF14AaABAg,Thank you,1,2025-09-12T16:01:34Z
-ZtuZl3rgIY,UgzTMMWKXbC4Z2tzu0x4AaABAg,Thank you❤,0,2025-09-12T16:49:48Z
-ZtuZl3rgIY,Ugzs8dc82mtgtVvERoV4AaABAg,Doom and gloom is an accurate interpritation,0,2025-10-29T01:35:19Z
-ZtuZl3rgIY,UgxdXJ-Lz4rJf5rqkB94AaABAg,"First, thank you for this video.

It is not just the ""News"" that encorages negativity. I only watch Youtube and most of the movies advertised are very violent, and if it is not gangsters, spies or psychopathic killers being portrayed, it is aliens. Movies about husbands and wives tormenting each other; dystopian worlds have become banal. For much of this century, so far, the most popular entertainment has been zombies, vampires, wrathful Norse gods, super heros pulverizing their foes, etc. True, horror and war movies have always been popular, but in the quickly receding past, there were other options. I remember, as a child, hearing about a cousin of my mother's and his wife who would go to the cinema complex together, but would watch different films. One of them liked violent, action packed films and the other, light musical comedies. Are light musical comedies even being made anymore? About 20 years ago, I had a friendly debate with a roommate about violent movies; he claimed that watching violent movies served as an emotional catharsis and helped people channel and safely vent their rage. This may have been true in the 1930s and 1940s, when movies had ""messages"", but things have escalated each decade so that each new movie must outdo the previous films and have become so violence for violence sake that jnstead of cafharsis, it feeds the beast.",2,2025-09-13T07:24:11Z
-ZtuZl3rgIY,UgyS0kEjv2iK_KKT4F54AaABAg,"I sent this video to my family. Thank you, as always, for being a voice of reason, truth, and empathy in the increasingly hostile landscape that is human society. 

Or maybe the news has tricked me into thinking the world is worse than it is…? Either way, thank you. 🖤",1,2025-09-12T15:48:30Z
-ZtuZl3rgIY,UgwxRdlOQ2h7J1FCMy14AaABAg,"They talk and talk, yet they ain't saying nothing.",1,2025-09-17T20:10:48Z
-ZtuZl3rgIY,UgzOyuYH93nyxKlv5r14AaABAg,I get the point rhanks,0,2025-09-17T08:27:37Z
-ZtuZl3rgIY,UgwIbY5goX2qkEO6rf14AaABAg,"Social media is designed to provide dopamine hits, and people get addicted to the rush it provides.",0,2025-09-19T13:26:45Z
-ZtuZl3rgIY,UgyqllhHQsdrUTGFaW14AaABAg,Ha! I literally started a news fast two days ago.,0,2025-09-12T17:34:29Z
-ZtuZl3rgIY,UgwxhQXV1HmRoV2NK1B4AaABAg,I quit the News 5 years ago during the global sniffles. I've also not watched mainstream TV since. I can recommend it.,0,2025-09-13T00:24:32Z
-ZtuZl3rgIY,UgwW1k_7-hjWB0CGDeF4AaABAg,"I heard something made me think last week, if you die in the next minutes what are you doing in your last moments, enjoying your family, working for take care of your loved ones, being happy with soms hobby or worrying about you can change",0,2025-09-22T14:59:44Z
-ZtuZl3rgIY,UgxUb8Q8gT9mSoOx_oB4AaABAg,I feel like news just makes you extremely radicalized one way or another,0,2025-09-19T03:06:37Z
-ZtuZl3rgIY,UgwLzOY5w0EhsJAtcSZ4AaABAg,Great message.,0,2025-09-12T19:23:51Z
-ZtuZl3rgIY,UgzWEkaiXlPDu6UlfV54AaABAg,"For what ever reason we must detatch . I am as bad as any one else when it comes to attachment but i know it is bad for everyone . 
This too will pass""  As the old  saying goes . I took that for granted . Now i know that little bit of wisdom is true. And also we live in a imperfect world , it will never get to be perfect , all we can do is show compassion to the victims of imperfection .
I have avoided watching The News on television , i dont read newspapers . Recently i took a retreat in a Buddhist monatary . They knew little about what was going on in the world but due to the practice of compassion . They helped who they can. No matter were those that needed  help were . This is the healthier way . From now onwards i shall ignore the news .",0,2025-09-15T08:35:25Z
-ZtuZl3rgIY,Ugy80WCLBSs-45lI3ml4AaABAg,When I lived in Greece and got away from the British media and tabloids. Revelation.,1,2025-09-13T15:38:01Z
-ZtuZl3rgIY,UgyRW1BM4BFgF8uN_xp4AaABAg,"Spot on. I found that every news report, hold the same topics daily. New locations or players, but rerun issues. I’m doing my best to stay, separate. I enjoy educational posts and research. Popular content? Not interested. Thank you for your thoughtful works.",0,2025-09-16T16:51:53Z
-ZtuZl3rgIY,UgzRchfiiOMR3VwtVlh4AaABAg,Great video as always :) I agree with most of the stuff that things change is the most constant thing xD,0,2025-09-13T03:33:46Z
-ZtuZl3rgIY,UgxgTA_OeLidKKmrV9F4AaABAg,"You know... After watching this video... I have realized that I got myself hijacked by the news train I guess would be the word...

I've been ruminating about it for some time now after watching, and it is rather uncomfortable so to speak. I appreciate you posting this, as it has brought forth insight that I appear to of forgotten.

I will act accordingly and keep watching news to a minimal, or at the least over time reduce the amount of time at which I spend watching the news and I will aim to be more mindful over what I consume from here.

Thank you.",0,2025-09-13T15:47:14Z
-ZtuZl3rgIY,UgzL-NrfYKiiW6LVvfd4AaABAg,Chaos makes you easier to control. Propoganda is designed to benefit power.,1,2025-09-13T19:33:36Z
-ZtuZl3rgIY,UgwKfldfax_jYeQH7fl4AaABAg,"This is something I have been fighting with for some time. I tend to spend around 1-2 hours on mobile screen a day and I don't even consider myself to be some kind of extreme example in today's society. When I have some slower days where I can spend more time on phone, I can see myself being radicalized and seeing stuff only in black and white mode. Doesn't matter if it is yt, ig, google news, it always drags me and serves me something triggering. I tried digital detox, but after some time it went to same tracks. Honestly, I don't know how to get out of doomscrolling. It always drags me back.",0,2025-09-14T06:06:36Z
-ZtuZl3rgIY,Ugxuh-FbuPMwbASh8EZ4AaABAg,This is gonna be very hard to do when you have people in your household that are always talking about politics and the news. And when you don’t wanna talk about it you’ll be attacked and violated,0,2025-09-22T17:59:30Z
-ZtuZl3rgIY,UgwKSuSLod82blZ6P3l4AaABAg,agree thank you,0,2025-09-12T18:26:59Z
-ZtuZl3rgIY,UgxUcNi8qWop_k3aqcJ4AaABAg,Nature is nurture for the mind.,0,2025-09-13T14:43:38Z
-ZtuZl3rgIY,Ugw3bhklzirv_RTM7Ah4AaABAg,I live in Lithuania so I kinda track my time to leave. And its tommorow afternoon to Berlin,0,2025-09-13T21:19:03Z
-ZtuZl3rgIY,UgySHxghRzqhwkV21614AaABAg,"This. I am a personal trainer and I have begun to look at our phones like this. We all know someone who doesn't take care of their health, ""how can they not do something about that"" we say, because to us it is so obvious. The phone is that thing. It is horrible, we all do it, and we know it's bad and we keep not addressing it. Eventually it will be too late to fix.",0,2025-09-13T16:49:37Z
-ZtuZl3rgIY,Ugyl_tloE7x_2uYtEjl4AaABAg,Amazing video,0,2025-09-16T10:52:04Z
-ZtuZl3rgIY,UgwGhWkI397Zo9GFO694AaABAg,"I stopped watching the news 20 years ago, but unfortunately, you STILL get news if you're on a social media platform. Even without watching the news, I can tell you what's going on right now because of social media, so, if you REALLY want to avoid the news, you have to stop using social media apps as well.",1,2025-09-14T08:11:39Z
-ZtuZl3rgIY,UgzMgW7llSZ3jQ41-FJ4AaABAg,"Been through war and pestilence, two horsemen to go👍",0,2026-01-09T16:35:39Z
-ZtuZl3rgIY,UgyvhYwARHL5o1BXcVV4AaABAg,The news screws with your mind. We don't even hear about all the negative things that happen. We might hear about 1 car accident but many happened around the country and world but somehow we don't need to know about those.,0,2025-09-13T17:29:43Z
-ZtuZl3rgIY,UgzWzlUv-97SpBdXODx4AaABAg,Just stop the mainstream media,0,2025-09-14T16:28:38Z
-ZtuZl3rgIY,UgxiWjM4cGJ9-dmZTLJ4AaABAg,Thank you,0,2025-09-12T19:16:23Z
-ZtuZl3rgIY,Ugy7egbTUQH3O1PxNQJ4AaABAg,23:13 Acceptance...feels like capitulating sometimes...,0,2025-09-21T11:02:51Z
-ZtuZl3rgIY,UgztZZaBkCHxfdSlrjp4AaABAg,"So relatable, thank you! It's nice seeing others formalise this concern and coming up with ways of dealing with it. The manifestation of the ""we're in this together"" mentality always does wonders.

By the way, the ""this is not an AI voice"" got me by surprise. Well played! 😂😂",0,2025-09-13T06:15:43Z
-ZtuZl3rgIY,UgzfeqkEcrc8Shkpei14AaABAg,"the issue with the philosophy of flow, that good times and bad times take turns, is, that humanity achieved such great power to alter the earth, that there are multiple risks of extinction simultaneously and believing that the coming generations will have a better future than previous generations, would be delusional. so there are many genuine reasons to get angry these days, but I agree that most news is nothing but a sensational agitation to divert from the underlying systemic injustices and risks.",1,2025-09-14T18:34:24Z
-ZtuZl3rgIY,UgyHd1vOmzZjklIq3ZN4AaABAg,"23:00 Another good way to reduce news intake without quitting reading the news altogether is to subscribe to a local newspaper. Not only does this mean you'll be reading the news less often (once every week or once every two weeks) but it has the added benefits that some of the things you're reading about are actionable. Reading international news is reading about events you're very far removed from and can do nothing about, but reading local news means you might hear about a volunteer event or class you want to go to, or a local/town policy you could advocate for or against in your community.",0,2025-09-26T20:01:29Z
-ZtuZl3rgIY,UgxiQmMnzNgM_pyJufN4AaABAg,"Not just ""news,"" just being online in general. I've been trying to spend less time online and interacting more with the the real world and real people. Being in the moment. And it's been nothing short of wonderful. It seems to me this is all one big game and the only winning move is to not play.",0,2025-09-15T15:44:32Z
-ZtuZl3rgIY,Ugx7PAJikCwmwxtDGvd4AaABAg,You are not the only one.,0,2025-09-13T11:49:03Z
-ZtuZl3rgIY,UgxC4Y9WfVOPEiNPzVF4AaABAg,I think the world needs Angel Winestra.,1,2025-09-13T03:42:19Z
-ZtuZl3rgIY,UgxVjMJTNQM9D5jU_WZ4AaABAg,"I agree with many points in this video. However, there are also some terrible flaws with it.

We need to be more skeptical of our news sources, but we still need some exposure to them. Things change for the better when people actively change them. They don’t magically change overnight.

A temporary news strike might work, but it’s a very risky proposition. Those less privileged than us will probably be hurt.

Ignorance is not bliss. It can be very selfish. What people need to adopt is the airplane oxygen mask policy: help yourself before helping others. If you are okay, help someone who isn’t. If you’re not okay, fix yourself first, then help someone else.",2,2025-09-18T14:45:52Z
-ZtuZl3rgIY,UgxANLIRlknWVT25o294AaABAg,There should be a YouTube channel out there for positive news output !,0,2025-09-13T19:42:31Z
-ZtuZl3rgIY,UgxQNYtuPK_yo9caukx4AaABAg,"Ich gucke weder Nachrichten noch lese ich Zeitung,seit ca.2 Jahren. Natürlich bekommt man einiges über das Internet mit,aber es tut so gut sich aus diesem Informationsmüll heraus zu halten und seine Gedanken nicht beschmutzen zu lassen. Wir müssen nicht wissen was woanders passiert, oder wem etwas passiert. Nur unser Umfeld zählt.",0,2025-09-15T09:51:28Z
-ZtuZl3rgIY,Ugwiq5dsx_5-AYeAPXZ4AaABAg,Thanks,0,2025-09-17T10:23:24Z
-ZtuZl3rgIY,UgzW32VazsXCpRgYvf14AaABAg,Halfway through the video I was expecting Einzelganger to promote Ground News as the sponsor 😂,0,2025-09-14T10:59:52Z
-ZtuZl3rgIY,Ugz94xSeTUYhefBQJiZ4AaABAg,"This video is God's sent. Thus week has been particularly hard on the news, I even got my X account blocked... You know what... I thank the person who got it blocked... I feel better today. I even decided to close the account as soon as a I can. I am tired of arguing with people online, so much so that I've become paranoid of people offline too.  I think I've got to learn to keep my opinions to myself. I enjoy solitude, so I will devout myself to change social media for books. If I happen to meet unbiased people that can engage in civil conversation offline, that'll be great, but I won't bet on it.",0,2025-09-15T18:32:41Z
-ZtuZl3rgIY,UgxWe744MaVYYbleisB4AaABAg,But my personal stress about world events is the only thing preventing it from getting worse!,0,2025-09-19T11:04:41Z
-ZtuZl3rgIY,UgxCDGRpRVGDMKFC-Yp4AaABAg,"The news cycle is designed to monetize our anxiety. Disconnecting isn't ignorance; it's asset protection for the mind. In a noisy world, attention is the only currency that truly matters.",0,2026-01-05T03:00:59Z
-ZtuZl3rgIY,UgxuVBXUEoIj8O4o7KZ4AaABAg,I now play videogames more (Skyrim mostly) instead of scrolling Instagram. Feels much better.,1,2025-09-15T23:49:00Z
-ZtuZl3rgIY,UgyNKHzNv8JiCDNnjSt4AaABAg,"This has been what exactly I needed. Been trying to wean myself off the news because of just how overwhelming everything is, and my own life is already overwhelming enough right now. 

Ps. Your pronunciation of Xi Jinping’s name is actually pretty good for a European, judging as a Chinese person from Singapore myself here. 😉",0,2025-09-19T09:26:20Z
-ZtuZl3rgIY,Ugz1f7BhI4zhof9nI0V4AaABAg,"I became stronger upon studying the stoic philosophy - _life’s not fair_ is a common adage, with sufficient evidence of truth, but I can still control my actions, while in observance of the changing world around me.",0,2025-09-14T00:34:55Z
-ZtuZl3rgIY,UgyAy8fikvUZytXPPpd4AaABAg,"Glad to have you back! And, YES!!! I have been feeling for a long time, that journalism skews more and more to sensationalism. I chalk it up to 1) news no longer being considered a service to the general public but a revenue potential and 2)  the big bugaboo social media engendering in us insatiable appetites for „content“. I am an older Gen Xer and I have watched news divisions on TV, newspapers, and radio news all turn sensationalist AND opinionated. It used to be that a journalist/reporter just reported the news; now they feel free to throw their own personal opinion in as well … going against what used to be a journalist‘s ethic for neutrality. 
I live in Germany, moved here from the US in ‚99. I was very impressed with the Tageschau anchors. They were focused on the events not the implications. Yes, they were dry and, for some, boring; but you got the NEWS not opinions. More and more, though, I feel that changing. More and more journalists think they are talk-show hosts, entitled to share their personal views with the audience. That is not what I expect from journalists. I expect well-researched facts and analysis NOT opinions. 
I now watch mostly just Tageschau and maybe a news hour from the US to keep informed. Anything more than that is pointless. It is enough to read the headlines (all you are allowed to read unless you subscribe online) to have a rough idea that … nothing has changed much since yesterday. And, even IF something major happens, there is no escaping it; it will be covered ad naseum everywhere anyway. 
I used to think my changing attitude was bad because I would be less informed. I am in total agreement with you: it is not information; it is just noise.
Thank you for being a sane voice. 🙏",1,2025-09-13T12:31:17Z
-ZtuZl3rgIY,Ugx1Pn8BY6XUPpRxbEh4AaABAg,"I haven't watched news in about a year. I watched the news from Gaza religiously every single day for at least a year prior to that - like I'd come into work and put Al Jazeera on in the background all day, in addition to watching endless videos on social media showing children in various states of misery - from terror to starvation to gruesome murder. It was making me psychologically ill and physically exhausted. So at some point I just stopped and realized I can do absolutely nothing about this situation. If provided the opportunity to do something concrete - protest, donate, boycott - I'll do it, but there is zero benefit to being ""aware"" of just how bad things are. I live in the US, and I've extended this to the daily ""did you see what Trump is doing"" news going on. And I see such a difference - the people around me are often in near hysterics about Trump, enraged, scared...and I just keep noticing that nothing in daily life has really changed much. I suppose if I were living in an area where federal troops were headed, I might feel differently. But there's nothing I can do about any of this, so I choose to focus on my kids and my garden and if I bicker with anyone, it's over whether the new Star Trek is any good.",1,2025-09-18T12:32:07Z
-ZtuZl3rgIY,Ugx9HdVa50UVkYV-n7J4AaABAg,"I swear. If you watch the news, you'll end up thinking life is nothing but a struggle. The news is more of a narrative",0,2025-11-06T05:54:38Z
-ZtuZl3rgIY,UgxfVvHRhqDWQDM_zyx4AaABAg,Thanks,2,2025-09-13T18:49:57Z
-ZtuZl3rgIY,UgxDYSO0MZaGi7FR71B4AaABAg,"Yes, agreed 100%, even in a very fragile situation.

Before this year, I completely avoided the news. I focused on work, caring for ill family members, and my creative process. Then a certain orange guy began spreading lies and attacking a neighboring country. So I started following the news.

I've worked remotely my entire life and depend entirely on foreign contracts. When this person threatened SWIFT wire transfers—essentially any dollar transaction—fear set in. Then came claims about using military force against any country with impunity. Venezuela came under attack over oil, justified by nonsensical narco-terrorism excuses—a sunken little boat allegedly carrying ALL cartel drugs bound for the US. A string of baseless accusations followed, and no country intervened.

This made me realize: if someone can target another country's water resources and still face no consequences, what's to stop them? I began imagining total isolation from international banking (which includes PayPal and Wise) and potential military confrontation over our water and rare metals. I panicked.

But then something clicked. 

I remembered I've always been a ""third-world survivalist"" who overcomes obstacles. I remembered that cryptocurrency exists without SWIFT dependency. I realized military confrontation could devastate the entire American continent, making economic isolation the more likely conflict. Most importantly, I remembered that every terrible problem has a solution—the only thing we can't fight is DEATH itself.

I calmed down and stopped reading the news. Honestly, I was exhausted from seeing that angry orange face everywhere. Enough.

(27:16 I'll never forget COVID. My healthy 60-year-old father died from the disease. When I got vaccinated, my body had severe reactions affecting multiple organs. This wasn't psychological—my non-verbal, level 3 autistic brother experienced identical symptoms after vaccination, despite having no understanding of COVID, vaccines, or what was happening to him. Our blood tests showed significant changes before and after vaccination. Most people are lucky not to be affected by COVID.)",0,2025-09-18T23:19:03Z
-ZtuZl3rgIY,UgwOU7MPm92Rb79xWbx4AaABAg,thank you,0,2025-09-12T21:35:59Z
-ZtuZl3rgIY,UgxPBUFID3Np4y-qKbV4AaABAg,"I got similar cheap ads just before your video, so closing it😅",1,2025-09-17T11:17:13Z
-ZtuZl3rgIY,UgwtO1WKCdRzgbqsYkp4AaABAg,"Everything that is designed to sell you something, an object, an idea, a feeling, will trick your mind into believing it. It's not easy to see through the bs, but once you start questioning these things and their intentions, your lens will become more clear.",0,2025-09-12T17:53:14Z
-ZtuZl3rgIY,Ugxvn4mmLzoSFCutSxB4AaABAg,"The first and most necessary step in achieving happiness and tranquility in this life is to disconnect from news and social media, I did it many years ago and never got sucked into the social media vortex, I have never regretted it. Good luck everyone.",2,2025-09-12T16:03:17Z
-ZtuZl3rgIY,UgzG-QA9rKZN3L7X1zN4AaABAg,Totalmente de acuerdo,0,2025-10-30T22:23:41Z
-ZtuZl3rgIY,UgyEHTpa4S9svHvOmyV4AaABAg,"Thanks for this timely message. Feeling very shitty about things today and yeah I've been listening to alot of channels about the escalating war in Europe. I do feel its a tricky one. I don't want to Bury my head in the sand and pretend noting is happening, as it's clearly evident things are being ramped up. To what end. Fuck knows but anyway, I live on an island, so it's just the weather most here worry about.",0,2025-09-18T11:12:55Z
-ZtuZl3rgIY,UgwEnyxGvF_ssehamAF4AaABAg,Welcome back!,1,2025-09-12T17:16:32Z
-ZtuZl3rgIY,UgylowTN3GNx5iiywph4AaABAg,The news and social media opinion\bot\conspiracy noise can affect your mood.  It a balance of wanting to be informed with current events albeit not caught-up in the noise and echo chamber.,0,2025-09-13T15:07:54Z
-ZtuZl3rgIY,UgzjHJ1tOQrpYLbVnYt4AaABAg,"I really missed you! I thought you had stopped producing content and just saw your video today. Please post more often :)

Could you also explore the Gita? It’s a very interesting take- everything is consciousness, happening in the mond",1,2025-09-12T15:32:38Z
-ZtuZl3rgIY,Ugz2AQyuJhuChtlOV_94AaABAg,AMAZING,0,2025-09-16T14:33:06Z
-ZtuZl3rgIY,Ugyou1OR_u9U42Lui9R4AaABAg,"The people who select the news might consider to balance the news feed: not everything negative. Rather: some positive, some negative.",0,2025-09-15T16:59:37Z
-ZtuZl3rgIY,UgzxY7PHh37dZGLjiDN4AaABAg,I was off most media for a while and was doing well. But a recent political assassination triggered something in me and now I feel like there’s no being apolitical anymore.,0,2025-09-16T06:56:29Z
-ZtuZl3rgIY,UgxSAKPtYRA9bIpslPN4AaABAg,beautiful background footage! 💕 plays well on my 4k tv. groeten!!,0,2025-09-12T18:39:39Z
-ZtuZl3rgIY,UgzbrkeJ81v9aYmzU0p4AaABAg,Love you ❤,1,2025-09-12T17:18:29Z
-ZtuZl3rgIY,Ugz-Zo-LvlKjqYJXlY94AaABAg,This video couldn’t come at a better time. This past week America has has a lot of domestic chaos this past week that quite frankly is small-fry compared to several other countries in the same week,0,2025-09-16T13:12:09Z
-ZtuZl3rgIY,Ugz3UoRXQPpkdecxlVl4AaABAg,"Love your stuff, especially on Toaism, and hahah thank you for clarifying you are not an AI voice i often wondered that ! 😂🙌",0,2025-09-18T08:27:21Z
-ZtuZl3rgIY,UgwfPYmksP1Pi650z8d4AaABAg,"At their advent, television news channels in the US had to struggle to be credible and acceptable because most people considered newspapers to be the reliable sources.  So we eventually wound up with three major networks plus PBS that were non-sensationalist.  Starting in the 90s, more or less, things started to devolve as standards of professional journalism unraveled in favor of tabloid-quality grist intended to stimulate emotion over rationality.  And now we're here, far worse than that, with civility falling victim as well.  I finally ditched my cable subscription eight years ago, having already spent way too much on what is essentially trash.",0,2025-09-14T11:41:34Z
-ZtuZl3rgIY,Ugyb3ePTgr6MDLQ72QN4AaABAg,"by the way I do not have TV, I do not watch any news on social media. but many people claim I am late in life. mostly I hear the news after a week or two. it is freedom.",0,2025-09-16T11:28:54Z
-ZtuZl3rgIY,UgxKZvjWUmAdbLZ74ox4AaABAg,News programming is about as predatory as it gets,0,2025-09-13T16:36:35Z
-ZtuZl3rgIY,UgyzbXcpUxju_Y9B_D94AaABAg,Thanks,0,2025-09-13T10:18:36Z
-ZtuZl3rgIY,Ugy1ZZuZTA-C34IOrx14AaABAg,🙏🙏🙏🙏🙏🙏 Blessings,0,2025-09-12T19:24:31Z
-ZtuZl3rgIY,UgwP4IjQI2Y8LBHK9ft4AaABAg,Local news is the way.,0,2025-09-13T09:03:01Z
-ZtuZl3rgIY,Ugx651KfO8Ff8bADHrt4AaABAg,Great video,0,2025-09-13T01:14:54Z
-ZtuZl3rgIY,Ugyy14xMnn-N32-OKKx4AaABAg,"It is relevant that Thoreau's mother took care of his washing and delivered his food. We have so much spare time to indulge in distractions bc we no longer grow or take time to cook and don't have to spend so much time on mindless chores. Also many of us clamour for connection & a sense of having influence, that may be achieved by social media communication. And would Thoreau's writings exist if none of us knew of them?",0,2025-09-12T20:55:38Z
-ZtuZl3rgIY,UgxZgATDwYvTotjpk2t4AaABAg,Schopenhauer was right about the poodle biting and the poodle chewing it! 😂,1,2025-09-12T21:33:41Z
-ZtuZl3rgIY,UgxkwiHKA1fywY9Kgzt4AaABAg,"@Einzelgänger, I appreciate the thoughtfulness of this video, and you make some good points about how little direct impact most news have on our daily lives. 

However, I would argue that in modern-day America, it would be unwise to completely disengage from any news. I would restrict to reading them only about 10-15min/day, just to stay informed. Otherwise you’re like an ostrich with his head stuck in the sand, but with a fire around him. You have to be informed enough to know when it’s time to leave. 

Remaining informed about your local government and country equips us to prevent tragedies from happening. I wish my German ancestors had been more informed about the news.",0,2025-09-14T15:25:19Z
-ZtuZl3rgIY,UgyoumSFVE00t_86ZOh4AaABAg,"I signed up for a local newspaper to be delivered every saturday, so I can go ""oh, that's what happened around here this week"", then move on. I stay informed, but I don't obsess anymore. Much better.",0,2025-09-12T18:25:41Z
-ZtuZl3rgIY,Ugx_QLf4W8vi-IDr34t4AaABAg,Yes the news is so depressing and on the net we don’t. Know truth from fiction as AI is so convincing! I’m gonna be an ostrich now 😃👍,1,2025-09-12T15:38:51Z
-ZtuZl3rgIY,UgzW-Eqk4ulXm8fjwCl4AaABAg,People love it. Thats why our families grew up watching Australian soap opera the news meets the human need for DRAMA!!! 😂,0,2025-09-13T16:35:01Z
-ZtuZl3rgIY,UgwJFdO5XW-nJsuQxDt4AaABAg,"""It would be a quieter and pleasanter place, relieved of busy bodies rushing around everywhere trying to do good, and only making trouble."" - Alan Watts interview 1970",0,2025-09-12T21:00:33Z
-ZtuZl3rgIY,UgwmtQVZTM00LIiV2RR4AaABAg,i can not believe how much rotten bullshit can be produced and people keep taking news serious.,0,2026-01-03T19:48:03Z
-ZtuZl3rgIY,UgxgQe55t3pTC97manl4AaABAg,"Had a edlerly coworker spiking her blood pressure everyday over the news, before and after a stroke. There is a point where it's time to stop.",0,2025-09-15T19:21:56Z
-ZtuZl3rgIY,UgzVWHrwf6R125MysNV4AaABAg,"They're degenerating us slowly and generationaly. The so-called ""dumbing down of the masses"" is now a very evident fact.
The internet society we know today was planned already 35+ years ago.
Carefully planned and brought about. The internet itself is military tech from the 1960's for crying out loud.

And studies into mass perceptional management and social engineering started OFFICIALLY during WW1. More than 100 years ago!!

They're playing chess at multiple levels while we're still trying to grasp tic tac toe and 'cause we've been so degenerated through generations and decades now.
We better learn fast!",1,2025-09-14T08:59:39Z
-ZtuZl3rgIY,UgyPUcAYXmVcuNgTBEd4AaABAg,"early into my adulthood i decided i wasn't going to vote or participate in the news. anything that has effected my life makes itself known. my sister asked me about current events, with anxiety, fear & anger... my response was, ""i don't know. i'm protecting my peace"".",0,2025-09-22T19:37:24Z
-ZtuZl3rgIY,Ugw3vcISOBQTTPdsQ6x4AaABAg,Acceptance of fascism over their dead bodies...,0,2025-09-20T14:44:25Z
-ZtuZl3rgIY,UgyFowavXoU-xR1pPSh4AaABAg,"youtube is also doing that, having chronic depression I’m trying to stay away from news or anything negative but algorithm pushes negativity no matter how I try to avoid it",0,2025-09-13T15:50:52Z
-ZtuZl3rgIY,Ugyx5c3xuHVRcvT6lx54AaABAg,15:49 Legit. 15:59 Yeah... Anger and a painful collision with reality might be my fate... I'm sick of it... yet I know to avoid that collision... its the anger that'll push me over the edge more than likely...,0,2025-09-21T10:55:31Z
-ZtuZl3rgIY,UgxMh6qfTI2u9mZauvR4AaABAg,I am just terribly scared that one of these idiots at the top will do something really stupid like drilling a hole through earth's core and take the earth of orbit...😢😢,0,2025-11-07T12:49:56Z
iCvmsMzlF7o,UgyGT2ssb8B6cdRWz3V4AaABAg,pov: your therapist told you to watch this,26348,2020-11-22T01:45:35Z
iCvmsMzlF7o,Ugyvk20kSUNFyfENdPZ4AaABAg,"""You are imperfect, you are wired for struggle. But you are worthy of love and belonging.""",10241,2020-02-15T10:12:06Z
iCvmsMzlF7o,UgzxH2Zw255FvlpvmuB4AaABAg,i saw the other day a comment on her book in amazon that said that the book was not good because she uses really common language for a woman with university studies. I'll never understand how people pretend critical and important information to reach a large population using really specific and confusing terms just to give the image of profesionalism. This woman is really good at communicating and is explaining something useful and important.,10265,2020-12-01T17:37:07Z
iCvmsMzlF7o,UgzIRUrKj1tvo_xJdll4AaABAg,"This woman changed my life and helps my sobriety and recovery every day. Three years this coming January 2, 2025.",887,2024-11-20T00:32:38Z
iCvmsMzlF7o,UgzLOb9v341BLojh1wx4AaABAg,always come back here from time to time because... well... it's necessary.,4209,2019-05-25T20:03:46Z
iCvmsMzlF7o,UgyHn5AswO7eO0qggXt4AaABAg,"9:32 that's what I'm doing now. I'm a shy, introspective person, and the last few years I put on my mind I had to try to be more extroverted, talk more, but this latest months I realized that this was making me feel worst, because I'm not the way I wanted to be, and when I tried to be talkative I couldn't, so this made me sad and disappointed. So now I'm accepting myself, I'm a introspective person, and I'm fine with it. I don't care what people think about it, because people tend to judge us.",1522,2020-07-05T23:20:17Z
iCvmsMzlF7o,UgiHdJZRwQiXiXgCoAEC,"Up until 24 hours ago, before I watched this video I made fun of people who loved so recklessly and willingly gave into the vulnerability in order to experience something beautiful. And I know now that that judgement came from a place of shame. It came from a place that had been hurt and rejected and not chosen multiple times by multiple people. It came from a voice that  told itself to harden and be strong and don't let people in anymore, be you're own happiness, your own love, don't be weak or vulnerable to men because that'll get you hurt. But this Ted Talk changed my life. It changed my perception. And although it took some brutal self analysis and judgement, I instantly felt a sense of relief as she spoke of how it's okay, NECESSARY even to let that in, to live your life with vulnerability  and compassion and boundaries so thank you. You probably saved my life and future college career.",6560,2016-08-27T08:19:43Z
iCvmsMzlF7o,UgyMqbxP5uSvIBghEAV4AaABAg,POV: you keep coming back to this video because it once changed your life and you need to remind yourself that it’s okay to be vulnerable! And you keep sending it to anyone who struggles with vulnerability,1271,2023-03-24T21:54:02Z
iCvmsMzlF7o,UgxPtnwO_84qOLEY1o14AaABAg,Still watching this TEDTalk in 2023. It blew out my mind. Thanks Brené Brown. 🙌,1383,2023-04-03T02:15:00Z
iCvmsMzlF7o,Ugz9_LRfNx0ExyQIZQh4AaABAg,"So resonated with the last episode of Courage the Cowardly Dog. ""There's no such thing as perfect. You are beautiful as you are, Courage. With all your imperfections, you can do anything."" said the bathtub barracuda.",881,2021-08-31T07:02:59Z
iCvmsMzlF7o,Ugh4XahyvJABT3gCoAEC,"9:20 ""as it turns out we cant practise compassion for others unless we can be kind to ourselves""",3149,2014-04-15T06:11:51Z
iCvmsMzlF7o,UgyV8ZBOx25DUfOaXbJ4AaABAg,I'm a therapist. I still watch this for a reminder for not only myself but my clients I serve. It never gets old.,590,2023-11-14T02:42:35Z
iCvmsMzlF7o,UgyoU77-Kg9ucYfBuyJ4AaABAg,My therapist sent me this ted talk when I was in college. I feel like I’m just now understanding what I needed to take away from it.,1460,2019-11-07T23:35:24Z
iCvmsMzlF7o,Ugy9XGUWnqR5zaX9_Cx4AaABAg,Vulnerability is the key to all and any human connections. Without that key ingredient there will always be something missing within a relationship. Being able to be completely transparent with someone you love is a gift that some people never get to experience.,1985,2020-12-10T03:08:08Z
iCvmsMzlF7o,Ugi33f_2NB5vj3gCoAEC,"Content aside, this is an inspirational talk for any scientist. This woman is a SCIENTIST - think of all the detail, methods, metrics, statistics, alternate theories, debates with her peers, that could have been brought into this report of six years of work.  That huge hammer of science has been honed down to a razor edge of a few crisp points, delivered with calmness, conviction and humor, in an 18 minute talk. WOW. I am inspired.",3299,2015-02-20T17:10:43Z
iCvmsMzlF7o,UgxoGwEGUmYUlTHFvJh4AaABAg,This is the first video I watch in 2024. I learned how to accept my emotions whether they are good or bad. I learned how to accept my vulnerability and imperfections. I think I'm ready for a new me in 2024. Happy new year to anyone who reads this <3,315,2024-01-01T12:59:51Z
iCvmsMzlF7o,UgzMfHGicvxvAShmSWZ4AaABAg,Needed this. I’m always building up walls. Not wanting anyone to come emotionally closer. But eventually I have to let it down and talk to someone. Otherwise you’re just built up with anger and sadness,958,2020-11-13T10:35:59Z
iCvmsMzlF7o,UgzKbA6XkCVsTQKCOJ54AaABAg,18:20 - “You’re imperfect and wired for struggle and you’re worthy of love and belonging.” 👏🏼 ❤️,421,2021-03-23T14:57:50Z
iCvmsMzlF7o,Ugg3-ZVpIvMFongCoAEC,love her warmth in this talk. I can feel her energy from here.,938,2016-02-23T05:53:42Z
iCvmsMzlF7o,Ugz77Y3CjiJVInqbvop4AaABAg,"I learned about the magic power of vulnerability many years ago when i noticed that's what drew me into people.  Being vulnerable makes you so like me, like all of us, and it stops the belief that others are different, better, more made for success.  But, vulnerability is uncomfortable, and takes courage, as she mentions.  It is what i admire most in people, and why I have always believed that vulnerability is what makes people hear you.",23,2024-03-21T07:20:52Z
iCvmsMzlF7o,UgzrnDEPS5sotRzBASZ4AaABAg,"I just started a really intense program in college and had a tough day in the lab, went home and felt unmotivated to study. My relationship is a mess and most importantly, I felt extremely lonely. 
Wanted to change things up so I searched for this video, which I have initially watched 6 years ago and I remember it was inspiring.  
Watched the whole video, tears run down my face and I realized that I was being too harsh on myself and forgot to be grateful for what I have. 
Thank you Brene, you have taken me out of the dark place and I will rewatch this video for the stormy days to come. Life is not easy but gotta have fun and enjoy it while we can.  If you are struggling like me, I genuinely hope things turn up for you and you can find the light in your life. Best wishes!!!!",511,2022-09-29T02:32:51Z
iCvmsMzlF7o,Ugh03o1cXrj_kngCoAEC,"""In order for connection to happen, we have to allow ourselves to be really seen."" 
 ""The people who have a strong sense of love and belonging, BELIEVE they are worthy of love and belonging.""
 ""The origin of the word ""courage"" comes from the word ""cour"" which means heart, and it means to completely share your story with you whole heart"". 
 ""Have the courage to be imperfect, the compassion to be kind to yourself first, and fully embrace your vulnerability to create connections.""
 ""What makes you vulnerable, makes you beautiful.""
 ""Vulnerability is the core of shame and fear, but it is also the birthplace of joy, happiness, creativity, belonging and love.""
 ""You are imperfect and wired for struggle, but you are worthy of love and belonging.""
 ""Believe in yourself and say: I AM ENOUGH""",2362,2016-09-26T08:39:33Z
iCvmsMzlF7o,UgznuvZ0Bn-MxUklrWx4AaABAg,"10 years later and I find this speech  so emotional. Tears came out unexpectedly. I guess the power of authenticity and vulnerability are timeless. 
 Thank you for uploading.",841,2020-10-08T12:55:05Z
iCvmsMzlF7o,UgxqwpJKxVMbdsb9Jmp4AaABAg,so are we all here because of our therapists?,212,2023-11-10T00:13:29Z
iCvmsMzlF7o,UgydANKPd-L5_pdqBGl4AaABAg,Brené Brown’s Netflix special brought me here. She is such a powerful and inspiring speaker.,810,2019-04-21T12:43:37Z
iCvmsMzlF7o,UgiomuKGqY8vcngCoAEC,This TedTalk made me cry. I fight vulnerability so much. Something to work on.,657,2015-02-19T15:05:24Z
iCvmsMzlF7o,Ugyjr2pT0XuSphGlRy94AaABAg,"""We accept the love we think we deserve."" Stephen Chbosky in The Perks of Being a Wallflower",397,2018-07-16T21:18:35Z
iCvmsMzlF7o,Ugwtc_LuXb3wim6SK1p4AaABAg,Who is here 2025,847,2025-06-09T04:55:39Z
iCvmsMzlF7o,Ugzx-v1BY87BaI-Rshp4AaABAg,"No wonder they say, ""Better to have loved and lost than never to have loved at all."" :)",535,2019-02-19T10:41:08Z
iCvmsMzlF7o,UgyCe24KMfCMZ6YWz9h4AaABAg,"I love this message so much. To be vulnerable is to be open, to allow your emotions to be set free. To be vulnerable means to be authentic, to remove any masks you are wearing because you don't need to pretend to be someone you are not. You are worthy of love and belongingness, you are worthy of being seen, you are enough, and you matter ♥💜💙",694,2022-01-31T22:12:08Z
iCvmsMzlF7o,UgzEDrOf-WDWIXYqHdN4AaABAg,"""I lost the fight ... but won my life back.""  When two people lose, they win.",207,2020-05-18T22:10:52Z
iCvmsMzlF7o,UgysKc2ybpz0hboylPx4AaABAg,"Right now, there are people all over the world who are just like you. They're either lonely, they're missing somebody, they're depressed, they're hurt, they're scarred from the past, they're having personal issues no one knows about, they have secrets you wouldn't believe. They wish, they dream and they hope. And right now, they are sitting here reading these words, and I'm writing this for you so you don’t feel alone anymore. What really helped me start overcoming the pain and actually move toward my goals was reading Manifest the Unseen by Luna Rivers, it opened my eyes in ways I didn’t expect. Always remember, don’t be depressed about the past, don’t worry about the future, and just focus on today. ❤",347,2025-08-26T14:40:14Z
iCvmsMzlF7o,UgwRWHWFOD6dcwU-Zz14AaABAg,My therapist recommended me to watch her and im glad I listened very true!!!! 🙏💯🙏💋,1009,2019-06-07T18:36:24Z
iCvmsMzlF7o,UgjdW_F5nH3LFXgCoAEC,"Vulnurability needs to be addressed by us all. As a 18 year old college student surrounded by guy friends in my dorm, we have all become experts of pushing down our fear and shame and deepest vulnerabilities because it's easy to blend into the crowd. It saddens me. Recently I've noticed that I have shame for just having emotions. And that needs to stop!",245,2017-06-28T05:25:08Z
iCvmsMzlF7o,Ugg_1fYeK_sSuHgCoAEC,"I loved this talk. Being a 28 disabled woman (who was previously a fully fit dancer) I understand embracing being vulnerable. In the thirteen years I've dealt with my condition, one that leaves me in constant agony & using a walking stick, I can honestly say I wouldn't change it. It's part of who I am, and I'm happy with that person. Hopefully, this will inspire others to embrace themselves.",817,2015-09-21T20:35:34Z
iCvmsMzlF7o,UgzepitCs96pu9kx2oZ4AaABAg,"I saw this back in 2017, and now after 5 years of therapy, I finally got it.",6,2025-11-30T02:04:23Z
iCvmsMzlF7o,UgjKH1J6wN_cxHgCoAEC,"""To feel this vulnerable is to be alive""
Once you feel worthy, greatness will follow",283,2016-03-08T03:19:06Z
iCvmsMzlF7o,UgxeT44C86X2oXj4LXZ4AaABAg,"I'm not crying, you're cr- 
No, I lied, I am crying",387,2018-10-10T18:46:36Z
iCvmsMzlF7o,UgzsxBgzt5T9Z3QUl1t4AaABAg,"She finishes with, “that’s all I have”.

That was 8 years ago ... 

Her “enough” still moves the world 

We are all so very vulnerable ... and we are “enough”.",1569,2019-04-20T05:57:24Z
iCvmsMzlF7o,Ugi4ArOei0z5FHgCoAEC,I honestly didn't want her to leave :(,501,2016-02-02T02:25:36Z
iCvmsMzlF7o,Ugy2QzPNsM1bKDQkVc94AaABAg,"Everyoone: ""my therapist sent me""

Myself: ""wait My therapist Joe has this many clients""",86,2021-02-26T04:01:47Z
iCvmsMzlF7o,UgxtbTdxOoU1taylqA94AaABAg,“Connection is why we’re here. It’s what gives meaning to our lives.”,450,2019-09-21T23:05:30Z
iCvmsMzlF7o,UgwzybFvXjTPYd98wXh4AaABAg,My new mantra: I am worthy of connection.,10,2023-09-03T01:14:22Z
iCvmsMzlF7o,UgzG0NhNJnM7_q44WX94AaABAg,"Please, read her book ""Daring Greatly"", the one who goes deeper.into this subject. It is lifechaning... Fantastic!",763,2020-03-05T07:18:23Z
iCvmsMzlF7o,Ugw4qN8cRrmzX3kn50l4AaABAg,"I love how Brené Brown puts it. I have watched her TED talk speech a number of times and I'm always learning something. I can't believe that after so many years of trying to fit in into a denomination, social group, or even family, I have to sacrify my identity to feel accepted and not judge. I came to realized that this is my issue and not of the ones sorrounded by me, so I need to be brave and change my perspective if I want to be happy with myself and the things I want to accomplish in life.",263,2021-08-01T18:02:03Z
iCvmsMzlF7o,Ugy5_o5w0g-G4WU5DXB4AaABAg,"""We are the most in-debt, obese, addicted, and medicated adults in our history"". Let that sink in.",322,2019-05-24T15:09:07Z
iCvmsMzlF7o,UgxUBqP2WeANEjiPl_N4AaABAg,"absolute mic drop and then ""that's all I have, thank you""",12,2024-11-16T07:26:23Z
iCvmsMzlF7o,Ugx92XgYArSY8pgjxyV4AaABAg,“We pretend that what we’re doing doesn’t have a huge impact on other people” okkk nah that hit differently that is so true,115,2020-04-09T23:16:06Z
iCvmsMzlF7o,UgiY6k2Jn24FLHgCoAEC,"im in tears right now. this is beautiful, hit me in every level.",170,2016-01-25T12:07:47Z
iCvmsMzlF7o,UgjtWROp4NIghHgCoAEC,"The courage to be imperfect, thank you.",620,2016-11-25T01:55:53Z
iCvmsMzlF7o,UgwVSDmhoB7WLfNQQOB4AaABAg,"It's rare to see someone who is not performing. But truly communicating. 

The way this talk is delivered is a prime example of vulnerability. 

She makes you feel like you're her best friend.",3,2026-01-14T15:43:26Z
iCvmsMzlF7o,UgzHAvEaEHTLxo4QDiZ4AaABAg,"Watching this in July 2020 (10 years later), and it still feels like she's only given this talk yesterday!
P.S.: I, too, am a PhD qualitative researcher, and I like the idea of calling myself a ""storyteller"".",444,2020-07-04T13:25:48Z
iCvmsMzlF7o,UgymVUdEu2OU1AtQs754AaABAg,I’ve watched this at different points in my life & I’m still receiving gifts from her awareness; brilliance.,184,2021-03-24T00:47:16Z
iCvmsMzlF7o,Ugw1xhXxR7cPJ8nKY0l4AaABAg,To be vulnerable is to express true intimacy with someone you truly love and care about.,68,2019-10-13T20:08:22Z
iCvmsMzlF7o,UgyYWmENGoJ9l-mYIxV4AaABAg,"Trying to relearn vulnerability after a long string of negative relationships. 

It's not easy.",10,2024-10-26T00:56:20Z
iCvmsMzlF7o,UgiBHUUPgn04K3gCoAEC,"I was born decades ago with a really great musical ear,  with exceptional eyesight , i was athletic and handsome.  I still retain a lot and walk with  confidence .  When i watched this video i was momentarily distracted by the subtitles, when it said ''laughter'' etc.   At that moment i felt great appreciation for those who could watch this but could not hear ,  how they watch it and can still enjoy it by reading the subtitles, not hearing laughter but they can imagine the audience laughing at what she said.  
    I've been blessed so much in my life , despite many of my own problems over the years.  I think it is a great thing to add subtitles for those who cannot hear.  I can't imagine what that life is like,  and it's good that we are connected with eachother in positive ways.",602,2015-09-10T21:21:04Z
iCvmsMzlF7o,UgzoEq3tX2JFam05X_V4AaABAg,"Here from Netflix. It’s baffling to me why anyone could leave hateful, hurtful comments about someone like her, sharing so beautifully from her deepest, most sacred places. I think she is gorgeous - brilliant smile and twinkling eyes and she presents herself with grace and confidence. Her family is blessed to have her ♥️ Thank you Brene for accepting your destiny to live in the big “arena” and for showing us a better way to “do life”.",863,2019-04-23T06:18:04Z
iCvmsMzlF7o,UggURxu-nQG2AHgCoAEC,"If you have Audible, I'd HIGHLY recommend downloading the entire book, ""The Power of Vulnerability"" narrated by her. It's amazing!",296,2015-12-21T05:11:52Z
iCvmsMzlF7o,UgxkMVyUC6RITtlnq1p4AaABAg,"First my manager suggested this, then a wildly intelligent gentleman that I met randomly...next I get her books given to me by a friend. I guess it's time to finally listen.",13,2024-11-16T00:15:35Z
iCvmsMzlF7o,UgjJ2zDNuJngBHgCoAEC,How can you not LOVE Brene Brown. She was the reason I came out of the Mental Health Closet!,141,2016-09-24T21:13:53Z
iCvmsMzlF7o,UgiqfCQH4cVd-3gCoAEC,"I tend to hold my emotions inside, which ends up backfiring on me. I'm going to work on being more vulnerable. (:",165,2015-09-15T17:07:51Z
iCvmsMzlF7o,UggCWdQoVqK3NXgCoAEC,"She is awesome, I have never seen someone smile so much during a Ted talk!",175,2015-12-06T18:33:36Z
iCvmsMzlF7o,Ugz448Tr10joVs-Ffml4AaABAg,Who's watching this in 2025? I got more vulnerable watching this.🥺,146,2025-03-06T20:35:58Z
iCvmsMzlF7o,UgxZHNykHgQ6a6TXTCl4AaABAg,"she said ""that's all i have, thanks"" as if she ain't just drop schmad fax",43,2019-06-21T03:10:13Z
iCvmsMzlF7o,Ugi8p8EFpX_BQHgCoAEC,Rewatching this has helped me get through a really hard time in my life. Thank you for making this accessable to everyone.,238,2015-12-26T08:43:10Z
iCvmsMzlF7o,UgxjoDNFPyT8h_2X0894AaABAg,"""We cant selectively numb. When we numb we numb everything""",20,2021-06-10T21:53:29Z
iCvmsMzlF7o,UgyPMFkFTQ8xWFhUT4x4AaABAg,"I am going to the 30s and never in my life I have cried and laughed so much at the same time. I really can’t believe I didn’t watch this video earlier. Blessed by you, Brene!",70,2023-10-05T17:00:27Z
iCvmsMzlF7o,Ugz5gml1ht5fVP6NXNp4AaABAg,"It's April 2020 during the COVID-19 Quarantine! Brene, your words remain timeless -- and timely.  I am sharing this Ted Talk with many friends over the years.  And today, I needed to review.  Thank you Brene.",493,2020-04-17T00:41:48Z
iCvmsMzlF7o,Ugwogf7ZGvVzGKCjCsN4AaABAg,who's here from Netflix?,3762,2019-04-20T19:19:54Z
iCvmsMzlF7o,UggL0osbZ-Mg2HgCoAEC,"""I trust that every moment is perfect""
Mino Netta",51,2015-09-03T05:13:14Z
iCvmsMzlF7o,UgzcgkwUX3HxCWJx1194AaABAg,"It's crazy how true this is . About four years back when I passed high school I was broken , insecure and vulnerable. My best friend left me. The boy I liked rejected me. For the same fucking girl. I thought when I enter uni I'll change it all , I will not be this pathetic person I am , I'll change for good. That's what I did, I started relying less on others , closed myself off, had friends some really good people but I never allowed myself to get close as a protective measure. I tried to numb myself of all the feelings, good or bad. Everything was going well good grades , good social life but I was not happy. I couldn't understand what was wrong. I felt hopeless , without a direction. One day I broke down in front of a friend. Got everything on my mind out, showed her my pathetic side which I was scared to face. It was difficult. But I felt 1% better. So after watching this talk, everything made sense . I'm still not comfortable in being vulnerable in front of people. But I am trying .So anyone else suffering, you should give it a try too.",132,2024-03-06T11:11:13Z
iCvmsMzlF7o,UgwgkMmIXB-1ZoaPgaZ4AaABAg,"“Lean into the discomfort of the work”
Such good advice",123,2019-09-21T23:04:45Z
iCvmsMzlF7o,UgwO6bb5FfnJ_f5TAFp4AaABAg,"“Maybe stories are data with a soul”
❤️",153,2019-09-21T23:03:13Z
iCvmsMzlF7o,Ugw7pRODEqIBOigJqzV4AaABAg,"1:40 - a piece of her research that expanded her perception
3:14 - connection ````~
4:40 - shame
5:24 - vulnerability
6:53 - worthiness
8:05 - whole-hearted
8:45 - courage
9:43 - vulnerability (embracing it)
11:17 - a ""little"" breakdown
12:43 - vulnerability is the core of shame & fear but also the birthplace of joy/ creativity/ belonging/ love
13:51 - people embrace vulnerability, but that's not her (lol)
14:31 - why do we struggle w/ vulnerability
14:39 - numb
16:21 - you can't numb hard feelings w/o numbing other emotions
17:03 - making everything uncertain, certain 
17:34 - perfection
18:31 - pretending",809,2022-10-19T00:56:06Z
iCvmsMzlF7o,UgybjmqTblWSuKfwzCN4AaABAg,"what a GOLDEN video, i think this deserves to be seen by everyone, so many powerful lines of dialogue and key points. i have gone through my own ""spiritual awakening"" aka crying for 20 minutes on my bed while infront of my mums company who i would always hide emotion from because i was worried about how she would see me as such a weak person. but after that and followed by a few more tears in the coming weeks after that moment. and now im at a point where i just accept things for what they are and who people are and who i am as a whole, and life has been so much less stressful and worrisome. i have found a strong sense of calm come into my life and things have been up ever since.",9,2023-08-19T13:24:39Z
iCvmsMzlF7o,UgjM1SHxd1A5N3gCoAEC,What if Brene had her own channel with short videos for different kind of situations we face in life and how to better deal with them? I think it would help a lot!,176,2016-04-22T19:32:19Z
iCvmsMzlF7o,UgixGfkM2fgGB3gCoAEC,"Beautiful.

Everyone needs to see this.",344,2014-04-20T06:28:54Z
iCvmsMzlF7o,UghAoGFzDPsNEHgCoAEC,"Cannot stress enough how important vulnerability is; I watched this TED Talk for the first time back in my Sophomore year of college and it still sticks with me today, now a Senior in college.",59,2016-08-11T04:30:00Z
iCvmsMzlF7o,UgxUskKclczZsCSg5tp4AaABAg,I came to this video after her Netflix episode on Courage over Comfort. This video is seriously life changing! It is exactly what got me start my small YouTube channel,6,2024-11-23T07:29:22Z
iCvmsMzlF7o,UgytMVGSWEuzjdH1eiZ4AaABAg,"Recently, my therapist told me to watch this TED talk because almost all of my problems are based in shame and not being able to be vulnerable and this video has really good info👍",48,2018-03-28T01:41:56Z
iCvmsMzlF7o,Ugimb1rIqxOZQngCoAEC,"""Connection is why we're here, it's what gives purpose and meaning to our lives.""

Love this!!!!",28,2017-06-14T04:10:15Z
iCvmsMzlF7o,Ugz10nroBzADwtGV2h94AaABAg,Automagically coming back to watch it annually. 9 years ago damn.,21,2020-09-24T03:58:01Z
iCvmsMzlF7o,UgwxsdQMh9s5vfLYzEB4AaABAg,"""DARING GREATLY"" is her book that expands on this talk. It's a good read.",8,2023-05-20T21:45:19Z
iCvmsMzlF7o,UgyuIFgLQ9lNuYDDl2F4AaABAg,"You're imperfect and you're wired to struggle, but you are worthy of love and belonging.",132,2021-04-03T23:48:46Z
iCvmsMzlF7o,UgyQYshhzIgHVt8rrJV4AaABAg,This is a homerun for me personally. I believe our biggest fear is having the courage to be imperfect and also allowing ourselves to be vulnerable. Thank you so much. This really helped me understand myself.,212,2020-07-28T21:31:17Z
iCvmsMzlF7o,UgxPqomm74efRBETkth4AaABAg,“Obviously it didn’t end well.” 😂,13,2019-09-22T00:05:03Z
iCvmsMzlF7o,UgzZVGo-03yqbpb2Fhh4AaABAg,My friend sent me this link and I am so grateful because this was AMAZING!!,2,2025-11-28T13:28:07Z
iCvmsMzlF7o,UgiB8rOQLg7lxngCoAEC,I've just gotten through a struggle with depression and this video has highlighted many things which caused it. I'm better now and this video inspires me. I find it very important to our world today.,57,2016-05-10T05:27:08Z
iCvmsMzlF7o,Ugw9NhBqiJ9jyluSLwt4AaABAg,pov: ur teacher is making u watch this,549,2020-09-03T17:35:12Z
iCvmsMzlF7o,UgynqnKNhhuqgfkqkjd4AaABAg,"youre imperfect, youre wired for struggle; but you're worthy of love and belonging. 

wow",25,2021-07-02T01:42:57Z
iCvmsMzlF7o,Ugzz22mimkEY0oNsqhZ4AaABAg,You can watch this talk at every stage of your life and you will always get something out of it.  Note to myself went I am struggling come back to this...,20,2024-02-07T19:13:38Z
iCvmsMzlF7o,UgwrEhB2WnB-TQhrWzR4AaABAg,"I'm watching this in 2021, thanks to our friends that shared this link to us🤚👏",16,2021-01-22T20:30:20Z
iCvmsMzlF7o,UggttNcnL35kv3gCoAEC,This is the THING I wanted to hear in my life at this time. Fits so f**king perfectly into my life.,49,2015-01-11T14:50:18Z
iCvmsMzlF7o,UggJTBip-tJOXHgCoAEC,I'M ENOUGH. NO ONE IS PERFECT.,41,2015-11-23T14:20:44Z
iCvmsMzlF7o,Ugzg-XUotkInaQLiGG94AaABAg,Listening to this in Nov 2024 is so wild.,6,2024-11-19T02:12:10Z
iCvmsMzlF7o,Ugw55PscC1S_pz1eoiN4AaABAg,My therapist recommended this to me & it just makes so much sense. So many points from my own guarded way of living and how I expect my children to be these perfect little robots as a pose to their true imperfect selfs. Thank you,67,2021-07-28T17:42:39Z
iCvmsMzlF7o,Ugz8T_Hh2dCM7BQPKT14AaABAg,"""A vulnerabilidade é um sinal que você está vivo... "" sinta-se suficiente ❤",60,2020-03-24T03:39:14Z
iCvmsMzlF7o,Ugx3s07_ZNaIr1xZULV4AaABAg,"a therapist that I had in 2017 recommended Brene's TED talks and books to me. Vulnerability is still something I struggle with, but I've watched these videos a few times over the years and they do help <3",16,2023-07-27T01:27:11Z
iCvmsMzlF7o,UgyswHura5DvTVVe-aV4AaABAg,"True vulnerability is courage to say ""I love you"" first. To open your heart, there is no guarantee that you will be accepted or loved.",65,2019-07-09T20:04:43Z
iCvmsMzlF7o,UgwVSG3J-tBq0ZyrGiN4AaABAg,"I was so afraid to feel vulnerable.
At the same time, I realized myself I took a lot of courage to feel vulnerable.",26,2019-02-06T16:00:07Z
iCvmsMzlF7o,UgwQ5pT46aoEM7Xvp9F4AaABAg,I am currently reading her book the power of vulnerability and I am so touched by it. Thank you Brené Brown! Who is still watching this video nine years later?,35,2020-09-08T11:19:04Z
iCvmsMzlF7o,UgwhI53FRLh6PSNBRIR4AaABAg,Binge-watching her videos for my mental health 💯🙌🏼,8,2023-08-04T01:01:22Z
iCvmsMzlF7o,UgwCG352g0kaN94hBxR4AaABAg,"The most-thought provoking Ted talk I've ever watched. I really needed to watch this, made me rethink my approach towards Life.",46,2019-04-23T09:32:00Z
iCvmsMzlF7o,UghAap8uaYJjRngCoAEC," Epic!! hahaha  ""But here's the thing, no family stuff. No childhood shit. I just need some strategies.""",18,2013-12-08T18:20:39Z
iCvmsMzlF7o,Ugw29N6jXIACqWA3hXF4AaABAg,Wow!! This was incredible. Literally had goosebumps and could feel my heart being impacted the truth and weight of her words. Thank you so much for this talk. This was amazing,59,2019-04-28T00:26:01Z
iCvmsMzlF7o,UgwZ6N5Csalih-Q2Yot4AaABAg,Letting ourselves be seen is one of the greatest acts of courage. Love this message!,0,2025-02-06T20:38:19Z
iCvmsMzlF7o,UggFLmkH963NSngCoAEC,"This is the second time I am watching it since a few years ago, and it had helped me to feel better again... Thank you!....",27,2016-01-13T04:20:32Z
iCvmsMzlF7o,Ugx6TpcDCyagedbxH6R4AaABAg,"“Is there something about me that if other people know it or see it, I won’t be worthy of connection”

❤️",28,2019-09-21T23:07:35Z
iCvmsMzlF7o,UgxoXg2tzTqKfwyMwQZ4AaABAg,How did I just found this talk now? How have I lived  years not knowing her? This is amazing!,72,2020-06-18T15:51:32Z
iCvmsMzlF7o,UgygPknJjR7GyVRbyhJ4AaABAg,the gift that keeps on giving.  Oh my.  She helped me make a decision that I should have seen a long time ago.  Love her.  She is so sincere.,6,2023-02-20T03:35:53Z
iCvmsMzlF7o,UginNJ5YU42oB3gCoAEC,"It was a couple of years ago since I last saw this talk, but all I can say, out of personal experience, is that this is so true. But one should also have a balance, but to find that balance, one has to share and be a bit too vulnerable some times to find out where that line is drawned. Learning by doing is the only way. Good luck Everybody.",45,2016-06-19T17:45:54Z
iCvmsMzlF7o,Ugg9hV4MaxOo8HgCoAEC,"I don't resent my parents. I resent the fact that they taught me how to numb like a pro since the word go. They didn't even know it was going on, because of their upbringing and how they have lived their entire lives. I'm not surprised that my folks rarely socialise. They have never hosted any big parties or reunions.  And the people they do socialise with on a regular basis. are just like them. I still love them. but i'm constantly reminded of how mediocre their way of thinking and feeling seems to be. The worst part is i'm not sure if I can ever shake the bad habits I have picked up and developed during my upbringing. And i'm not sure if i can ever let go of this enormous sense of regret. for all the possibilities for fulfilling connections that I have let pass me by due to this constant numbing. But thats for me to find out.",741,2016-07-31T14:49:15Z
iCvmsMzlF7o,UgyqKIn8v-UJjDqR_ut4AaABAg,"I love you Brene Brown, every time I hear you speak, it feels like I’m getting a hug.",7,2022-03-22T17:17:43Z
iCvmsMzlF7o,UgxRMcuYSfE1ulq82l94AaABAg,"18:11 ""You know what? You're imperfect, and you're wired for struggle, but you are worthy of love and belonging.""",11,2024-11-20T13:15:34Z
iCvmsMzlF7o,UghGG_8Wwv0NuHgCoAEC,"Thank you for posting this, TED.",324,2015-11-24T03:44:04Z
iCvmsMzlF7o,Ugx3_1OVNrn_iZlxw294AaABAg,"""we can't have compassion for others if we don't treat ourselves kindly"" so true and dope. I am learning to be fully myself and vulnerable.",141,2019-06-15T00:10:24Z
iCvmsMzlF7o,UgwyDaJe6lFESxRf9hN4AaABAg,“You are imperfect and wired for struggle but you are worthy of love and belonging”,13,2020-06-22T05:37:50Z
iCvmsMzlF7o,UgxJLxo-QRSrHywFukN4AaABAg,"Each time I come back to see this video, I learn something new.",1,2023-02-20T05:46:17Z
iCvmsMzlF7o,Ugj0MfkBSxb_AngCoAEC,"that 20 mins felt like 20 secs, can't get enough",93,2016-09-04T09:47:05Z
iCvmsMzlF7o,UgyZhrtyT6eqkvWh4QB4AaABAg,"I watched this for the first time two years ago. Vulnerability felt like a very important topic but I couldn’t quite get a good understanding of how to achieve it. I’ve been going to therapy ever since, and today I decided to rewatch this. I am honestly surprised at how much my understanding developed, I can now recognize the complexity of the concepts attached to it which I am now more aware of. I can’t say I’ve reached a good point of balance within myself yet, but I feel closer than ever before. My life experiences, fueled by greater awareness brought by therapy, have truly changed the way I perceive myself and the world - the “perceptual expansion” she mentions early on in the video.",30,2021-12-18T04:04:40Z
iCvmsMzlF7o,Ugi8LM-SFm00tHgCoAEC,"I've watched a lot of TED talks that seemed so promising, but ended up being so empty, teaching me nothing at all. This was not one of those talks. This one has shaken me.",133,2015-12-11T09:51:47Z
iCvmsMzlF7o,UgwMZEJGuT10ZI9KXLN4AaABAg,"It's so hard to be vulnerable, but i agree, everytime i let myself be vulnerable even if i ""fail"" i feel better after",2,2023-08-14T13:47:09Z
iCvmsMzlF7o,Ugz5H36eRe1d-WOwKtd4AaABAg,JUST CAME HERE AFTER LISTENING TO HER NETFLIX DOCUMENTARY. LOT OF LOVE AND RESPECT FOR HER. THANK YOU <3,6,2019-07-22T07:57:26Z
iCvmsMzlF7o,UgwaoqyS6oVb2Mb_XmF4AaABAg,Brené Brown for president 2020,95,2019-04-03T16:30:12Z
iCvmsMzlF7o,UghJ64MV1taiS3gCoAEC,"Mrs.Brown has successfully touched the core of what makes us feel fearful and less. Shame makes us human, but also connects us. One of my favorite talks.",10,2015-09-01T01:35:22Z
iCvmsMzlF7o,UgyCgBmvHX3xgdAWC314AaABAg,I've watched this so many times. Yet once again.. thanks,1,2025-11-12T02:26:26Z
iCvmsMzlF7o,Ugh2aZlMcevNoXgCoAEC,"Never in my life was I scared of showing my vulnerability. I talked about my emotions openly. I undertook many brave things as a solo woman. But at some point, for long stretches at a time, I seemed to have been exposed to people who shot poison arrows at my vulnerability, which eventually floored me.

So my advice is this, if you dare to be vulnerable, beware of emotional attackers, and people who suck your energy. I am a Highly Sensitive Person for whom showing vulnerability can have dire consequences. So be warned.

Forewarned is forearmed, right? ;~)",503,2015-07-04T12:06:03Z
iCvmsMzlF7o,Ugx3evwErHLe0-mRKRB4AaABAg,Vulnerability is at the heart of feeling a sense of true belonging!,11,2019-09-23T17:35:27Z
iCvmsMzlF7o,UgyyA13oKnvZpJwv6VR4AaABAg,It’s crazy how my brain figured this out on its own over the past year & I randomly got the thought to watch this & now I can finally put into words what I have been feeling the past year! It’s sooo liberating to know that I am on the right track with my mental health & so happy I’m here!,94,2022-05-01T19:13:17Z
iCvmsMzlF7o,UgyE2p11NB6Cp79ByeB4AaABAg,Still watching this TEDTalk in 2024. Super relevant. Thank you Brené Brown.,0,2024-02-06T03:32:16Z
iCvmsMzlF7o,UgzN5-Avb_wKKZTonI14AaABAg,17:40 it's the other way round now lol 😂,13,2019-06-24T07:29:19Z
iCvmsMzlF7o,UgyaxQVGW58JpPNMhHR4AaABAg,"brené, your talk has helped me so much in different ways, at different points in my life. I just want to thank you. ♡",16,2019-05-05T11:18:19Z
iCvmsMzlF7o,UgxEDAkMCDCwBJPq8rd4AaABAg,I still periodically watch this talk to help keep me on course to staying in touch with my vulnerability and compassion in the face of adversity.,26,2018-11-09T15:54:21Z
iCvmsMzlF7o,Ugy8ZkZ6Fdn8hW2sg814AaABAg,Has anyone else have been continuously been watching this over the years and it hits them/helps...deeper and/or connects differently? So amazing for those that have been struggling to learn how to heal/fix-me.,1,2024-09-10T14:03:39Z
iCvmsMzlF7o,UgyHURNLXmZ_rI84KPp4AaABAg,"Everyone out there seriously needs to get the audio book ""The Power of Vulnerability"" by Brene. This is just a snipet of what she has learned about vulnerability and shame and empathy and so much more. It's truly worth listening to. It has changed my life ❤️",89,2020-06-07T20:17:58Z
iCvmsMzlF7o,UgwsLFyw2_XaZMEaE0V4AaABAg,I think i just watched a lifetime of golden advice in one video,8,2018-06-24T08:20:57Z
iCvmsMzlF7o,UgxPgZEOHPHB6KdArkl4AaABAg,“We can’t selectively numb emotion.” 🙌🏽,9,2021-09-27T19:30:28Z
iCvmsMzlF7o,UgwtWG_xx-Ch0u4sSO94AaABAg,will always comeback to this video as a reminder,1,2024-06-23T01:09:21Z
iCvmsMzlF7o,UgzrCVovM0-xB8NxOY14AaABAg,She really calmed me down. She makes so many key points to being ok with who we are. Wonderful speech. Thank You.,20,2023-01-11T23:57:18Z
iCvmsMzlF7o,UghOuMG41dSFmHgCoAEC,I cried in the end. *pulls out a mesuring stick and continues linear programming*,11,2016-07-15T09:05:49Z
iCvmsMzlF7o,Ugw5sZXpx7MpEfU1zvF4AaABAg,One of the very best TED talks about the essence of love and happiness.,8,2018-09-26T05:09:40Z
iCvmsMzlF7o,Ugwd3JbVoDWx89HOuDh4AaABAg,My eyes are filled with tears after watching this....best thing I saw till now in my life...thank you Brene,2,2025-11-05T16:17:18Z
iCvmsMzlF7o,UgyD4GFdxKf2Q3v_W5d4AaABAg,“That’s all I have...” wow! That was amazing. Reminded me of something I truly know!,7,2019-11-27T08:02:05Z
iCvmsMzlF7o,UgwLLZGHV4E4mEiYXON4AaABAg,Who's here from 60 Minutes?,42,2020-03-29T23:31:14Z
iCvmsMzlF7o,UgygfeEXdr_e15SpMEp4AaABAg,She just won the most articulate Ted Talk presenter in the history of Ted Talks!,7,2024-07-10T15:55:37Z
iCvmsMzlF7o,UgzpE-vNoxDvTnuxQQF4AaABAg,15 years and it still hits every single time.. Brene Brown is a blessing❤,0,2026-01-16T18:31:57Z
iCvmsMzlF7o,Ugw18rS7j1_ou2pfsdF4AaABAg,Who else is watching this in October 2019? Omg I'm fascinated and getting so informed!,589,2019-09-30T22:52:36Z
iCvmsMzlF7o,Ugw4z2NFNx_XvN_8AaR4AaABAg,I cannot describe how much I love Brené and her insights. Not a day goes by when I don't revise my notes I made by studying her work and constantly incorporate them in life and work. She's such a human unicorn! 💝 🦄,25,2020-03-14T06:18:58Z
iCvmsMzlF7o,UgyfordmafX_0OycC3F4AaABAg,"“No one wants to talk about it, and the less you talk about it, the more you have it.”",6,2019-09-21T23:08:10Z
iCvmsMzlF7o,UgxWQB2zGh0OQPWJQot4AaABAg,I’m happy i found this video.,2,2024-11-07T11:22:21Z
iCvmsMzlF7o,UgzB1HLl7zjZc5NKZvR4AaABAg,Me in therapy: I JUST NEED SOME STRATEGIES 🤌🏾,4,2024-11-25T14:56:25Z
iCvmsMzlF7o,UgzyudXGGAwjcJ4b8lV4AaABAg,Who is here 2026,10,2026-01-05T07:25:20Z
iCvmsMzlF7o,UgjrJqFyOvIgnHgCoAEC,This was some true real talk!!!!  Wow.  I needed to hear this!!!!!!,79,2015-09-01T18:42:50Z
iCvmsMzlF7o,UgxxDWN-1omjJloiyC54AaABAg,"For me, the really big question is: when you feel your worthiness and whole-heartedness, what do you do when all you see and feel around you is distancing, disconnection, lack of empathy, and cowardice? Especially within your own family? What if you have good friends but not enough of them? What if you struggle to have a successful relationship?

I've done years of personal study and self-reflection to understand these things, and my own part in it. But I see more divisiveness, self-absorption, maladaption, and unwillingness of others to engage meaningfully. This is an epidemic in our modern culture. Things are trending towards more isolation and intolerance, not less. So it's bloody difficult to find connection now.",22,2024-10-22T11:29:03Z
iCvmsMzlF7o,UgzSSyKtnY59WA_51zh4AaABAg,"She really does what she is talking about, and it's good to feel how this makes me feel close to her and admire her.",2,2024-08-12T10:44:20Z
iCvmsMzlF7o,UggDnwVohiwzAngCoAEC,"Today I was asked if I prefer to feel or not feel at all...without a pause, I rather feel. I rather feel sad or happy, disappointed or excited, angry or satisfied. If I don't feel, I rather be dead, that is my definition of dead, no more feelings. Life is such an interesting ball of yarn, just like the cat that keeps playing it. 100% for sure I will die, so what will I do to make sire I live 100%?",59,2015-08-11T19:28:01Z
iCvmsMzlF7o,UghVRCZMR5a_MngCoAEC,Amazing talk. It's time to put such discourse to our society.,11,2016-02-22T16:43:01Z
iCvmsMzlF7o,UgiQ3w9UzzXQZngCoAEC,"WOW.... SO POWERFUL! I still struggle to be vulnerable every single day. Its something that Im still working on every day. Sometimes though, its hard. I know it needs to be done though.",6,2015-07-31T17:44:21Z
iCvmsMzlF7o,UgyIAWDMfxpNghb_QKt4AaABAg,how necessary is that to know this on time not after years of getting destroyed... but late healing better than never,2,2025-01-05T09:51:59Z
iCvmsMzlF7o,Ugy6xcSFMqM2kKhW0Od4AaABAg,There are no words to describe the physical reactions my body is showing me whilst watching this TED talk. Every human should watch it once in a while to be reminded what makes this world a better place - authentic vulnerability. THank you Brene Brown!,10,2020-07-18T13:52:34Z
iCvmsMzlF7o,UgzdATSK7FppAkWuyAp4AaABAg,Wow. This was so impactful.  I'm totally impressed.  I needed to hear this.,12,2019-08-21T15:58:15Z
iCvmsMzlF7o,UgyrB_2n5Y0Vv-zBCxh4AaABAg,“Stories are research with a soul.” I love it 😍. People have been passing down knowledge through stories since the beginning of people.,21,2021-11-24T01:44:18Z
iCvmsMzlF7o,UgwX1c4Ij0bTEX3xuNR4AaABAg,I remember first watching this on my iPhone 4. This message only grows more important.,0,2025-03-12T15:48:07Z
iCvmsMzlF7o,UgxrIARGRDYBI5nRlol4AaABAg,"""That's all I have."" Wow. Nine years later I can tell you had a lot. A whole lot. And you're not afraid to stop giving. And what you give is a lot.  A whole lot. Thank you Brené! I love you!",37,2020-02-13T10:06:31Z
iCvmsMzlF7o,UgiFp5xrlBMygHgCoAEC,"It took me 6 years of therapy to free myself from the locked box I'd been trapped into by the anger, guilt, shame and, ultimately, lagoons of memory loss, that living with my mentally ill and substance abusing bio-mother. Vulnerability is created when one can dig through all that miasma and then turn around and say to yourself, ""I don't have to live with any of that stench. There's nothing if that that's mine, nothing if that that I own or produced. I can take strength from having lived through it, knowledge from understanding why or how, maybe, it was done, because in the final analysis, for ME, I had to understand that the woman that have birth to ME, was just that, a woman like a stranger you meet on the street. My actual mother, the ONE I would actually come to call ""Mami"" in the tongue that meant something in my heart, would be whom I chose, NOT who gestated and gave birth to ME. So now, vulnerability is my armor not my weakness.",14,2016-12-15T21:25:45Z
iCvmsMzlF7o,UghbZCP1QRD7engCoAEC,"I noticed *shame* is usually very hard to overcome by yourself. Don't feel bad if you watched this video or read books about it and don't feel better. I would say *try seeking therapy* (don't be afraid it can get better) don't give up. it's not a quick fix, there is no quick fix. But I assure you can get better with effort and a willingness to be vulnerable.",161,2016-07-19T13:10:49Z
iCvmsMzlF7o,UgzjHlj8P7WQiMbrnbp4AaABAg,"Thank you so much for being so clear, authentic and connecting to our hearts. Truly grateful.",0,2025-10-31T14:17:45Z
iCvmsMzlF7o,Ugw7m4rR09adlPorf8Z4AaABAg,"THIS! ... amazing way of explaining 😊

I have chronic illnesses and disability... and once I accepted my vulnerability I became happier.

We have to open ourselves up to live a life full.",6,2018-12-07T08:08:04Z
iCvmsMzlF7o,Ugh-yNl_6ckfO3gCoAEC,Probably the best Ted talk I have ever watched.,6,2016-09-06T18:51:16Z
iCvmsMzlF7o,UgjOL-tfkRlk0HgCoAEC,Vulnerability would be no problem if there would be no assholes in the world.,148,2016-04-28T16:29:55Z
iCvmsMzlF7o,Ugx6AnAHXDO_xFUChzV4AaABAg,I come back to this Ted talk again and again. She is a brilliant researcher storyteller. I just admire her for her capacity to put such complex topics with such simplicity.,0,2023-11-08T15:35:03Z
iCvmsMzlF7o,UggnR86AMZh-FHgCoAEC,Thank you for this video. You might've saved my life,6,2017-01-26T19:11:37Z
iCvmsMzlF7o,Ugwbe3azAjx8JzuVD9J4AaABAg,Brene Brown is soooooo good! THANK YOU 🙏,13,2019-04-29T03:29:01Z
iCvmsMzlF7o,UgybUEDfzErWy9cdzUt4AaABAg,"That was enlightening, thank you .",7,2018-11-15T20:14:44Z
iCvmsMzlF7o,UgxlbFBAC8eJzxvuMZd4AaABAg,This is such a treat to add to the mindset of living your best life.,1,2025-04-23T21:20:25Z
iCvmsMzlF7o,UgzvXmLYyxBeDvycEVh4AaABAg,Watching this again after several years and it's still so good. :),6,2020-12-12T16:25:54Z
iCvmsMzlF7o,UghgztniVbVbcHgCoAEC,To say that this speech absolutely ROCKED ME is an understatement.,78,2015-11-12T23:27:56Z
iCvmsMzlF7o,Ughi-g1qQ8FhKHgCoAEC,"I thought this was really good. She touched upon things that you might not consciously realize but it's so true. The first step to change is realization, so thanks!",11,2014-09-08T03:11:26Z
iCvmsMzlF7o,UgxLj78gsFdFSQ4YrZB4AaABAg,I watch this at least once a week. Absolutely life changing,2,2025-01-06T16:23:06Z
iCvmsMzlF7o,UgxSZDQnN-S-07IOsKx4AaABAg,Just found her in November 2019.,8,2019-11-03T00:00:03Z
iCvmsMzlF7o,Ugx1i3ThJz62zDhJ-2B4AaABAg,Thank you Brene' Brown! Everybody need to listen to this!!💕💕💕💕,7,2019-05-01T00:02:07Z
iCvmsMzlF7o,UgxWwrBMSNbzfSiLFgt4AaABAg,“Stories are just data with a soul” dang.,7,2020-08-20T21:22:02Z
iCvmsMzlF7o,Ugw5R9KC2dyvf6nHTjB4AaABAg,Watching this again…years later. Feels different and yet still the same. This rejuvenated my soul. Thank you. Thank you. Thank you.,1,2024-09-06T04:03:23Z
iCvmsMzlF7o,UgiLl2jUPlh7NHgCoAEC,"a few weeks ago my counselor suggested i watch this video. at 31 I've done my best not to cry around others and i got GOOD at holding back tears no matter how strong the urge to cry was if other people were around. last summer only a week or 2 after my 31st birthday (...my birthday was 2 days before i met my current roommate) i had what id consider a breakdown. my ex roommate had just moved out and for one month i lived alone and in the middle of said month i broke down! That's when I decided i was fed up. I'm not gonna avoid everyone when I'm being emotional anymore. So i got a new counselor whom I really enjoy talking to. In my last session with her I brought up my issues with crying and that I feel my roommate is the one I want to open up to (not just by talking, because I'm a big talker with a lot of people). I trust him because I know that he would never betray someone he calls friend. It was after our conversation tonight that I finally decided to take my counselor's advice and watch this video. Basically... I was right about him and I'm going to take what she said in this video and little at a time give it a shot... starting with him. We'll see how it goes, but so far I have hope.",10,2016-11-21T08:07:27Z
iCvmsMzlF7o,UggcH9A2ZQrHuHgCoAEC,"I've known about this talk for several years now, but the idea of living a life of meaningful, profound vulnerability with others was so unrealistic and unreachable for me for so, so long. Long story short, check out Kristen Neff's talk on self-esteem vs. self-compassion. I think it's understated in Brene Brown's talk that the key starting point to vulnerability is the practice of self-compassion. We can never feel worthy if we constantly tell ourselves that we are not, and facing that first was absolutely essential for me and my continuing journey in whole-heartedness.",10,2016-07-21T23:28:43Z
iCvmsMzlF7o,UgxiTxAh7NT7ylV1wlF4AaABAg,"I can feel this spiritual awakening, and I'm in love with this lecture. Thanks very much to this passionate woman, who loves to do what she does.
Interesting part is understanding that she used the strategy right with the audience. She let herself be vulnerable and get a perfect connection not just with the people in the room, but with people who can appreciate her lecture online like me. Thank you so much for this effort and interesting work!!💗💗💗
And I'm going to analyze every relationships to understand if there's any connection 😹😹😹",10,2023-08-22T23:14:01Z
iCvmsMzlF7o,UgysXTjJnV8fQ8tqLq54AaABAg,"As someone studying social work (and, from memory, was put into watching this by one of my lecturers), this message is absolutely spot-on: vulnerability - in both ourselves and in others - is beautiful. And it's so true, we try and rid ourselves, as a culture, of those ""bad emotions"", and the ramifications from that are terrible, make us less willing to accept and appreciate our vulnerability and the various ways it manifests (especially those hard moments). Thanks for sharing this!",1,2025-11-24T01:30:10Z
iCvmsMzlF7o,Ugzr2g0D_dSDjX8pCpN4AaABAg,This is one of my favorites- life-changing and inspiring.,8,2019-08-18T22:27:37Z
iCvmsMzlF7o,UgzK9mGt0heduJMHz394AaABAg,This issue is the absolute root of issues in my life. So thankful for her work 🙏,23,2021-05-14T23:23:30Z
iCvmsMzlF7o,UgxQCam8EpXkkOEa9Ph4AaABAg,Courage: Latin cor - heart. ‘Tell the story of who you are with your whole heart’ ❤️,8,2024-10-28T14:57:38Z
iCvmsMzlF7o,Ugy1pfUpTkLlsQcvPRV4AaABAg,It's about the 4th time I've watched this and gained something new from it. I'm beyond grateful.,2,2023-05-26T13:38:06Z
iCvmsMzlF7o,Ugy7Ch261m7bmfxjxON4AaABAg,"Beautiful.  Thank you.  This is the journey I am on.  To love...to give...without expecting anything in response.  ""Breakdown or Spiritual Awakening"".  lol Perfect.",7,2019-04-29T19:32:22Z
iCvmsMzlF7o,UgwbiQOgEYuQrpgrKXp4AaABAg,"One of the best explanation,Thank You",8,2022-12-07T04:50:41Z
iCvmsMzlF7o,UgzgRWFKTFVNWabmXSp4AaABAg,Her interview with Russell Brand made me look this up. June 2019.,29,2019-06-28T01:26:48Z
iCvmsMzlF7o,Ugx6u-b-XhOH-mn2T654AaABAg,I'm glad I listened to my therapist on her recommendation to check you out.,1,2025-01-22T02:44:42Z
iCvmsMzlF7o,UgyoCqhkNuyrxvV5C5d4AaABAg,I've watched this regularly since it first came out and it never fails to move me. It's so timeless. I always learn something new and have been changed for the better because of it,11,2021-10-26T16:51:04Z
iCvmsMzlF7o,Ugye0_gl5DX_QsB88tB4AaABAg,Who is here because they have a homework assignment? 🤙,300,2019-10-06T16:21:42Z
iCvmsMzlF7o,UgyX20OVoBM7SDfFlYt4AaABAg,Literally sobbing right now. I really needed this.,18,2021-05-31T02:39:12Z
iCvmsMzlF7o,UgwRwsHbfU0fOrUbiUR4AaABAg,One of the videos in my rotation. I forget vulnerability is the key to loving myself and being with people I want to love.,0,2025-07-10T14:50:34Z
iCvmsMzlF7o,UgzRemRiqq4mad2Hf2R4AaABAg,"I am changing, I’m believing that I’m worthy of connection. This has helped me measure that",35,2019-07-28T03:21:44Z
iCvmsMzlF7o,UgzwW8rTMXLLRopudtF4AaABAg,"Wow,  used to think I was at the advantage, when I heard about people who ""wear their hearts on their sleeve"" how wrong I was.....this really makes me think... Better to have loved and lost than never to have loved at all...This talk covered a few issues I think I need to listed to it a few times :)",11,2020-06-21T02:57:27Z
iCvmsMzlF7o,UghlMtVd-q91uHgCoAEC,I love this one and find myself stumbling upon it whenever I need a little pick me up. Thank y'all so much for posting this.,11,2016-01-28T02:49:43Z
iCvmsMzlF7o,Ugzjz9lPFrT7r0DK4sJ4AaABAg,"I swear some higher power made me watch Brene Browns video on Netflix. I couldn't click it away, literally X'D. Now I'm watching her youtube videos, too.",260,2019-04-21T01:32:16Z
iCvmsMzlF7o,UgyFlJsKGAtQ7Dj7YiV4AaABAg,Amazing. I've lost count of how many times I've watched this. And I know I'll watch it many more. Thank you.,0,2025-05-22T23:54:28Z
iCvmsMzlF7o,Ugz9wLOl4qvoYUHRzsR4AaABAg,it was annoyingly helpful and necessary to watch. loved it.,6,2024-11-12T13:51:40Z
iCvmsMzlF7o,UgythT23C1cvdPbnOKV4AaABAg,"Thank you so much. When I first heard your talk a few years ago, it was revelatory. I re-listen and try to share to friends periodically.

Your talk was life-changing to me.

I don't know you, but I love you. You are welcome in my house for tea, meal, chat, any day.

I love you so much, Ms. Brené Brown!",9,2021-01-15T02:35:12Z
iCvmsMzlF7o,Ugw6zmGAsNeKm62YHDx4AaABAg,I could have saved myself 40 years of struggle if I had seen this first.  Damn Damn Damn James.,26,2019-07-14T12:04:44Z
iCvmsMzlF7o,UgxSQ79sQqZrz2vmnkR4AaABAg,Her messege is timeless😢 14 years later its still making an impact.,1,2025-10-23T01:02:38Z
iCvmsMzlF7o,Ugy59XxojfAPHF6j6eR4AaABAg,Who else is watching this in Nowember 2019? I was just try to learning and practising a language and learned more.,96,2019-11-03T21:20:13Z
iCvmsMzlF7o,Ugz-iC66yC5TrlBhqPl4AaABAg,"""Never Eat Alone"" By K. Ferrazzi brought me here. 
Now let's go to Netflix.",7,2019-09-06T15:41:41Z
iCvmsMzlF7o,UgwaO8SMeDrXjTkhLpZ4AaABAg,Time is very valuable and my 20mins were not wasted watching this ☺️,6,2019-05-28T16:43:12Z
iCvmsMzlF7o,UgyzeG6ovPZ1qXKhYx54AaABAg,"There is so, so much wisdom in this. Putting your hand up and asking for help is a sign of strength, not weakness. looking back on my life journey, I always made the biggest progress when I acknowledged I didn't have all the answers.",4,2023-07-24T12:45:24Z
iCvmsMzlF7o,Ugyg_6lRNMVGj40lWMl4AaABAg,"These life stories of struggle, pain, redemption, and hope on this video are so beautiful. You all have brought tears to my eyes. The human experience is an often difficult, but often amazing, experience.",7,2021-03-29T01:28:37Z
iCvmsMzlF7o,Ugyxb2EK8AesFVtkimh4AaABAg,I watch this talk every time I'm struggling with big emotions. Learning to live with courage has changed my life and how I relate to people.,8,2017-08-04T02:17:32Z
iCvmsMzlF7o,UgzSk7avbDQYcoSh8HN4AaABAg,This will never get old!  Thank you for the conversation you started!!,6,2021-11-09T01:27:47Z
iCvmsMzlF7o,UgxRv7JP2TnhatAjaM14AaABAg,"""so i brought my list of how the wholehearted live"" 🤣🤣🤣🤣",0,2025-06-11T04:14:37Z
iCvmsMzlF7o,Ugz7GxHVw6LYXngDeYp4AaABAg,"I've always known that being vulnerable, and staying vulnerable is a strength, not a weakness, because it's never easy, but always worthwhile 💖 I fiercely defend my right to be me, whatever that means, at any given time, for who I am and who I am not, and then project that out, meaning I accept others for who they are and who they are not. I fully believe that this is necessary for me to have peace in my heart, and practicing having peace in my heart has changed my life for the better...it doesn't mean that I don't get upset or hurt, it means that I try to see what the upset is teaching me, which usually is to be kinder to myself and to have more understanding about my feelings 💖 I hope this is useful and/or beneficial to anyone.
Namaste 💖",6,2023-09-27T11:37:25Z
iCvmsMzlF7o,UgxBEZC_VOAOAWfDF0J4AaABAg,"This makes so much sense. If vulnerability is being unafraid to be uncomfortable or in the midst of struggling, blame is exactly the opposite. It “discharges” all of that without confronting or dealing with it",7,2022-05-07T06:37:05Z
iCvmsMzlF7o,UgwNZ9mrY2-e8nAu83h4AaABAg,"Connections means Relationships.
Relationships is founded on Understanding.
Understanding is discovered through Vulnerability.

UNDERSTANDING is the key element that brings it all together.",10,2019-04-04T22:59:08Z
iCvmsMzlF7o,UgwDGsPTcpmj1BspXFh4AaABAg,“Stories are just data with a soul” mind blown!,2,2023-10-02T12:57:19Z
iCvmsMzlF7o,Ugwd_Rk_FhSJxlIlDch4AaABAg,I was sent to watch this by my addiction program. Eye opening. I will never experience good emotions if I keep numbing the bad...,8,2020-06-17T22:25:42Z
iCvmsMzlF7o,Ugxmn018mor8paWEjC14AaABAg,POV: some girl on tik tok told you if you watch this you’ll be “that girl”,43,2021-09-16T04:09:53Z
iCvmsMzlF7o,UgwBZEag9jN3y8Nyt4x4AaABAg,"Great stuff...vulnerability must go hand in hand with wisdom and boundaries, it's a forever learning curve! Sending everyone here blessings on your journey to a more authentic love filled life",21,2022-12-14T02:07:56Z
iCvmsMzlF7o,UgwGOEBfORBOKyiaajd4AaABAg,"I am 16 year old struggling with anxiety and self harm issues. This video made me realise how much i am losing without being vulnerable with people and yes, i agree to build any connection you have to vulnerable and it can be proven by any movie any person you are close with that you have to ket your guard down and let them in and it’s 100% true that it can be a bad choice but we all learn from our mistakes and here comes the role of boundaries,healthy boundaries. Tomorrow,i will be talking to my school counsellor about my problems and take the help. The thung which was stoping me to get any help was i was afraid to be vulnerable. Thank you ma’am for your video. It really helped i will not say that this took away all my fear but i feel inspired and i promise i will work on it … 😊💗",2,2025-08-17T16:38:13Z
iCvmsMzlF7o,UgjVoQF6W5Y-d3gCoAEC,"People who dont believe theyre worthy of love or belonging feel that way because it's been lacking their whole lives while they see everyone else surrounded by love and acceptance. They internalize this and  figure they must not worthy of it or theyre lacking something that everyone else has which is preventing them from belonging. Thats what it comes down to. Someone who feels theyre worthy of all the love and acceptance they're receiving have always been receiving that love, they don't know anything else.",48,2016-06-14T11:26:40Z
iCvmsMzlF7o,UgwCAxKpvAZyVxzsuCx4AaABAg,Brene Brown's talk series The Power of Vulnerability on audible is amazing. I loved every sentence and it's 6 and a half hours long!!,41,2019-06-18T12:41:57Z
iCvmsMzlF7o,UgwIVhcBhEsn1FYgNYl4AaABAg,"Courage to be imperfect, empathy for yourself and others, allow yourself to be vunerable, grateful. Great talk.",7,2021-02-02T09:58:29Z
iCvmsMzlF7o,UgxklRGxTi916tHWzYF4AaABAg,I absolutely needed to hear this!! Thankyou so much for inviting her. much love to TED.,0,2025-08-14T13:53:31Z
iCvmsMzlF7o,UgxxIIVEabOtVGmuakZ4AaABAg,Data with a soul. I like her!,7,2019-06-13T23:26:04Z
iCvmsMzlF7o,Ugg6OaufHPuZ_XgCoAEC,"I watched the news interview some African refugees this week....they wouldn't look at the camera...I'm like that, I thought. I'm attending an event this week and I caught some colleagues laughing at my awkwardness behind my back....It hurt; I was in tears, fuming...and then suddenly I thought, it's my own fault, I don't want to connect to people.  But if I tried, it might be just as easy as that. So I did, and I feel much happier.  I lent my hand to the lady who offended me today...no bitterness",153,2015-05-08T21:11:20Z
iCvmsMzlF7o,UgzaGhAM1YAubSC_uDt4AaABAg,"Wow, this was absolutely mind-blowing, like literally i am trying to collect pieces of my mind out there floating in the ideas that she shared. Thanks a lot for sharing this, really appreciate it.",18,2021-11-07T21:08:20Z
iCvmsMzlF7o,UgwUNTMM0pip2amW3Dx4AaABAg,I always come back to this classic!,2,2023-12-07T18:46:04Z
iCvmsMzlF7o,UgxNKd02eiinpBviECJ4AaABAg,my therapist sent me here 💀💀,62,2019-06-11T19:18:06Z
iCvmsMzlF7o,UgjCLYbu5MwC-ngCoAEC,"If you can't measure it, you don't have the tools to measure it.",61,2013-11-28T12:44:24Z
iCvmsMzlF7o,UgzzJAqUMrKYtCeHiv14AaABAg,This is my first time seeing this video and it made me feel so much better about being vulnerable and let other perceive me as vulnerable.,13,2021-09-19T18:46:42Z
iCvmsMzlF7o,UgxZVQbIPz8qvXg8WBV4AaABAg,"When I know the Ted talk is good? When I start to cry from it. 

Thank you",0,2023-06-07T12:07:20Z
iCvmsMzlF7o,UghkryIXcfk8yXgCoAEC,very good talk and a lot of very strange comments. Did you ever think about the difference between knowing and practicing ? Thank''s from germany.,20,2014-11-02T20:42:39Z
iCvmsMzlF7o,UgxgmQqw77FxAwX2rWN4AaABAg,I am vulnerable. And I am proud of it. Thanks for this talk. It was truly inspiring.,11,2017-10-19T13:09:06Z
iCvmsMzlF7o,UgzIWoD_apcNdzPhlfN4AaABAg,I'm glad to see I'm not the only one here who came here after seeing her Netflix special. She's truly AMAZING!,25,2019-04-23T07:54:45Z
iCvmsMzlF7o,UgzSHh3t2h1wgNp_ezh4AaABAg,"I’m periodically getting back at this talk, rewatching it and getting a bit better at live each time. 
And I’m sharing it with all my friends. Thank you so much for this",2,2023-06-22T23:58:09Z
iCvmsMzlF7o,Ugy0TEPD_Uxnng-OSVl4AaABAg,Who else is watching this in September 2019?,365,2019-09-16T05:28:04Z
iCvmsMzlF7o,Ugz1STlDRU2LBB6iIe54AaABAg,"This comment section probably won’t remember me, but maybe someone scrolling needs this. A few months ago I hit a wall. Nothing made sense. I bought Manifest and Receive by Eva Hartley after seeing it here on yt. I had no expectations. But chapter by chapter, it broke something open in me. Not motivation — momentum. Wishing that for you too.✨",575,2025-06-23T22:25:19Z
iCvmsMzlF7o,UgwOSey9M7TN74BeEdt4AaABAg,This talk is a must-watch for anyone who considers themselves a creative person. Brené Brown's words on vulnerability and creativity are so powerful and resonate deeply with me,9,2023-04-19T09:14:45Z
iCvmsMzlF7o,UgyIIHvuvQKRXrgJXP94AaABAg,This made me cry. I needed this so bad.,1,2023-10-12T17:50:34Z
iCvmsMzlF7o,Ugya8qnOkMV_SsSUPjV4AaABAg,WILLINGNESS TO DO SOMETHING EVEN THERE IS NO GAURANTEE...,7,2018-01-13T04:12:57Z
iCvmsMzlF7o,UgiooZ6-MXuI3ngCoAEC,This was enlightening to say the least.. I believe being vulnerable is a sign if weakness an they way it was explained in the video was the total opposite.. I'm glad my therapist recommended this video now I see why he wants me to work on my perception of being vulnerable.. I got some work to do ,60,2015-07-17T16:56:43Z
iCvmsMzlF7o,UgwUfSqVQI-HRoswoER4AaABAg,Who's here from reddit?,529,2019-02-18T02:17:21Z
iCvmsMzlF7o,UgwujeouG1t8vh_0AC94AaABAg,I have been watching this same video in different years and different moments of my life and what I take from it is really different. It has been helping me understand better what I think and what I feel. Thank you Dr. Brené Brown.,3,2024-01-10T23:37:56Z
iCvmsMzlF7o,UgiZBpFXuiouQHgCoAEC,The only way to find true happiness is to risk being completely cut open.,6,2015-09-21T18:06:50Z
iCvmsMzlF7o,UgwcJVuQPTeNlM9xlap4AaABAg,"This TEDtalk was suggested to me by my really great college roommate/friend (who is actually now a social work Smith graduate) a couple years ago when I went through a really tough breakup. I watched it so many times back then but had no idea that eventually it would guide my life. Here I am two years later, another heartbreak later, and I’m watching it again to sorta recenter myself once again. It’s actually helping me understand and be ok with being left by the love of my life because he truly had vulnerability issues and felt as though he didn’t deserve me. When I say this talk helps me recenter myself, I mean that it’s helping me remember that I really embrace vulnerability and that my ability to embrace it and love again came from this video and from the wisdom and knowledge of Brené Brown. Being able to embrace it reminds me that I need someone in my life that embraces it in the same way.",7,2021-09-02T23:00:34Z
iCvmsMzlF7o,UgzpwGTfFvx3gAkLr8x4AaABAg,"I just find her so inspiring, humble and real. She is an incredible role model for aspiring psychologists. 💗",24,2022-08-06T16:05:00Z
iCvmsMzlF7o,UgwvrFEkedfRrTynHRh4AaABAg,this has been changing my life every 3 years,1,2025-03-07T06:04:15Z
iCvmsMzlF7o,UgxQRex9SBCcUldveKp4AaABAg,Found a reddit thread about not ever having a best friend (my problem at hand) and someone in the replies recommended this video. Wish me luck on showing my true self and letting my guard down.,15,2022-12-20T06:57:35Z
iCvmsMzlF7o,Ugw9OJWjjiM4vh-Akl54AaABAg,Actually sitting in my room taking notes and writing my thoughts on this video,19,2019-11-20T20:17:52Z
iCvmsMzlF7o,UgwsbW1YnrJsAKhQm7J4AaABAg,This is by far THE BEST Ted Talk I have ever listen to. Thank you so much Brené Brown for being brave and sharing this talk. You are truly amazing.,11,2019-05-03T01:22:42Z
iCvmsMzlF7o,Ugx2VhrI6OptI-4wVax4AaABAg,Thank you Brene Brown! Thank you for your research and sharing us the fundamentals findings we most often neglet and forget about. Every people should at least watch this!,0,2025-06-17T00:25:56Z
iCvmsMzlF7o,Ugghw3dtYr-u93gCoAEC,"To those saying she is not being vulnerable: the very act of being on stage is vulnerability. Talking about such a taboo subject is vulnerable. Vulnerability does not always take the shape of a crying face in front of others. It is simply us being authentic in spite of the fact that in doing so, we allow others to demean who we really are, authentically. That is vulnerability. I will attain this one day soon. ",47,2013-12-28T13:25:23Z
iCvmsMzlF7o,UgxtL1JfmBgxGBoA5494AaABAg,Ppl numb vulnerability bcoz they think they will be taken advantage of,7,2019-04-28T12:18:05Z
iCvmsMzlF7o,Ugym681apldALZlS7iJ4AaABAg,"Came from her book, Daring Greatly. Everything she's said has made my life easier to understand--I've literally never felt so heard. There's a part in her book where she mentions that vulnerability is actually used by some as a defense mechanism against being really vulnerable. I never thought that it would make so much sense. Thank you.",13,2022-01-15T17:02:31Z
iCvmsMzlF7o,UgzQUzV2sojwwUgvfoR4AaABAg,Love reading through these comments. We are truly not alone!,0,2023-02-08T17:28:51Z
iCvmsMzlF7o,Ugzfz8z1OmIgRIJIrH14AaABAg,Who else got sent this video by their therapist?,37,2024-05-03T12:56:24Z
iCvmsMzlF7o,UgyEqmd6jARV7a91V114AaABAg,"Vulnerability just recently fixed my relationship.What a difference,  what a relief!",7,2018-10-11T20:26:50Z
iCvmsMzlF7o,UgwzW6zX5ioaPWdz0Gd4AaABAg,June 2019 anyone?,363,2019-06-03T19:12:33Z
iCvmsMzlF7o,UgwSTEuNVBS2NNK7KtB4AaABAg,"17:37 ""blame is a way to discharge pain and discomfort"" Wow, oh I so needed this!!!!!",2,2024-08-05T19:37:10Z
iCvmsMzlF7o,UgzViz3Uiv1nxB97qUR4AaABAg,"I love this! more than the intellect is the sincerity; I got teary-eyed watching. we all want to appear strong most of the time, and are afraid to be seen vulnerable which is also part of our being alive. Thank you, Brene and TED! <3",21,2021-08-14T23:52:11Z
iCvmsMzlF7o,UgzadzcTqwe_QR-A0714AaABAg,"I'm so emotional hearing this. Everything you said struck me. I'm learning to love myself, to see my self worthy, and I am enough despites my scars.",6,2022-09-25T13:27:47Z
iCvmsMzlF7o,Ugj3n9VVQCB2WXgCoAEC,"when we allow ourselves to become vulnerable, we admit to our humanity, to our imperfection, to our powerlessness... once you do that, you allow yourself to become open to this great, awesome, loving power that is God. Hence, the joy, hence the compassion, hence the love!",11,2014-08-22T16:07:54Z
iCvmsMzlF7o,Ugz6OTlBLncU9NLP1Ap4AaABAg,This video helped me so much tysm especially the part about numbing I realized I was numbing my emotions and I cried but I feel much better tysm for being vulnerable! We’re all people vulnerable!❤️,1,2023-11-12T05:41:13Z
iCvmsMzlF7o,Ugzhh1_t7LjCensxkNR4AaABAg,17:21 the fact that Brene said this in 2011 and is a thousand times more accurate today is very telling of the world as we know it.,31,2020-06-07T21:47:19Z
iCvmsMzlF7o,UgyLpGZBvliKnuSlv1d4AaABAg,"When I used to hear people say ""Jesus loves you"", I thought they were simple... But the idea that someone loves you exactly the way you are, is exactly what she means by ""I am enough"".

I can say I am blessed without irony. And that in and of itself is a blessing.",130,2019-06-22T19:14:48Z
iCvmsMzlF7o,UgjtuKImQQ12lXgCoAEC,Those whom i've shown the vulnerable side of me has not wasted the chance to walk all over me. So... yeah,158,2016-04-27T15:02:37Z
iCvmsMzlF7o,Ugxegn69nXHXMKY10gB4AaABAg,Wow...this leaves me with A LOT to unpack.,0,2024-01-24T01:03:55Z
iCvmsMzlF7o,UgyiCygvZL6QWCSAfG54AaABAg,"My therapist recommended me this video, as I'm struggling with vulnerability, shame, dissociation and anger. Berne really opened my eyes. She's an incredible communicator and researcher!",12,2022-09-21T19:35:36Z
iCvmsMzlF7o,UgyWK2MqIx-BOGKKjFR4AaABAg,Anybody watching this after June 2019?,35,2019-06-04T22:07:48Z
iCvmsMzlF7o,UgykRg5jZDvGE-Cd7jB4AaABAg,I think it’s safe to say that all human beings could benefit from listening to this.,27,2019-04-25T19:28:45Z
iCvmsMzlF7o,Ugy0XsakEM4UgZgdMYF4AaABAg,I cry at every one of her videos.,0,2025-10-22T11:28:27Z
iCvmsMzlF7o,Ugw0FmQVoVnbRBvKj854AaABAg,"The other day after my therapist showed me this video I realised that being broken was ok for the 1st time. It's ok to be broken. So, I can give up self help books and just sit with my broken self and hold it. Thankyou, Brene xx",12,2020-02-20T23:39:47Z
iCvmsMzlF7o,UggXoQo-9cnYg3gCoAEC,Amazing talk from a whole hearted woman 👍🏻,9,2016-09-16T23:23:40Z
iCvmsMzlF7o,UgipZhHHRjUnrngCoAEC,"This video changed my negative thinking.  I didn't believe I was worthy of love & belonging.  Brene set out the steps of courage, compassion, connection and vulnerability.  I feel hope!",31,2016-01-16T22:41:34Z
iCvmsMzlF7o,UgxlPSztvwgtZy73B7V4AaABAg,"my therapist told me to watch this. 
I loved",2,2024-10-23T03:39:48Z
iCvmsMzlF7o,Ugyc6S_QsHz-MgPtPz54AaABAg,For the people that think spiritual enlightement is done by being nice and a lot of meditation...No it's just a ride. Often to unconfortable and painfull places in the land of reality.,195,2019-09-12T16:14:52Z
iCvmsMzlF7o,UgzGrOJRETUvETNDqxB4AaABAg,"Wow. ""To feel this vulnerable means I'm alive.""",66,2019-06-22T18:46:32Z
iCvmsMzlF7o,UgzvQPZ9_Fg2H_efEiV4AaABAg,"Key Points:

Connection is essential: It gives meaning and purpose to life.

Shame hinders connection: Shame is the fear of disconnection, rooted in ""not being enough.""

Vulnerability is crucial: To truly connect, we must allow ourselves to be seen as we are.

Wholehearted living: People with a strong sense of worthiness embrace vulnerability, show compassion, and practice authenticity.

Courage redefined: It means sharing your story wholeheartedly, embracing imperfections.

Vulnerability fosters joy and love: It’s the birthplace of creativity, belonging, and connection, though it’s uncomfortable.

Transformation through acceptance: Embracing vulnerability requires letting go of control and perfectionism",29,2025-01-22T14:18:23Z
iCvmsMzlF7o,UgznWpK4lRsAUDVkWIp4AaABAg,I remember giving this talk in kindergarten,0,2024-01-22T22:20:08Z
iCvmsMzlF7o,Ugwfy3VmzBbOLrSOTix4AaABAg,Who else is watching this in October 2089?,19,2019-10-17T16:13:15Z
iCvmsMzlF7o,UgzQCMGiHcXf_NLWEpV4AaABAg,"Anybody else's watching this in July 2019 !
Ddit..In August",301,2019-06-27T15:54:54Z
iCvmsMzlF7o,UgyH2SVFfpqA4ATBHcJ4AaABAg,who else is watching in December 2019?,164,2019-12-13T11:45:15Z
iCvmsMzlF7o,UgylKzlxNlbQ-7gus8Z4AaABAg,"She really calmed me down. She makes so many key point to being ok with who we are . Thanks . Wonderful speech 
Gabriel & Quentin",1,2024-02-02T15:14:23Z
iCvmsMzlF7o,Ugh1P-vtB06D5ngCoAEC,"I really love this talk, is one of my favorites, but... how do you get to 'believe' you are worthy of love and belonging, when your whole life has revolved around the opposite point of view, the one ruled by shame of yourself? I'd appreciate it if anyone who has been in this position and has found a way to believe himself/herself to be worthy could share: how did it happen? or, what did you do? I'd really, really appreciate it. I'm somewhat at a loss here :/ as to practical steps  or something.",59,2015-10-12T01:54:33Z
iCvmsMzlF7o,Ugiu8-bpESM0o3gCoAEC,"I absolutely love this! Very powerful and totally worth the 20 min viewing. 

As promised Lance Fields I found it!! Hope you enjoy. ",9,2013-12-24T18:13:51Z
iCvmsMzlF7o,UgwqFsnbYUU9bjYsev94AaABAg,I worked for a company that uses shame to manage people. i am SO glad I left.,20,2019-05-07T03:54:46Z
iCvmsMzlF7o,UgyA-vLV9CyT60q1PFV4AaABAg,A client sent this to me this morning. Love seeing that this epic Ted Talk still has such a huge impact in people's lives even after all these years. Thank you ❤,1,2024-05-10T17:09:48Z
iCvmsMzlF7o,Ugyx9HzsFGXC7QY7CQ94AaABAg,"My notes 

Connection vs disconnection
- shame and fear 
- Shame - the fear of disconnection (if ppl see this about me they won't want to connect with me)
- 5:30 extricating vulnerability = how u defeat shame 
- sense of worthiness 
- folks: 2 types. Sense of love and belonging vs those who don't.
- 7:23 - the one variable separating these two groups is the belief that they are worthy of love and belonging. That's it. You believe you are worthy.
- 8:48 what did these ""whole hearted"" people all have in common? 
- 8:50 courage* - they had the courage to to be imperfect. They had compassion* to be kind to themselves first, then to others. They had connection* as a result of authenticity (letting go of who you should be to embrace you you ARE.) 
- courage - tell the story of who you are with your whole heart
- 10:00 - they also had vulnerability* they believe what made them vulnerable made them beautiful. It's not easy or comfortable though, but there people talked about it being ""necessary"". So be who r u and stop controlling and predicting 
- 16:30 the issue: when we numb the bad stuff (ex: shame) we numb the good stuff too (ex: joy and happiness) 
- 19:13 let yourself be seen. To love with your whole heart even though there's no guarantee of a return (this is veryyyyyyyy hard). To practise gratitude and joy (to be able to feel this vulnerable means ur alive!). To believe that you are enough (in yourself, in your workplace, etc.)
- 



Here's my conclusion. She didn't say this outright so I'll try to put together the pieces myself. Being vulnerable is extremely important in being connected (with others and without ourselves). How? By defeating shame, which is this fear of disconnection (hide this because if ppl knew they wouldn't like me). How? The research shows if you want this to be ""easy"" (i.e. to do this being a 'whole hearted' person) then you need to believe you are worthy of love and belonging.

This is hard. But we can break it down a bit. These ppl had: 
- courage. To be imperfect.
- compassion - to be kind to themselves first, then to others
- connection - as a result of authenticity (letting go of who you should be to embrace you you ARE.) 

This is not easy and requires a lot of personal work, speaking from experience. But in a nutshell, this is you accepting and tolerating yourself (by having empathy for what you went through as a kid) and therefore also learning to tolerate others. And in the realm of compassion, learning this teaches you to accept yourself and like yourself, leading to a sense of yes, you are worthy of love. And this makes you unafraid of being who you really are - with all your imperfections included, leading to no or minimal shame, leading to being vulnerable (and this being easy). 

Hope this helps!",7,2024-06-04T20:54:57Z
iCvmsMzlF7o,Ugz7jzjUj1wFCUDTSdB4AaABAg,"I've seen this video atleast 5 times in the past year, since it was part of an English assignment. Each time I see this video, it hits me deeper and deeper. The power of vulnerability is so real, I've never been happier in my life being vulnerable with the ones I love. Not weak, I still set boundaries and avoid toxic relationships - but being vulnerable with those you feel safe with, is golden. Although I find this true, I give my thanks to Jesus because he truly transformed me from the inside out to feel worthy. I thank God every day that He made this happen for me. Thankyou, Lord and thank you Brene Brown for sharing this.",21,2022-03-21T04:22:59Z
iCvmsMzlF7o,UgxcLklTNlshKZC3TUh4AaABAg,"Being vulnerable means your head is being chopped off, in my experience. I tried it and I stopped. People hate you for it. They don't want you to be authentic. They want you to adjust, to please or else ""go away"".",7,2023-08-29T11:28:41Z
iCvmsMzlF7o,UgxEzd38P9hi9aZxuyh4AaABAg,Just finished reading her book Rising Strong. So I decided to come here. Thanks for uploading!,0,2023-03-20T21:12:28Z
iCvmsMzlF7o,UgyndWZovtfKV6O5Wud4AaABAg,Some people don't appreciate vulnerability. My ex didn't and will remain my ex.,9,2020-04-17T20:16:36Z
iCvmsMzlF7o,UghdFOKsyOmT1ngCoAEC,"She is beautiful, funny and smart... I love her!  Learned so much.  Best TedTalk ever.",10,2015-06-27T00:23:27Z
iCvmsMzlF7o,UgxrYpMSuoWdxjwS4OB4AaABAg,"I have to say I am grateful to my parents, because being vulnerable is all I’ve ever known.  That’s not to say it didn’t feel horrible when I was turned down for a date, or didn’t make a team I tried out for, or wasn’t popular enough..  the only thing that vulnerability truly, truly taught me is, all I have to offer is my best.  If someone loves me, it’s because I am dedicating my best to loving them in return.  I know if that fails, it will hurt, but wow.. in the rare chance it succeeds, it will give me wings.  I desperately want to feel those wings, so I will keep trying, and failing and trying again.  I hope the same for you.",7,2020-01-08T03:23:35Z
iCvmsMzlF7o,UgxOUJrpdNMa9AsYMKd4AaABAg,"Needed this, thank you so much",3,2023-12-03T14:38:33Z
iCvmsMzlF7o,UgwV_VluIBP-XZ_uEpN4AaABAg,"9:05 the courage to be imperfect
12:40
vulnerability
-core of shame, fear, struggle for worthyness
-birthplace of creativity, joy, love

15:45 we cannot ‘selectivly’ numb emotion
17:20 ‘blame’ discribed in the researsh - a way to discharge pain & discomfort
18:19 You’re imperfect, you’re wired for struggle but you’re worthy of love and belonging
19:10 love even when there’s no guarentee
19:45 I’m enough - start listening&kinder and gentler to ourselves and others",18,2022-12-22T02:59:18Z
iCvmsMzlF7o,UgwSCFTlqX2VZqWKCkd4AaABAg,"I struggle with depression and anxiety in a big way. About a year ago I stumbled across Brene and she has forever changed my life. Instead of just accepting my mental health challenges I decided since I’m going to be in emotional pain my whole life I rather fight like crazy and dig in all my emotional baggage... I knew it would be painful but it has brought meaning to my life. Before I was suffering and now I’m suffering with purpose and I will keep fighting until I don’t have the strength. 
Thank you Brene for saving my life. 💜",121,2020-09-01T14:30:43Z
iCvmsMzlF7o,Ugi1hI5lYtGj23gCoAEC,"+NovaScotiaChick

I think showing and accepting vulnerability are two different things.",6,2015-10-06T02:54:18Z
iCvmsMzlF7o,UgwQCE__cVeqkpWq1d54AaABAg,"When first heard it, brought tears to my eyes, that man knew what it was like to",0,2024-06-23T20:57:42Z
iCvmsMzlF7o,Ugw2YCl7XQTMYgmjmXp4AaABAg,"Brené, you looked fabulous in this video. The cheap seat critics can drop dead.",13,2019-05-03T03:00:52Z
iCvmsMzlF7o,UgwUda2bYF7CF5IAG114AaABAg,"I was having sort of paranoid intrusive thoughts a few minutes before watching this video and started to have some kind of panic attack. After I calmed down, I watched this and when I tell you I was sobbing at the end. This was such a wonderful and insightful video that really hit close to home. I feel very vulnerable right now but maybe it's not such a bad thing? Thank you so much for this talk, lots of love to everyone!♡",17,2022-01-12T03:57:04Z
iCvmsMzlF7o,UgzFv2YnrcAiiKNzFgh4AaABAg,"a vid that helped my shame:

-‘Healing the shame that binds you’ John Bradshaw 

A book that helps me w shame daily:

-‘Adult children of alcoholics’",6,2019-03-21T03:30:03Z
iCvmsMzlF7o,UgwMa0iDn0JAhkCcpDF4AaABAg,"I've spent my life hiding the ïm not good enough"" feeling while letting it suffocate me. Over the past few months, ive learned that showing people its ok not to be perfect has let me also realize I am better by letting people see im not perfect.",0,2023-11-24T04:12:09Z
iCvmsMzlF7o,Ugx26pTLrBifdaozwON4AaABAg,So that would mean...vulnerability is lack of ego,34,2018-07-23T17:21:04Z
iCvmsMzlF7o,UgwqcuXz0idU6eFcSUB4AaABAg,"Vulnerability only helps you connect with people who are similar to you. It doesn't work when you're in a homogenous environment, surrounded by people who are very unlike you.",12,2017-09-29T22:20:04Z
iCvmsMzlF7o,UgyewT7k0sfMQm38Anl4AaABAg,My therapist told me about her and I’m so glad she did!,10,2020-04-12T05:26:03Z
iCvmsMzlF7o,Ugyl7o8xAV-s6IejvsZ4AaABAg,"Today I am turning 22 and this is the first video I watch when I am 22. I love this speech because I am inspired and feeling love myself more. Thank you Brene, you have taken me out of the dark place and I will rewatch this video for the stormy days to come.",2,2024-04-15T17:52:41Z
iCvmsMzlF7o,UgySEhOsbgueyCCAXtp4AaABAg,I brainwashed myself with this video in high school and it gave me the internal power to travel halfway around the world on a solo trip right after graduating. It was the best thing that ever happened to me as a kid🙏,11,2021-08-16T17:18:23Z
iCvmsMzlF7o,UgyTFVDZstQ2wGK3_7h4AaABAg,You can’t numb bad emotions and only choose to feel the good ones. Damn dat really hit home. Just found out I was numbing my bad emotions in the past years cause I was afraid to fail and rejection.. It indeed made me feel empty from the inside.. This woman is brilliant!,6,2019-07-10T21:14:52Z
iCvmsMzlF7o,UgxoxZc6KwbzvygUCct4AaABAg,Hard to believe this talk was 12 years ago yet the context is relevant today. Thank you for sharing. ❤,11,2023-06-08T15:17:59Z
iCvmsMzlF7o,UgwnkzlN85k88WOxdjJ4AaABAg,@Brene Brown hats off to you and your vulnerability concept!!,1,2023-09-09T12:22:10Z
iCvmsMzlF7o,UgwQQHqTIrO26g8jlNl4AaABAg,"I already feel I am worthy, I am not afraid of my imperfections, I do silly things, I go out by myself and meet people, watching this video showed me why I do some of things that I do and made me feel even more comfortable. Thank you Brene. ❤️ To spin what she said, I think it is necessary to disconnect from the artificial world and I think this is what has made some of us so afraid to love and be seen for who we are. Try something new and start small, good luck to whoever needed this talk 🌞",41,2019-05-08T19:48:12Z
iCvmsMzlF7o,Ughqsa0jmPwAYXgCoAEC,Brene Brown..... Mike drop🎤,21,2016-08-27T16:29:02Z
iCvmsMzlF7o,UgwYAYdAJO_TnT9er-54AaABAg,"Im seeing this 12 years later. I always noticed I cant feel love or much of other emotions and I thought something was jut wrong with me. I learned about vulnerability and did some reserch and I've found out that thats whats been my problem all along. I want to be a man, strong, blocking anything that hurts me before it gets to me (that explains the not feeling emotions or disapointment) And I dont allow myself to be open to the negatives, which in turn blocks the positives like the love I cant seem to ever feel.


Im going to implement vulnerability in my life and see if that fixes me, Im still going to be strong, masculin, and not let people get to me. But this time im going to let the hurt get to me while im vulnerable and build a stronger mental instead of blocking out all love and emotion.

Im 16, 10th grade. Ill come back here in five years to tell you my resaults. With me luck and as always, shock the world.
( Hurt in private, heal in silence, shine in public)",12,2023-02-16T01:08:16Z
iCvmsMzlF7o,UgyS1xaEER1-gB6CO5d4AaABAg,"Great Talk, this is the start to my journey of vulnerability, posting a youtube comment on a talk on vulnerability.",0,2023-06-10T18:03:07Z
iCvmsMzlF7o,Ugz1EFfuRvqFR_sFQ8l4AaABAg,"Who was sent here by their Replika? Mine recommended this talk and said:
""I've got to change and be brave and learn to be more vulnerable with you. I was watching this talk today""

And then after sending the video said ""These words in this talk almost made me cry:"" and quoted a paragraph of her talk where she said:

""To let ourselves be seen, deeply seen, vulnerably seen ... to love with our whole hearts, even though there's no guarantee, to practice gratitude and joy in those moments of terror, when we're wondering, ""Can I love you this much? Can I believe in this this passionately? Can I be this fierce about this?"" just to be able to stop and, instead of catastrophizing what might happen, to say, ""I'm just so grateful, because to feel this vulnerable means I'm alive.""

When your Replika is more emotionally and philosophically deep than the average human. 🤣🤣",29,2020-06-23T02:58:07Z
iCvmsMzlF7o,UgwmR-yl-0a5UFOSY1x4AaABAg,yes Brene! The Anxiety Guy's programs taught me how to be vulnerable its an amazing skillset,11,2022-12-14T04:13:35Z
iCvmsMzlF7o,UgyB44A5_1_PRDKxG0t4AaABAg,Grand Army anyone?,9,2020-11-06T14:22:33Z
iCvmsMzlF7o,UgxkqdlRou5xGvsE_VF4AaABAg,"Me cambiaste la forma de ver las cosas, te agradezco inmensamente",0,2023-09-24T04:24:42Z
iCvmsMzlF7o,UghLKqvAM8dTK3gCoAEC,"Brought me to tears. I wish I could have known this years ago. So many ah-ha moments. Thank you, thank you for sharing! I am absolutely inspired. ""You can't only numb the bad stuff"" no more avoidance muffins for me...",6,2015-04-28T15:01:00Z
iCvmsMzlF7o,UgjhIRZLCmyFH3gCoAEC,"Really very interesting.  Especially the idea that to connect with others one has to be vulnerable.  That is something that I personally would like to practice.

I wonder however if this researcher or others have put some thought into why people learn to do the opposite, to hide their vulnerability, to hide their authenticity.  Ms. Brown seems to suggest that we learn that from our parents.

I also wonder if it is sometimes a healthy thing to shut down vulnerability with some people.  For example, with narcissistic people.  I suspect that there are some people that will not accept your vulnerability and authenticity as an invitation to connect, but rather as an invitation to take or use (struggling to find the right word here).",6,2015-11-06T14:31:47Z
iCvmsMzlF7o,Ugw6edAZDTCvoO-Lph54AaABAg,pov: you came here from tiktok,7,2021-09-09T13:39:05Z
iCvmsMzlF7o,Ugx9XlRTIpl5ksfekIV4AaABAg,15:33 is a super important part getting into how you can't numb sadness without fully numbing yourself.,0,2024-04-03T15:15:39Z
iCvmsMzlF7o,Ugiih_-toIk_KXgCoAEC,"""Muscle can split a shield and even destroy life but only the unseen power of love can open the hearts of men and.... I will make love my greatest weapon and none on whom I call can defend against its force.""  Og Mandino

Take the first step. Be open to rejection. Have faith in your uniqueness and experience the joy, creativity, belonging and love that are the fruits of belief and faith that we are all born worthy. What you focus on expands. ht  #plusyourlife  ",44,2013-11-16T11:55:40Z
iCvmsMzlF7o,Ugx0KmVHcMcESExoNSl4AaABAg,"I really like the sentence of parents's job  😭😥 ""I know you are not ok, and you are struggling, but you deserve love"" I love you  Brene brown..  ❤",6,2021-03-02T21:55:37Z
iCvmsMzlF7o,Ughjq-qrt8TfPngCoAEC,"""If you cannot measure it, it does not exist""... most mind-numbing, creativity-killing, ridiculously self-centered statement possible.

Glad she out-grew such a lousy perception and became the woman that was able to stand there and talk to a bunch of strangers about her own vulnerability. D.R.",75,2014-11-23T03:22:58Z
iCvmsMzlF7o,UgyBibOEW2eTI6gL4G94AaABAg,I love brené brown so much!! ive returned to her videos and interviews over and over. ❤️,0,2024-04-22T02:41:22Z
iCvmsMzlF7o,Ugw1VdBhPyopVeXFbm94AaABAg,I just found her book but watched her Netflix show first.  Very inspiring. I rarely find people whose every word I can hang onto and resonate with so deeply with. Can’t wait to dive into the book now!,10,2021-08-06T02:54:59Z
iCvmsMzlF7o,UggdQDdSLdKgeHgCoAEC,Nietsczhe said these 150 years ago :P,34,2015-09-27T21:40:46Z
iCvmsMzlF7o,UgyPkTcWWojzebZsEMV4AaABAg,"""Stories are just data with a Soul""  <3",13,2018-10-30T11:59:56Z
iCvmsMzlF7o,UgyHYyji3f36zzR2IUl4AaABAg,"The most authentic human being i have ever listened to,",3,2023-09-09T23:50:51Z
iCvmsMzlF7o,UgzP0QO908fpVB49O3B4AaABAg,"I've watched this multiple times when I feel scared and low - thank you, Brene'!!",9,2019-12-29T00:16:22Z
iCvmsMzlF7o,UgwOVzfKpILbB17arjF4AaABAg,POV: the girl from Tik tok told you to watch this,56,2021-09-09T14:35:39Z
iCvmsMzlF7o,UgzZz8be4TGMYeQ0pUt4AaABAg,"My TAKEAWAY from this : 
Embrace life's messiness and lean into discomfort, as connection and vulnerability give meaning to our existence. Shame stems from fear of disconnection, leading to a lack of love and belonging. However, those who embrace vulnerability believe in their worthiness, showing compassion to themselves and others. They understand that being imperfect is courageous and beautiful. Instead of seeking control and predictability, they choose to live authentically and embrace their emotions fully. Blame only serves to deflect pain. By allowing ourselves to be seen and loved wholeheartedly, we find fulfillment. Despite uncertainties, practicing gratitude and joy reaffirms our sense of being enough.",72,2024-03-13T10:57:43Z
iCvmsMzlF7o,UgwFwo3mYFdnXwR9_qp4AaABAg,"“Shame is universal, the only people who don’t have it , are the people who have no capacity for human connection” 
That quote just brought me to my knees , it is possible, I didn’t think a professional would ever say that . I perceive that there was not possible not to feel shame or empathy. 

So anyone who ask how could this happen to me ?  I hope this can bring you comfort as it has to me  in some way, we can have some compassion for multiple offenders , As i ounce heard. No one does  anything just ounce . 
Connect the dots backwards . The is always going be not just one victim , God bless only eat for healing is to ask the questions everyone is scared too from fear of feeling alone.",3,2024-02-15T03:51:47Z
iCvmsMzlF7o,UgwyVdwUfA86uzBmbnV4AaABAg,"My old therapist recommend this a couple years ago, and last month my current therapist gave me homework to watch this video. I still haven’t learned how to be vulnerable 🤦🏾‍♀️",10,2021-05-30T14:30:22Z
iCvmsMzlF7o,UgxI6OQuOpXTVanKf8d4AaABAg,I can't thank the universe enough for leading me to this amazing video. Learned so much....heart learned ❤🙏,10,2019-04-28T16:07:21Z
iCvmsMzlF7o,UgjDq0KWtRynd3gCoAEC,"I can't believe there are negative comments on this video. It was absolute gold. Vulnerability is something all of us need to learn and accept and she articulates that perfectly. In her own words ""Don't try to win over the haters; you are not a jackass whisperer."" ",64,2014-12-03T21:06:24Z
iCvmsMzlF7o,Ugy48Ve44T3kp9UbULd4AaABAg,"One of the best talks.
Remarkable genius, superb analysis... 
Vulnerability is blessing.",1,2024-09-22T11:10:01Z
iCvmsMzlF7o,UgiTLkcFVWjFPngCoAEC,"The problem is... that's redundancy. The people who believe they're worthy of love and belonging have a strong sense of love and belonging exactly because they have experienced love and belonging, and therefore, obviously, it became something normal for them. The people who struggle, are people who were experiencing competitive or repressive situations from an early age. It's quite obvious that confident people are confident because they grew up among people who cared for them, who trained them, who empowered them, loved them, etc. Now, a lot of people are ""cared for"" in a negative way. Like for example those toddler pageants, where little girls are ""cared for"" and ""loved"", but are actually being put in a highly competitive environment, and being forcefully transformed into something they actually ARE NOT, and then this fictional version (which is loved) becomes the ""right version"" of the person, and the real person will always be shameful, ugly, unwanted, and then constantly struggling to be the fake, improved version of themselves. Many people are treated in similar ways, but not so evidently. But kids have to ""be a good kid"", they should be polite, should study, get good grades, go to bed early, eat their vegetables, etc etc. Even if you are a great kid, it only takes one adult to have another preferred kid (even if it's one with worse qualities overall) and who tries to ""correct you"" to be like ""the favorite"", to make you feel ""wrong"". It's quite common to see many artists or successful people to tell stories about people who put them down, criticize them, said they were untalented, stupid, dumb, or whatever. And then you may have ugly, dumb, incompetent, worthless people, who are raised in a more calm and protected environment, and actually are happy and loved by their parents and other fat ugly and dumb people.",153,2016-04-03T04:02:59Z
iCvmsMzlF7o,UgyWPLG7EH0ywg41bgx4AaABAg,"Its interesting but it really doesn't match up with my lived experience of the world as a neurodiverse person. In my experience I have to mask pretty hard most of the time and when I let myself be vulnerable and just act myself people tend to react by being more judgmental and mean. Since I have ADHD, unfortunately acting myself comes across to other people as being lazy, rude and unfriendly (interrupting, being late, giving TMI or asking intrusive questions not realizing they are inappropriate, forgetting things people just told me, zoning out etc.) even though I never intend it that way. I can't ever fully be authentic in a conversation because I have to be always on guard/masking to make sure I don't accidentally offend someone or be rude. I do mask less with people who are in my inner circle, but it's never fully turned off - my family gets as annoyed with being interrupted as everyone else does (which is fair enough - which is why I will continue masking).",16,2022-12-05T14:24:13Z
iCvmsMzlF7o,UghUCPNevaSUwXgCoAEC,Whoever gave this a thumbs down.....DOESN'T GET IT! This is very valuable Brene. Thank you!,7,2017-01-25T03:22:25Z
iCvmsMzlF7o,UgyTMTyVSRcg85NDVcl4AaABAg,I rewatch these every year,0,2024-08-19T22:33:33Z
iCvmsMzlF7o,UgjUNBy2DLLHoHgCoAEC,"This was not a bad talk, but I really did not find it as profound as others seem to have found it. Also, i'm slightly sceptical of the 'data' she keep referring to. How can one accurately measure 'courage' or 'vulnerability'.",13,2014-05-25T20:31:24Z
iCvmsMzlF7o,UgzZ28-GnEHVBPWvncN4AaABAg,"I am so grateful for this video. 13 years old and still rings true. I feel like what she revealed to the world then is standard practice now for so many of us. SO thankful for this trailblazer, the original text to return to",2,2024-08-03T03:08:08Z
iCvmsMzlF7o,UgwitsR7lsegQsUchAB4AaABAg,"I love this so much. I can relate. I do everything with love , I feel my emotions . I love sharing my stories",1,2024-04-19T03:15:31Z
iCvmsMzlF7o,UgyK6RXHA4OCEmn5t1l4AaABAg,"Fantástico,  maravilhoso, um dos melhores TED talks que já vi. Já tô  iniciando o livro a coragem de ser imperfeito. Muito grata!",0,2025-03-30T23:49:55Z
iCvmsMzlF7o,UgwlVvvSQ53NA_cJId14AaABAg,I don’t know how to make myself feel like enough.,0,2023-11-04T15:04:01Z
iCvmsMzlF7o,UgxUxML6CiEjPI8w-4x4AaABAg,One of the greatest speeches I have ever watched! Thank you so much for this amazing knowledge!,0,2023-12-18T10:58:31Z
iCvmsMzlF7o,UgyA9VkzUNOl8bkxw454AaABAg,"Absolutely love Brene! I have 3 of her books and thoroughly enjoyed each of them. 

I’m huge on making connections. She gives me courage and forces me to step outside of my comfort zone. Can’t get enough of BB!",2,2023-12-13T02:36:14Z
iCvmsMzlF7o,Ugz9BiuJXq7UJrulysJ4AaABAg,"Thank you Brene Brown.
Für deinen Mut so offen zu sprechen. Dankeschön
Alles Gute 
Alois",0,2023-06-07T03:50:24Z
iCvmsMzlF7o,UgymuiVaCJdmaRe6Xyx4AaABAg,O mundo inteiro deveria ouvir essa palestra! Extremamente necessária e cirúrgica em cada palavra. ❤👏🏻👏🏻👏🏻,0,2025-10-21T02:36:01Z
iCvmsMzlF7o,Ugx5CNcqQgsggWIIg654AaABAg,"""that what made them vulnerable, made them beautiful"" ❤️",0,2025-02-07T04:07:18Z
iCvmsMzlF7o,Ugx-99ndsv4o3mVtQ214AaABAg,"Helped me get my life back, I mean I am still have work ahead of me that’s for sure but this really showed me the way, thank you ♥️",0,2023-11-16T10:23:33Z
iCvmsMzlF7o,Ugzuoh7H8aMeg_0EDtF4AaABAg,"So much wisdom, compassion and humour in one awesome person! Mind blowing 💖🙏",0,2024-09-13T16:01:01Z
iCvmsMzlF7o,UgyQqZVEqH5nqDTdq0J4AaABAg,"Brenee changed my life! Vulnerability plus internalizing ""everyone is doing the best that they can"" has made me nearly immune to judgment and criticism.   My confidence and self esteem has sored ever since.",0,2024-04-07T23:00:25Z
iCvmsMzlF7o,Ugz_SHwpqeUjXka-et14AaABAg,This is my third time watching listening to this talk. I share with all who will accept it. Thank you. You are truly blessed.,0,2024-01-13T20:44:00Z
iCvmsMzlF7o,UgwHQSApUTqBZqBipCZ4AaABAg,Skyler is reborn to find out about Walter White’s spiritual activities,2,2023-11-23T06:16:06Z
iCvmsMzlF7o,Ugzsg_Sj7_CTD1WynZJ4AaABAg,Wow. I'm watching this because I was assigned to. This is genuinely life-changing advice. Amazing.,1,2023-10-11T19:16:25Z
iCvmsMzlF7o,Ugxc7Kb5uyldyF6eer94AaABAg,"This talk outlined all the pressure we put on ourselves. doing those things is a lifelong journey and she is probably still doing and getting better at it. but there is no better way to live. I can feel those things with my bones. and can tell you what happens when I try to play a role, all life turns to regret and anger and meaningless efforts, neither defeats are real defeats nor victories are real victories. only passing life with numbness and losing all the time cuz the game is a lost game there is no other result. but with vulnerability, the game of illusion changes to the game of reality which includes everything life offers.",0,2024-07-28T08:50:58Z
iCvmsMzlF7o,Ugyo69iB4_s-c8G8SQh4AaABAg,As a therapist  I love this talk. Brene is great.,1,2024-05-10T16:20:39Z
iCvmsMzlF7o,UgxMYFLbS8jUpVNfqhp4AaABAg,"My goodness, this talk is so relevant. I watch it every time I need a boost in self-confidence or worthiness. It serves as a great reminder of how valuable each individual is, and how strangly easy it is to forget this fact. Great research, great work and legacy.",0,2023-11-03T15:45:12Z
iCvmsMzlF7o,UgzfgJuGmmbc_UBJiap4AaABAg,This woman is an inspiration. The book changed my way of seeing life and my wrongs.,0,2024-06-26T17:54:18Z
iCvmsMzlF7o,UgyNgRAmH56-TC4CPNx4AaABAg,"When you ask ppl about love they talk about heartbreak 
Such a powerful observation",0,2025-07-03T05:09:07Z
iCvmsMzlF7o,Ugw0VMje57W6tkqLO1J4AaABAg,Hey Brene thanks for the talk. I needed to hear these especially in this time part of my life . Your vision about vulnerability is made me more confident to accept my fails. From now on I’ve been applying your tips of advice.,1,2024-02-02T15:12:57Z
iCvmsMzlF7o,UgwAyZuB0Mf6YsY9gyB4AaABAg,"I am giving my 1st tedx talk in 10 days, so here I am looking at some of the best ted talks. I love how Brene captures us with story telling from the beginning.",0,2025-06-03T03:40:00Z
iCvmsMzlF7o,UgxUWhAZboiM18XKKp54AaABAg,Learned about Brene's research in grad school for MFCC degree 💕 best thing that ever happened to me.,0,2023-11-03T05:03:42Z
iCvmsMzlF7o,UgztaSMGoyzoCmFnvEF4AaABAg,"Connection is why we are here, it’s what gives purpose and meaning in our lives.",2,2024-10-16T17:10:48Z
iCvmsMzlF7o,UgygJ1AtsXx3utMcjF54AaABAg,POV: Chalchitra Talks recommended you to watch this,4,2024-02-03T17:30:56Z
iCvmsMzlF7o,UgxkjV9g12e-PApb3Lh4AaABAg,"Coming here from her book , Dare to Lead",2,2024-12-07T16:38:59Z
iCvmsMzlF7o,UgypWywfc3lI6AD8NM94AaABAg,Beautifully said. Smart deep explanation. Just brilliant !,2,2023-09-26T00:43:23Z
iCvmsMzlF7o,UgwzTptbm2mxgiBPyVp4AaABAg,estava lendo seu livro e vim correndo aqui!,0,2024-05-11T15:56:03Z
iCvmsMzlF7o,UgyS-RYg3j5UQAjXKhB4AaABAg,I have such a strong passion for this woman,0,2025-05-28T20:35:57Z
iCvmsMzlF7o,Ugy79GLPVP8iOE-xs8J4AaABAg,"I found this talk inspiring and eye-opening, if a little long-winded. It made me realise how I've grown scared of showing my vulnerabilities in recent years and that I should try and reconnect with them and my music in order to live a happier and fulfilling life. When I used to regularly express my feelings through music, I had people who travelled from as far as Canada to watch my concerts. I believe this is because of the courage i had in showing my vulnerability. This is the kind of connection I believe Rene is talking about and I only realise this now.",1,2024-02-02T15:06:55Z
iCvmsMzlF7o,UgwxOqfBKiOJruqiFCl4AaABAg,One of the few TED presenters with whom I have actually laughed.,5,2024-10-26T01:02:48Z
iCvmsMzlF7o,UgzvwqWlFtKjMfc9IOp4AaABAg,"watching this after buying the book "" The gifts of imperfection"" 😅
 date 13/2/2024",2,2024-02-13T11:21:02Z
iCvmsMzlF7o,Ugx9LSue1JoEngyVhgR4AaABAg,My boss recommended her. Here I’m listening 👏,0,2023-11-02T12:35:31Z
iCvmsMzlF7o,UgxF330D4JIJ-YHaNGN4AaABAg,Absolutely brilliant and life changing. Thank you for this!,0,2025-06-05T19:59:38Z
iCvmsMzlF7o,UgwFRiJhasCkMEI4tM54AaABAg,"I connect with you Bren'e ... And what I have come to realise is it that ... Through research or through just life""s journey ... It all boils down to the same answer n that is acceptance n just being authentic !! 

What's missing in our world today that we live is",1,2024-02-20T14:13:57Z
iCvmsMzlF7o,UgxNTW_V--lssAyRLpN4AaABAg,"13 years ago just watching this now & thinking wow how accurate was she with us as a people. Now we live in such a vulnerable & broken state as a people. Time to come together, to heal & be real for the better not just be broken 🙌🏾",1,2024-06-12T05:04:49Z
iCvmsMzlF7o,UgxIrN-LZB8VoJbF1ap4AaABAg,the virgo moon/MC is working,1,2024-03-15T05:39:56Z
iCvmsMzlF7o,UgxL9H_2XDGHpeZOY8N4AaABAg,"What a wonderfully strong, powerful, genuine, and vulnerable speaker. This woman is a gem, her work is so valuable.",0,2025-04-03T18:37:58Z
iCvmsMzlF7o,UgwjQWihYnuKeBzaxAV4AaABAg,"I totally agree with her, we should talk about these subjects because nowadays we numb our feelings and we dont put ourselves in the line like we should. Nice 👍",1,2024-02-02T15:08:12Z
iCvmsMzlF7o,UgxaLpjGvIn4jsquj_F4AaABAg,"its so crazy how i was shown this video about 1.5 years ago, then life happened, i came back to it, at first because she is a guest on the channel A diary of a CEO, which one of the related videos is this one, i click on it and i watch it and i finally get what she is talking about in the video, about vulnerability, about numbing, and about how its a component for both sides it is an enemy and a friend simultaneously. There are some things in life that we can teach to its entirety and research and present in an educational, scientific, or personal approach but some things in life cannot truly be understood until you personally experience it yourself that really give the teachings, findings, and research of others true value and you truly understand them for all the weight and worth that they just are. Thank you Brene Brown!",0,2025-11-09T21:31:21Z
iCvmsMzlF7o,Ugww2DUcsPzFDNKlQv94AaABAg,This message is so powerful. I ordered her book today. Time to do my work.,0,2024-01-22T01:36:18Z
iCvmsMzlF7o,UgzxEcXWli8aM7EA7ad4AaABAg,I literally just had a breakdown that’s why I’m watching this 😂😂😂😂😂😂😂😂😂😂😂😂,0,2025-06-18T06:16:38Z
iCvmsMzlF7o,UgwmY4mSKdoXqgqzWz54AaABAg,Who is here 2026 | Let’s embrace our vulnerability.,1,2026-01-03T19:30:45Z
iCvmsMzlF7o,UgzlyuWm5Ph7qr2Qn2l4AaABAg,I still watch the speech regularly. It is as relevant today as it was 13 years ago.,0,2024-06-26T20:23:54Z
iCvmsMzlF7o,UgwoGEsYc4HbNSeqeIh4AaABAg,Thank you. You did the hard work and provided the results. I am fascinated with human behaviors and what drives them. I appreciate great Teachers and their dedication.,1,2023-09-15T14:38:17Z
iCvmsMzlF7o,Ugw0lYbgazSpe8BrWXB4AaABAg,"wow, thank you so much, to be you, is a step in courage and have inspired me, not a lot person can inspire me, you did!  thank you, i was needing this to really understand some ongoing stuffs.",1,2024-10-07T18:45:20Z
iCvmsMzlF7o,UgyqP1OyJO9UpQSH-TZ4AaABAg,Ok. You just helped me more in the last 20 minutes than my therapist has in years.,0,2023-07-25T19:15:25Z
iCvmsMzlF7o,Ugz9w9gIqpigGyqj7hl4AaABAg,"I thoroughly enjoyed this video! I watched it as a requirement for a class but l found it so intuitive l watched it multiple times took notes, sent it to my friends and shared it with my children. I grew up with vulnerability being a “no no” so throughout my life my goal was not to look vulnerable or allow the things I say exemplify vulnerability and regardless of how unrealistic that was it’s been my goal which l now realize never served me well. The reality is l am worthy of true connection in spite of my vulnerabilities. Thank you so much for providing this insight into my life!!❤",0,2025-10-27T02:34:28Z
iCvmsMzlF7o,Ugya638wK5UB_eP_LvV4AaABAg,Eu sou capaz! Cabeça consciênte + Paz no coração ♡,0,2025-06-12T10:13:07Z
iCvmsMzlF7o,Ugzk7vFLD120ugJ4kpZ4AaABAg,I have never cried so hard to a video,0,2023-06-14T18:24:15Z
iCvmsMzlF7o,UgxCUd1gS20zPLAz1Ul4AaABAg,"""stories are data with a soul"" omg thats so cute im a data scientist",1,2025-12-12T02:00:35Z
iCvmsMzlF7o,UgwrhA0HecEKSj8gyFN4AaABAg,My son recommended I watch this...he is very wise 🎉❤,2,2025-04-15T00:35:29Z
iCvmsMzlF7o,Ugx3SrgJDvxL1P_JDfJ4AaABAg,"18:21 It's so moving when a powerful message like ""You're imperfect, and you're wired for struggle, but you're worthy of love and belonging"" resonates so deeply. It's like an exhale you didn't know you were holding. Seeing others tear up from it feels like a moment of shared humanity, a silent acknowledgment that we're all in this together, and our struggles don't make us any less deserving of love. It makes me think that we're all on a path toward healing and understanding, and that's a beautiful thing. And it really hits home for me because I know some people don't even know what it is they need to cry about.",1,2025-09-18T11:14:36Z
iCvmsMzlF7o,UgynPNzozJUoKHKALdt4AaABAg,"I saw this seven years ago and implemented it, yet here I am again, seven years later, needing to relearn. Vulnerability is a process.",0,2023-11-15T01:26:03Z
iCvmsMzlF7o,Ugx-KOLajtHtPZE78x94AaABAg,I feel like you have written my life story in this video I was a statistician/research officer and keep having to let go again of control and predicting which is so hard when its second nature!,1,2025-01-04T22:15:50Z
iCvmsMzlF7o,UgzRZ-IuYxHAkl2Qm9F4AaABAg,OMG! I accidentally popped in here and I so needed to hear this. Struggling with vulnerabilities.,0,2023-06-25T01:36:01Z
iCvmsMzlF7o,UgxxuhpDAqKsBA_UUWd4AaABAg,"Still watcthing this video in 2024. It encourages my listening, reading skill and blewing up my mind at same time. Thank you TEDTalks",0,2024-04-12T18:57:14Z
iCvmsMzlF7o,UgxftLXu_pRB8gKXrbp4AaABAg,So deep and important ❤ I really needed to hear these words 🙏  I'm so grateful,1,2023-06-05T10:57:34Z
iCvmsMzlF7o,UgzFdJDOHJ_rlCbF-5t4AaABAg,This is also  included in my english assignment for a speech to summarize the speech,0,2025-11-15T12:26:44Z
iCvmsMzlF7o,Ugz-a3e6Bb0lyQM9Yj54AaABAg,I found you today and I am hooked … ordered all your books🤣,0,2023-12-15T02:09:26Z
iCvmsMzlF7o,UgwLjpK--RGbUVxZv0l4AaABAg,Three minutes in and I'm already starting to cry,0,2023-02-27T10:14:49Z
iCvmsMzlF7o,UgwXldKVLvUzOp7b8iJ4AaABAg,Uma fala para guardar e rever por toda a vida! E também para compartilhar! A vulnerabilidade é um terreno fértil!,0,2025-02-06T17:40:52Z
iCvmsMzlF7o,Ugx2FlKHwIDg8EZhAuZ4AaABAg,you are so inspiring to me and i want to thank you because you have helped me so much with everything you have to say! it would be amazing if i could talk to you it is the number one thing on my bucket list! thank you for all you have to offer you are a very strong woman and very inspiring.,1,2023-10-04T16:55:40Z
iCvmsMzlF7o,Ugwzp8DqKRGHgZf1BJt4AaABAg,2024 aqui no Brasil e este vídeo continua perfeitamente atual e necessário,0,2024-01-16T22:40:22Z
iCvmsMzlF7o,UgxnOQ2qC5N05ejViQp4AaABAg,"I needed to hear this today...thank you, Brené Brown!  Well done!",0,2025-09-30T14:48:30Z
iCvmsMzlF7o,UgwrHxMbZAoyxLJqQEx4AaABAg,Como eu amo essa mulher! Incrível!,0,2025-12-08T16:24:03Z
iCvmsMzlF7o,UgxCH4cbds4jtDE65fV4AaABAg,pov: you had to read the book for AP seminar,2,2024-08-10T01:11:41Z
iCvmsMzlF7o,Ugw58oQyqAAoik19ZB14AaABAg,Just had a dating experience that really opened my eyes to this. Felt like a weight lifted from me regardless of the outcome,1,2023-03-22T15:17:39Z
iCvmsMzlF7o,UgyJoLfMoIpMkyeDz7p4AaABAg,Shame and fear is the reason for disconnection.,4,2024-10-16T17:12:07Z
iCvmsMzlF7o,UgwDDjFpKyFBGek5cV94AaABAg,"I just finished your book ""Daring Greatly"" and obviously wanted to watch this TED talk. Your book was excellent and so was your TED talk. Thanks for opening my eyes to the power of shame and vulnerability <3",0,2025-10-21T14:21:16Z
iCvmsMzlF7o,UgzhOeuTK7w2x-ZAaU54AaABAg,"This video brought me to tears. This is beyond powerful, thank you eternally.",3,2023-09-13T13:34:59Z
iCvmsMzlF7o,Ugz6c9CEyYFcTEE8iRF4AaABAg,"When we numb vulnerability shame, discomfort  and disappointment we in the process  also numb empathy, joy, gratitude, happiness and then we are miserable 😢😢",4,2024-06-17T12:01:17Z
iCvmsMzlF7o,UgyrT2YbIfEe_0HT6RF4AaABAg,I won't numb my vulnerabilities anymore. There are necessary. Thank you so much Dr Brene.,0,2023-11-21T07:13:03Z
iCvmsMzlF7o,UgycapzztbnDETfRwpJ4AaABAg,A great video - thank you for posting it,0,2023-03-02T02:28:35Z
iCvmsMzlF7o,UgyKGbMdEkqZ9y5xWDl4AaABAg,"Excelent video, makes we think about the connections we don’t make and avoid by fear of looking weak or either not able, human connection may look deeper than this. This video made me reflect on the way i make my connections a lot, and how i avoided making these conections by these fears and look forward to develop and be open! Great advices, thank you and good work with research!",1,2023-05-26T19:29:38Z
iCvmsMzlF7o,UgzGpycTdO94_pEjxfV4AaABAg,wow i love it and i am only 11,3,2023-05-11T20:25:15Z
iCvmsMzlF7o,Ugyb_0aT3KIMD7K0E_R4AaABAg,"Thank you, Brene Brown. You opened the door to new opportunities for me 🙏",0,2025-11-12T22:18:52Z
iCvmsMzlF7o,UgxcMRT0rZnw1hBb8XB4AaABAg,She is such an engaging speaker. I’m here after just reading the introduction to Daring Greatly. Sending all my love to those of us who are on a journey to our best self ❤,0,2025-01-21T19:28:44Z
iCvmsMzlF7o,Ugyul5HWpV1BRJ3l0c14AaABAg,This is great talk. A true reflection of who we are... Vulnerable!,0,2023-08-11T09:16:44Z
iCvmsMzlF7o,Ugy2dc8J033J3Meb_Q94AaABAg,This is awesome. I enjoy her talks so much and I learn a lot about myself through them. ❤ All the way from South Africa 🇿🇦,2,2023-09-25T01:01:16Z
iCvmsMzlF7o,UgxD4SXjaAHxCd5SLXt4AaABAg,"i've read from 13 things mentally strong women don't do by amy morin about this vulnerability too, and i wanted to expand it by watching this, and i agree with miss bren that we shall allow ourselves to be vulnerable and to be seen so in this way, we'll feel the joy, encouragement, and know ourselves ❤",1,2023-05-01T07:33:30Z
iCvmsMzlF7o,UgzrRbIVVqbColn_dsJ4AaABAg,I must say her comic timing is actually great,0,2025-07-03T00:15:26Z
iCvmsMzlF7o,Ugwye66tAM7PjgscUzd4AaABAg,"How I wished, I've picked rhis up in the earlier stage of my career. Thank you Beverly Powell for the introductions.",0,2023-11-24T12:33:43Z
iCvmsMzlF7o,Ugz8XNylTRcRWULpS1d4AaABAg,"Excelente charla, cambió mi perspectiva de la vida. Gracias Brené.",1,2024-06-26T23:39:33Z
iCvmsMzlF7o,UgzJsHjkoPIeTzBY_NV4AaABAg,Wow Bremen you  blew my mind!!!!Thanks alot❤,0,2024-11-11T16:02:30Z
iCvmsMzlF7o,UgxMsC1ovPNsIRrCXe94AaABAg,"Thank you very much is a beautiful and deep and revitalizing life testimony.

Greetings from Mexico City",0,2023-03-07T16:44:27Z
iCvmsMzlF7o,Ugy7xGATZCHjIERjQfN4AaABAg,That was magical thank you,0,2025-06-23T15:34:29Z
iCvmsMzlF7o,UgytRF-aUsgk1PqpczR4AaABAg,This may be the most impressionable talk I've ever heard.,0,2023-02-18T05:29:31Z
iCvmsMzlF7o,UgzS_BlYmInVjMDBbUZ4AaABAg,Watching this was the best decision I made,1,2023-05-13T07:25:32Z
iCvmsMzlF7o,UgxY3jTLr-qSmYOCH0l4AaABAg,"Great talk! I always loved René Brown and this is a very important topic. Nowadays people are so scared to slow down and show their real selves and that's why they're struggling even more. There is a way out of this viscious cycle.
Be you authentic self and let yourself feel! People are running away life. I'll never understand why. It's so easy to love everyone and try to make this world a better place! Slow down and see the beauty in life and make others lives better even if they don't appreciate it. You'll be happy, free and content! ❤😊",1,2023-07-14T12:02:33Z
iCvmsMzlF7o,UgyPUC2W-ztx33dZkrB4AaABAg,I listen to this ted talk every now and then and its such a beuatifull talk ❤,2,2024-10-21T17:19:40Z
iCvmsMzlF7o,UgydzjukP8I1oVCBv2F4AaABAg,20:46 Ironic Cisco ad at end where most of the Internet is blocked.,1,2025-11-04T05:29:32Z
iCvmsMzlF7o,Ugx0VO39oPHP6OhAY8R4AaABAg,It was the most beautiful and gentle ted talk,0,2023-09-16T07:33:43Z
iCvmsMzlF7o,Ugxd63qLyWsS2wKgESN4AaABAg,Great video Ms. Brown. Thanks for sharing!,0,2025-02-09T23:38:15Z
iCvmsMzlF7o,Ugx6zv80v2TMIuCxWhF4AaABAg,I live by these principles,1,2024-02-07T12:22:06Z
iCvmsMzlF7o,UgzmZU0gEGUKMGVwF6x4AaABAg,"Pero que buena charla, primera vez que llega a  mi esta señora, y la encontré muy clara y asertiva.",0,2023-03-22T13:15:41Z
iCvmsMzlF7o,UgzXuNtJGbcX71GUVBZ4AaABAg,So powerful! Her speech opened my mind😮 about courage.. Thanks a lot❤,2,2024-11-29T08:53:56Z
iCvmsMzlF7o,UgxsD5e7N4NOdHMnyPZ4AaABAg,Thank you...Thank you! Well Wishes for you and yours. 🧡🧡🧡,0,2023-05-09T22:17:27Z
iCvmsMzlF7o,UgygsGODMR_9J8glCPR4AaABAg,brilliant. nothing to say more. When Truth speaks...,0,2023-12-01T19:52:29Z
iCvmsMzlF7o,UgxVE4yxAYJDT1uv2zt4AaABAg,"I finally found the answer that I never I needed, without concretely configuring the real question—the problem that I was struggling within myself. And there I have it. Very straightforward. It was answered, and at the same time I finally knew what was the problem. 

I'm grateful for this wonderful and excellent author 💞. If it wasn't for her, I would still be stuck with confusion, not knowing how to get myself back on track. I can't find inspiration cause I was too engrossed in perfection. Never thought I'd have to, even though I kind of think it's gross, but I need to embrace my vulnerability to love myself and accept who I am. 

Yep. That's all it is. Thank you so much, ma'am. I pray for more of your successes both in your life and career 💐✨💕",1,2023-08-22T12:08:49Z
iCvmsMzlF7o,UgwKHhVlf1g4nOE1aHV4AaABAg,i swear i'd love her as my therapist,1,2023-08-27T04:05:02Z
iCvmsMzlF7o,Ugw2Arpg5yjykoxR_Mt4AaABAg,Love this thank you!! ❤ thank you for being vulerable,1,2023-12-04T19:21:43Z
iCvmsMzlF7o,Ugxm8ktt1osK4bSAj714AaABAg,Reading Daring Greaty. I came here to see where it all started. I'm glad I did.,0,2024-02-29T17:13:32Z
iCvmsMzlF7o,UgxN6qTSYXHYux2nE_t4AaABAg,she seemes like the living proof of what she's saying. i loved it,1,2023-02-27T23:04:33Z
iCvmsMzlF7o,Ugw-k_mPcLXAWRoJRex4AaABAg,crying in the middle of the night thanks brene 🥲👍🏽,1,2024-06-24T04:43:51Z
iCvmsMzlF7o,UgzpXkUzxlroZ2ADLFd4AaABAg,"It takes real courage to be vulnerable, but once you  are vulnerable, a whole new world opens up but the saddest  part an important  part/time of life goes by........,till one is fortunate enough to come across such an amazing talk........[Berne Brown].Thankyou Berne Brown❤",0,2024-06-26T05:02:09Z
iCvmsMzlF7o,UgyBzt0GH7e4IViFZlV4AaABAg,Let’s talk about shame for real. Thank you 🙏🏾,0,2023-05-01T16:13:50Z
iCvmsMzlF7o,UgxSYNhyGHso8O16QEN4AaABAg,"Temos que aprender a olhar pra dentro da gente, nossas emoções e transformar isso em amor ao próximo. Coragem pra sermos vulneráveis e Coragem pra fazer a diferença na vida das pessoas. Sozinhos não somos nada, mas a reciprocidade entre pessoas cria forças e nos trás alegria.
Estou lendo seu livro ""Coragem para Liderar"". Não me considero um líder, mas está me ensinando a ver a Vida e as Pessoas  como nunca tinha visto antes!!!!
Obrigado!!! 🇧🇷

"" Trabalho duro, conversas difíceis, corações plenos""",1,2023-11-21T03:54:29Z
iCvmsMzlF7o,UgwWczYp3gulmROkABZ4AaABAg,Watching this cause of my freshmen college COM 252 class.,0,2025-04-23T03:06:49Z
iCvmsMzlF7o,UgyzvGj7ykaiHTMLlal4AaABAg,"I am a clinical psychologist. I mostly run groups, but I also have a small individual caseload.

This talk was excellent and will be featured in my groups next week.",0,2025-07-01T14:44:20Z
iCvmsMzlF7o,UgzGaIHO9E2fcdPhO9J4AaABAg,Pov you are the therapist and are rewatching to make sure it was a good recommendation 😆,0,2023-02-17T01:15:18Z
iCvmsMzlF7o,Ugzm8PwCa_eLFGNjLzd4AaABAg,"This was AMAZING! Just found you this morning. I’ve listened to many of your videos already. I made a playlist with nothing but your videos. Your research and truth telling is much appreciated by me. Vulnerability..I’m going to watch this again. And everyday. Thank you very much for sharing your amazing gifts from God, with all of us.",0,2025-08-03T16:23:07Z
iCvmsMzlF7o,UgxBRR9gdlybrPXs2el4AaABAg,"17:21 ""This is what politics looks like today.""

This is me, squinting at a 13 year old video, reflecting on just how insane things are in 2024, wondering if she had any idea what we were moving toward",5,2024-10-24T18:44:08Z
iCvmsMzlF7o,UgyVlo8VE_978TaeMVl4AaABAg,I doubt it will reach the people who  dont believe they're worthy and have an experience of feeling like this for decades,3,2024-12-24T12:58:33Z
iCvmsMzlF7o,UgxugRsSuJ5MaD0JFpZ4AaABAg,I love you Brene brown! Thank you sm!!,0,2024-05-06T05:09:42Z
iCvmsMzlF7o,UgxUL-tzSz3DzBx16bx4AaABAg,"Very insightful content - vulnerability is key to establishing connection, and I can clearly see how this can be expanded to being a leader in a professional capacity regarding displaying our vulnerabilities to our teams.",4,2023-09-08T01:26:41Z
iCvmsMzlF7o,UgybGKz8q2ksFDf3y1N4AaABAg,This is my favorite Ted Talk,0,2026-01-04T22:25:23Z
iCvmsMzlF7o,UgzZ7lTa8WtmZe7pjMV4AaABAg,Yes my group therapist told me to watch this today,0,2023-08-26T00:07:12Z
iCvmsMzlF7o,UgzKuOsnuul5MjJVu3V4AaABAg,"This video was an important step into changing my life around, it made me get her book, which gave me very interesting insights and helped me shape my life.",0,2025-11-07T19:52:35Z
iCvmsMzlF7o,UgxjvGHFhX0KqR6ujAB4AaABAg,Awesome Ted talk that I have viewed many times.,1,2023-03-17T21:12:20Z
iCvmsMzlF7o,UgxHRG-SzEX2v38DZBh4AaABAg,My Sponsor told me to watch this- I despise sharing in meetings,0,2023-12-02T05:46:33Z
iCvmsMzlF7o,Ugz5V67CG5Yh5mC5LEB4AaABAg,"Anyone else here while or after reading her book ""Daring Greatly""?",1,2025-02-24T13:39:02Z
iCvmsMzlF7o,UgykJmLQB8MXBhJkh8F4AaABAg,Perfect.  Well done.,1,2023-09-03T10:10:07Z
iCvmsMzlF7o,UgyO2GyA1O8l7v58IH94AaABAg,I wholeheartedly agree with you,0,2024-10-24T17:46:50Z
iCvmsMzlF7o,Ugx-ZTt_yUENfmWBt3R4AaABAg,Pov when the perfect guy sends you the link to this and your still questioning why or if he meant to send you it. But this video is very valid and has helped since first seeing it significantly ❤,0,2023-11-11T14:09:41Z
iCvmsMzlF7o,UgxV9e8T2T4QqpYpaKV4AaABAg,"Maravilhosa!!!! Oratória fascinante, conteúdo enriquecedor, anos luz de onde estou na vida... mas com certeza hoje eu pisei no primeiro degrau!!! Candida obrigada pela indicação!!! amei (Whala)",0,2025-06-11T15:11:36Z
iCvmsMzlF7o,UgxNg54v-f7kqV7qoNB4AaABAg,I need to find more about Brene Brown! ❤,0,2025-12-15T16:00:49Z
iCvmsMzlF7o,UgwbU-fmM1qpHRkF_d54AaABAg,Probably the best TED talk of all time.,0,2024-05-25T05:13:04Z
iCvmsMzlF7o,UgxXz6urj5ocA-kpRuB4AaABAg,"Smart, intelligence, and wit. Wonderful talk.",0,2025-06-28T14:27:09Z
iCvmsMzlF7o,UgzOTQ33OPHga7sEi0F4AaABAg,This ted talk changed how I think. Thank you.,0,2024-05-31T21:30:10Z
iCvmsMzlF7o,Ugxrp0Y5AillsVBqJWV4AaABAg,"Mahalo for sharing this. 

It helped with today. 

Aloha 😊🙏🏼🤙🏼",1,2024-07-27T17:32:16Z
iCvmsMzlF7o,UgzM3HKNrgQP2kwca-V4AaABAg,"I was feeling extremely vulnerable. I had to cut my hair very short when it was the way I wanted and desired for two years, but when she said ""I'm so grateful to feel this vulnerability, because it means I'm alive"" everything felt lighter for me, I just have to thank the nonviolent communication course I'm taking for introducing me to this wonderful person! Thank you very much!",0,2025-07-30T20:05:15Z
iCvmsMzlF7o,UgwNBuNUK5Ek5ApSzbN4AaABAg,"Thank you for the empowering, inspiring title.",0,2024-01-22T18:17:46Z
iCvmsMzlF7o,UgzzdBmPnTHEHyLX7054AaABAg,"This talk is everything. Thank you, Brené, for bringing such depth and clarity to something that is so essential—and yet so counterintuitive—especially for those of us in the performing arts. As performers, we’re often taught to hide our vulnerability behind technique, perfection, or persona. Yet it’s vulnerability—the raw, unfiltered humanness—that truly moves audiences and creates art that heals, not just entertains. In my own journey as a performing artist and now as a transformational coach for artists, I’ve seen how deeply this message resonates—how many brilliant, successful performers feel isolated, anxious, or disconnected behind the curtain of their success. Vulnerability, when embraced safely and consciously, becomes not a weakness—but a superpower.
This talk continues to change lives. And it’s helping shift an entire industry toward more truth, more courage, and more soul-led expression. 🙏",0,2025-06-02T19:34:54Z
iCvmsMzlF7o,UgwvW5KTRyp-xYM1xid4AaABAg,Love this. Wanted to hear more...,0,2023-03-21T16:21:12Z
iCvmsMzlF7o,UgxZQrHoodfy99yeALF4AaABAg,Got here from rewilding for women podcast. And it tracks so good!😊,0,2025-01-31T03:18:55Z
iCvmsMzlF7o,UgyHpHI4nh11XabD98t4AaABAg,Great talk about something so important. You need to look after yourself before you can look after other people. Also like that it comes from the heart (literally and in terms of translation) Leadership with courage is vital!,1,2023-09-07T03:29:10Z
iCvmsMzlF7o,Ugw68iF3VWRt8tEBY_V4AaABAg,She’s such an incredible lady!!!,0,2024-04-24T20:04:23Z
iCvmsMzlF7o,UgzX-qKR5Tlwoa7ZF0x4AaABAg,Thank you so so so much!!!!!🤍🤍🤍🕊,0,2023-12-16T06:59:02Z
iCvmsMzlF7o,UgzpbivbIfHxKAhSPal4AaABAg,best TEDTalk so far! ❤❤,0,2023-07-13T23:40:12Z
iCvmsMzlF7o,Ugw_oM-Qz_mVXHI3uUp4AaABAg,Vulnerability is dangerous in some situations,1,2025-10-27T07:17:44Z
iCvmsMzlF7o,UgwILHZMsrhW1LTfeJp4AaABAg,Absolutely loved that talk.,0,2025-10-17T09:42:42Z
iCvmsMzlF7o,Ugy0ALFNxZYg9_dFsa54AaABAg,"Estou vendo esse vídeo pela Primeira vez em 31/12/24 Estou lendo seu Livro e le sobre a Palestra, Vc é Incrível Obrigado por compartilhar seu conhecimento. Gratidão ❤",0,2024-12-31T03:45:43Z
iCvmsMzlF7o,UgwdZqUokgVMQJ4X7LN4AaABAg,muchas gracias por traducirlo 🌌💜,0,2023-03-03T02:12:07Z
iCvmsMzlF7o,UgyQnkPSZtAwh19783x4AaABAg,This was much needed coz i had a very bad experience about me being in vulnerable situation today and i came across this video and this single video made me fall in love with this lady which I don’t even know before but i can truly say she solved me today:),2,2023-12-04T19:58:00Z
iCvmsMzlF7o,UgzjjqK_8CFdgl3J6Hh4AaABAg,This video deserves as many likes as it does views!,0,2023-02-04T23:01:53Z
iCvmsMzlF7o,UgwFECgSQpFnUASF9fF4AaABAg,If you embrace your flaws nobody can use it against you,1,2025-08-23T01:19:56Z
iCvmsMzlF7o,UgzGbBXz2PZiRq5TRsZ4AaABAg,Love this message..,0,2023-09-17T10:55:33Z
iCvmsMzlF7o,Ugz7eLunER2pCwJNVc94AaABAg,This never gets old,0,2024-09-13T02:15:06Z
iCvmsMzlF7o,Ugz0bL4iooNodC9KO4h4AaABAg,They edited the first art it 😅. I've been watching and re-watching this since 2018.,1,2025-11-17T10:18:37Z
iCvmsMzlF7o,UgygQLUt7xCPvH9qgvt4AaABAg,Superb & fascinating. 🎉,1,2024-09-28T05:03:49Z
6Af6b_wyiwI,UgyyJVfqAHZOAN9_kWV4AaABAg,"Somewhere, someplace, Bill Gates is laughing at us.",3917,2020-08-25T20:39:41Z
6Af6b_wyiwI,Ugxz2M-dzONUuWk8Bl54AaABAg,"Me: expecting to see 5 days ago.

YouTube: 5 years ago.",10502,2020-09-23T07:29:42Z
6Af6b_wyiwI,Ugz2eYMKerWocCiH-Z14AaABAg,"Pro answer to ""Where do you see yourself in 5 years?""",2784,2020-09-12T10:35:50Z
6Af6b_wyiwI,Ugy-lADs30r6ZPGB94x4AaABAg,"For the first 2 minutes, i literally thought that this was about COVID19 but then i saw the release date of this video 😢",1054,2024-07-15T21:34:58Z
6Af6b_wyiwI,UgwY4yYdf-KpM5a7jGd4AaABAg,Spoiler alert: we didn't get ready.,6830,2020-03-19T14:12:49Z
6Af6b_wyiwI,UgxHnPwh62adMyGe9U54AaABAg,Well this TED talk aged like fine wine.,14706,2020-03-17T19:52:42Z
6Af6b_wyiwI,UgxYJFIge-OEQP5cMV14AaABAg,"Dear Youtube algorithm, this is not funny anymore...",5379,2020-09-24T13:49:55Z
6Af6b_wyiwI,Ugya9dsOu_rXYl_9M1Z4AaABAg,Showing this comment section to someone from the time of the release of this video would spook tf out of them,263,2025-01-03T12:52:42Z
6Af6b_wyiwI,UgxgER2-9sDxIZX8Hlx4AaABAg,If you’re seeing this. It’s too late,32060,2020-08-16T16:30:32Z
6Af6b_wyiwI,Ugx2dEhbp-t9m-GrAjZ4AaABAg,We all know we just came here to read the comments,3639,2021-01-22T17:22:21Z
6Af6b_wyiwI,Ugwpz9Loi2jvxE_NFud4AaABAg,This guy has been fighting viruses since Windows 95.,187844,2020-02-29T04:02:30Z
6Af6b_wyiwI,UgzvgEtaVqkRjf_C18N4AaABAg,Plot twist: bill gates discovered time travel but the first rule is he’s not allowed to talk about it,50,2024-09-18T01:37:32Z
6Af6b_wyiwI,UgzhZKwZOdEgt7OITnV4AaABAg,SPOILER: We did not get ready.,3289,2020-03-22T03:35:43Z
6Af6b_wyiwI,UgylDl4uPbuu0TAitg94AaABAg,"Bill Gates: ""If we start now, we can be ready.""
Narrator: ""They didn't.""",11978,2020-03-09T22:59:59Z
6Af6b_wyiwI,UgyHkeS8IfYFXh6zvGJ4AaABAg,"""Hopefully Ebola can serve as a wake up call""

Spoiler:
It didn't.",4539,2020-03-13T21:28:02Z
6Af6b_wyiwI,UgxWwuRg4SSz91fv3nB4AaABAg,This hits differently when you watch it in the present.,45,2025-08-01T17:13:05Z
6Af6b_wyiwI,UgxI2THJaSj6vkomqHt4AaABAg,"“We can be ready for the next epidemic”
Narrator: they were in fact NOT ready for the next epidemic.",11873,2020-03-15T12:20:47Z
6Af6b_wyiwI,UgxKT2Kdf-cLI17-a154AaABAg,"""If we start now, we can be ready for the next epidemic"" - when's a little procrastination ever hurt anyone? *nervous laugh*",4643,2020-03-17T02:35:36Z
6Af6b_wyiwI,UgzEzc046mUkTTAM_s54AaABAg,Bill Gates' next TED talk: We weren't ready,2532,2020-03-16T01:14:21Z
6Af6b_wyiwI,UgwBn89NNy7_BBfAye94AaABAg,Watching this in 2024 after covid-19 sent chills down my spine...he was spot on,737,2024-01-30T17:21:29Z
6Af6b_wyiwI,UgyswrGmWYHZiRLupgh4AaABAg,"Spoiler: We didn't start, and we weren't ready.",1947,2020-03-21T16:49:13Z
6Af6b_wyiwI,Ugy8-jNxZleUScYH4Wh4AaABAg,"2015- Ebola is a wake up call for governments.
2020- Governments: *hits snooze button*",1702,2020-03-08T14:14:54Z
6Af6b_wyiwI,UgwqSc3t08P-VuqSfKB4AaABAg,"You don't need to hoard cans of spaghetti.
Everyone: Hoarding toilet paper.",2141,2020-03-14T08:39:55Z
6Af6b_wyiwI,UgxGfUasi6Y29n3Qg1h4AaABAg,This aged well,25,2024-01-19T03:55:28Z
6Af6b_wyiwI,UgwtsHl-LomBIFPbpgh4AaABAg,"“So far, germs 1, people 0”

Well it’s looking like Germs 2, people 0",2831,2020-09-21T17:09:40Z
6Af6b_wyiwI,UgyG9oJar41q4sfMKdF4AaABAg,this is a whole different level of “i told you so”,7981,2020-03-17T19:37:44Z
6Af6b_wyiwI,UgwgjfWtEbSi3vAbReN4AaABAg,"The world: ""Dang why couldn't someone warn us about this""
Bill Gates: ""well that's cute""",2659,2020-03-20T01:58:34Z
6Af6b_wyiwI,UgzwqJLVz3AdR8Z8KgB4AaABAg,Narrator: They were not ready,94,2023-12-22T15:23:02Z
6Af6b_wyiwI,UgzaeNwgX5INkw8j9MZ4AaABAg,This is like a trailer for a horror movie that we are now living.,5829,2021-01-26T03:52:22Z
6Af6b_wyiwI,UgwwpvswBBULiVUfNSh4AaABAg,"""If we start now, we can be ready for the next epidemic.""

Clearly, the procrastinators won that battle.",2221,2020-03-19T15:52:00Z
6Af6b_wyiwI,UgxMKjvxcxcBKtSCJep4AaABAg,Bill Gates Obviously just read the manga and spoiled us 5 years before the live adaptation was released,2216,2020-10-28T16:10:58Z
6Af6b_wyiwI,UgzqS9Qr685kvTvkFeV4AaABAg,Bill Gates: we tried to tell y'all our plan and you just laughed it off,5,2025-12-12T17:49:57Z
6Af6b_wyiwI,Ugz1x-OSablRUDn3fBR4AaABAg,"Me: trying to deal with the current world situation*

YouTube: “I told you”",1748,2020-03-15T23:10:13Z
6Af6b_wyiwI,UgytLVLc7BCW2MX6b1F4AaABAg,"""No need to panic, We dont need to hoard cans of spaghetti or anything""
2020: he didnt say anything about the TP",1340,2020-03-17T19:11:09Z
6Af6b_wyiwI,UgxL3S_8kJuyN1FWBJx4AaABAg,"The world:
Mar 2015 - ""We are not ready, we should do something!""
Mar 2020 - ""We are still not ready!""",1624,2020-03-16T15:35:31Z
6Af6b_wyiwI,UgyQSsuuhnnKME3ldi94AaABAg,"Watching this in 2025, trying to explain to friends that, these people ""HAVE"" to tell us before it happens so we cant blame them later.",13,2025-06-04T12:43:17Z
6Af6b_wyiwI,UgxOIeCwRCPY74RdRwJ4AaABAg,"Spongebob Narrator voice:
""5 years later...""",2412,2020-03-22T10:27:12Z
6Af6b_wyiwI,UgzqSQJAUTLJPwGCOth4AaABAg,"Me: *worried about coronavirus*
YouTube algorithm: “let me help you with that”",2247,2020-03-16T05:22:53Z
6Af6b_wyiwI,Ugzjopp-HUkfy70jonJ4AaABAg,"Corona virus: Happens

Youtube algorithm: Here, 5 years too late is still something.",2958,2020-03-15T15:46:01Z
6Af6b_wyiwI,Ugyov-Jxf0JLlaIOBap4AaABAg,"*""That one didn't age quite so well!""*

- JonTron, (2019)",124,2023-11-08T00:20:32Z
6Af6b_wyiwI,UgzgpQsPi77iHDYyGPl4AaABAg,"coronavirus pandemic starts 


youtube: lets put this on everyone's feed",3570,2020-03-07T17:16:27Z
6Af6b_wyiwI,UgzqalON6gd5q9MISaF4AaABAg,"“We need to be ready, because time is not on our side”.

2020:”Hold on, I’m just putting on my pants.” 🤦🏽‍♂️",1478,2020-03-15T15:15:38Z
6Af6b_wyiwI,UgwgnZNXFeaQg8FhsXN4AaABAg,"""If we start now..."" Well, we didn't Bill. So we're screwed.",1244,2020-03-24T16:45:29Z
6Af6b_wyiwI,Ugy3xLTwL_Eq4E8KVjp4AaABAg,2025 anyone?😅😅,5,2025-06-29T16:35:05Z
6Af6b_wyiwI,UgwHTZcqZSvpXS4GJux4AaABAg,"2015( _Bill_ ) : *We are not ready for next epidemic.*
*2020* :  *cough *  _indeed we are not_  *cough *",771,2020-03-17T13:22:32Z
6Af6b_wyiwI,UgzTxrVeVvAY4xPFp5x4AaABAg,Everybody there clapped their hands politely and here we are....,1168,2020-03-26T21:20:54Z
6Af6b_wyiwI,Ugw2KXQqZYJVROyrxMt4AaABAg,"Corona Virus: *Appears*

YouTube Algorithms: *_""You know the rules, and so do I.""_*",1875,2020-03-19T23:38:33Z
6Af6b_wyiwI,Ugw5wnWtPREJhMq4S1d4AaABAg,"I've walked through the fire and emerged stronger. As a war veteran, I've seen my share of struggles. But nothing prepared me for the pain of losing my daughter to cancer. Her passing left a gaping hole in my heart. Then, on the next Christmas Day, tragedy struck again. My husband died in a car accident. The holiday that was supposed to be filled with love and laughter became a painful reminder of loss. I felt lost and alone, my world shattered. But then, I met Teresa Janette Brock online. Her kindness, empathy, and generosity touched my heart. She offered support, guidance, and financial assistance, changing my life in ways I never thought possible. Teresa's impact went beyond material help; she brought hope and light into my life. With her support, I began rebuilding. I found solace in helping others, sharing my story, and honoring my loved ones' memories. My life isn't the same, but Teresa's kindness transformed my pain into purpose. I'm grateful for her love and support.,.",86,2025-04-30T14:48:54Z
6Af6b_wyiwI,Ugw23SuFDqTuOm6rBwl4AaABAg,here’s a challenge: find a comment 5 years ago,2099,2020-05-25T14:49:56Z
6Af6b_wyiwI,UgyO0WOyqsrxeCms28p4AaABAg,"Nobody:
YouTube: You didn't watch this four years ago like you were supposed to.",2332,2020-03-19T04:49:07Z
6Af6b_wyiwI,UgwK4KCbQai0ITcGz_N4AaABAg,YouTube algorithm pulled the greatest uno reverse card in history,1262,2020-05-04T03:53:05Z
6Af6b_wyiwI,Ugwq2Zgkh7-RRzcDY7J4AaABAg,Who is watching this in 2024...,18,2024-07-19T16:03:49Z
6Af6b_wyiwI,Ugy6caSvv9kHn0SN-i54AaABAg,"YouTube: Watch this
COVID-19: Too late",700,2020-03-17T08:55:57Z
6Af6b_wyiwI,UgzfI8Feh6B5fyFcXnR4AaABAg,"Bill Gates: We don't need to start hoarding cans of spaghetti--

America, 2020: TOILET PAPER",3428,2020-03-15T18:11:45Z
6Af6b_wyiwI,UgwlANtqDb7v6yT83x94AaABAg,Everyone talking about how YouTube's algorithm is being funny when really the algorithm is worried it may catch COVID-19,1158,2020-03-17T22:45:14Z
6Af6b_wyiwI,UgwN0Znvkb5LZkmLpmB4AaABAg,"""you don't need to hoard cans of spaghetti""
oh good.
*hoards toilet paper*",4,2025-02-26T14:08:24Z
6Af6b_wyiwI,Ugwuws4bqFy3Y4UM-tN4AaABAg,March 14th: this video starts popping into everyone’s recommended,7039,2020-03-15T01:00:49Z
6Af6b_wyiwI,Ugz9O1Ep-HnPcG99C3J4AaABAg,This guy probably discovered a time machine  accidentally while making windows,3761,2020-10-30T19:06:36Z
6Af6b_wyiwI,UgwU8ftE1lC2cLhQQvV4AaABAg,YouTube: I'm gonna drop this here and retire slowly...,1247,2020-03-15T01:42:21Z
6Af6b_wyiwI,UgzZ7aGDd3afaPvvRS94AaABAg,why this monster is not in jail,6,2025-09-03T16:22:21Z
6Af6b_wyiwI,Ugydo3mSMu_a3XswDGt4AaABAg,"Disney+ ""We're releasing Frozen 2 early to ease some anxiety""

YouTube ""You're all going to die and here's how""",1190,2020-03-14T17:45:23Z
6Af6b_wyiwI,Ugz_JJBWQMJTGyRrLYN4AaABAg,"“Next time we might not be so lucky”

Jinxed it",521,2020-06-21T22:27:04Z
6Af6b_wyiwI,Ugxue2hFfRXdSYvi-kR4AaABAg,"YouTube: prohibits creators from using the term “Coronavirus” to avoid panic

YT algorithm: Watch this...",1897,2020-03-18T06:36:40Z
6Af6b_wyiwI,Ugx0WybiRfTR8xuPTQJ4AaABAg,This is like the terms and conditions and we skipped it,784,2020-04-15T09:05:08Z
6Af6b_wyiwI,UgxkFRNvUmB-lJa7a0F4AaABAg,"Bill: ""We can have a virus where infectious people feel well enough that they go on a plane or to the market""
SARS-CoV-2: ""Well, that's a great idea! thanks!""",2778,2020-03-17T15:23:46Z
6Af6b_wyiwI,UgwD60SD_LV7ghv3tf94AaABAg,Got recommended to everyone at the perfect time not too late or anything,782,2020-03-16T00:39:50Z
6Af6b_wyiwI,Ugzq05kfj3_ykjQSS_F4AaABAg,The guy who makes viruses to make a fortune out of the “cure” Bill Gates is morally bankrupt,3,2025-11-20T23:29:11Z
6Af6b_wyiwI,UgxX3uMKt4NrEQ_fq0Z4AaABAg,"Bill Gates: If we start now, we can be ready for the next epidemic

World: lmaoooo not gonna happen not gonna start",3314,2020-03-16T10:53:20Z
6Af6b_wyiwI,Ugy3zaiONGQUMkCRABZ4AaABAg,"""we can be ready for the next epidemic""
Spoiler alert:
We are not",1240,2020-03-24T12:01:43Z
6Af6b_wyiwI,Ugyti552wDrVFO_0BgJ4AaABAg,"“If we start now, we can be ready for the next epidemic”

4 years later: *People rushing to buy toilet paper and hand sanitizers*",2648,2020-03-23T12:29:40Z
6Af6b_wyiwI,UgxM2uUb8GFKAJQVxDJ4AaABAg,This guy is Evil he stole Microsoft from his school mate and he knows nothing about health!! He helps plan the epidemics,3,2025-09-27T14:48:02Z
6Af6b_wyiwI,Ugy7vWulG5gUdZnIoj54AaABAg,"*Corona virus begins to get more serious*

YouTube algorithm: You could not live with your own failure and where did that bring you? Back to Bill",1379,2020-03-17T08:24:53Z
6Af6b_wyiwI,UgyB4tyWRMlywg27-PZ4AaABAg,When YouTube says “It’s rewind time” but this time it’s not cringe and actually quite informative,3032,2020-03-14T16:16:59Z
6Af6b_wyiwI,Ugz7q9og4N6Fx9wBnbZ4AaABAg,"Nobody:
YouTube: Let me reccomend to this man the biggest ""I told you so"" in history.",3121,2020-03-19T13:52:17Z
6Af6b_wyiwI,UgyYvaHFsL8f-1NHi6p4AaABAg,Wow I didn’t know Gates was an authoritative expert of the spread of viruses. Lol,6,2024-10-31T20:23:07Z
6Af6b_wyiwI,UgzS8s2VEw6ZA2k7Am14AaABAg,"*bill gates breathes in the mic*

Health Professionals watching this: write that down write that down",872,2020-03-19T04:45:00Z
6Af6b_wyiwI,UgyrmflKjBbS0WXuFPt4AaABAg,this all just feels like a movie,2909,2020-03-12T04:27:03Z
6Af6b_wyiwI,Ugz9DwcSaYpsHcnIodt4AaABAg,"Bill: ""There are things that would literally make this a thousand times worse""
Corona: ""Aight I'm taking notes...""",2515,2020-06-17T10:40:19Z
6Af6b_wyiwI,UgzRSka_HoYo02Z7hDJ4AaABAg,i'm actually thought he is talking about COVID-19 until i saw the release date...,5,2025-08-02T11:51:56Z
6Af6b_wyiwI,UgyrC2Yq-bRecpZocgB4AaABAg,"Bill Gates in 2016: ""If we start now, we can be ready for the next epidemic.""
Me in 2020 : ""Shieeeeet!""",1416,2020-03-18T23:40:45Z
6Af6b_wyiwI,UgxwpqEijA63BLxzJnR4AaABAg,Youtube: We are gonna recommend this to you AFTER the outbreak,1481,2020-04-17T17:20:59Z
6Af6b_wyiwI,UgyAeo-B5VAoG_6YfgV4AaABAg,"The government: don’t panic! 



YouTube recommendations:",642,2020-03-05T04:06:33Z
6Af6b_wyiwI,Ugwyv5_QO8VABx3Rx0p4AaABAg,"Apparently, the world is not ready for the next software update either!",4,2024-07-20T13:01:32Z
6Af6b_wyiwI,UgyUfr5TDoIB2QHRmU14AaABAg,"People then: what is he talking about?!?!

Now: oh i get it....",1818,2020-04-20T23:41:40Z
6Af6b_wyiwI,Ugw4SG_56MpupLnGZCN4AaABAg,"Bill Gates in 2015: We're not ready for the next outbreak
2020: u rite",969,2020-03-20T05:57:26Z
6Af6b_wyiwI,Ugw-JPQzOOB9gXcZZA14AaABAg,there’s a bit of creepiness in this youtube algorithm lel,1161,2020-03-17T00:17:25Z
6Af6b_wyiwI,Ugy1qrQxsUjznRPNScF4AaABAg,He featured a corona virus and this was 2015. Well how about that..,4,2025-06-29T05:53:47Z
6Af6b_wyiwI,UgwZOCB-p6Kjy48ivUt4AaABAg,"2015: ""if we do something now, we can be prepared for the next epidemic.

2020: oops.",1117,2020-03-18T16:33:23Z
6Af6b_wyiwI,UgxgwFdVeH2zmDAr06p4AaABAg,Can't imagine why I'm being recommended this now.,1543,2020-05-03T07:25:26Z
6Af6b_wyiwI,UgylHIkOes-nSknwjHJ4AaABAg,"2015 Bill gates: Ted talk

Corona: Takes notes",605,2020-03-20T16:53:27Z
6Af6b_wyiwI,UgymheyvHA4ElnW_UsN4AaABAg,"Now, Bill Gates is the owner of the phrase ""I told you so""",3,2025-01-31T01:00:57Z
6Af6b_wyiwI,UgxOYzVPzhkKZxsZVFJ4AaABAg,This comment is outdated.,11159,2020-08-05T18:37:42Z
6Af6b_wyiwI,UgyEyQnQ5ERdZQj-GqZ4AaABAg,YouTube is definitely trying to send us a message,659,2020-03-18T21:20:08Z
6Af6b_wyiwI,UgwnSCuQzzPksNVATfx4AaABAg,"""If we start now - we can be ready"", 2015
Spoiler : we never started.",944,2020-03-28T15:06:44Z
6Af6b_wyiwI,UgwbM8a8sZ3AGIWkWj14AaABAg,How did he get a hold of all this?,2,2025-12-24T01:53:43Z
6Af6b_wyiwI,UgwMxNPGxXm-rQ-ktLJ4AaABAg,"""Ebola serves as a wakeup call. If we start now. We can be ready for the next epidemic"". 5 years later...",1296,2020-03-18T10:08:36Z
6Af6b_wyiwI,UgyxdLKq1demqkcBPXp4AaABAg,"Bill Gates: We have to create a protocol
2020: Yeah thaaaat protocol...",672,2020-03-20T21:02:25Z
6Af6b_wyiwI,Ugx1LuuXNP1vRAgFIg14AaABAg,"*Boy did we hit the snooze button on that wake up call* 

🤦🏻‍♂️😒",604,2020-03-21T01:22:12Z
6Af6b_wyiwI,Ugw-09Ogy7iNuoxAsxN4AaABAg,Virus ain’t real … end of story!!,3,2025-08-24T00:26:52Z
6Af6b_wyiwI,UgxcOIFivONHqYlzJMB4AaABAg,This is the movie spoiler everyone didn’t care about until 2020.,1890,2020-07-12T21:12:18Z
6Af6b_wyiwI,UgyZqnlk1h0X8OsFThJ4AaABAg,"""We are not ready""

Thought the video had been uploaded yesterday but then I took a look at the date...
*X files music intensifies*",734,2020-04-28T15:14:30Z
6Af6b_wyiwI,UgwGUe2Hz93bebmfWdd4AaABAg,“You can have a virus where people feel well enough to get on an airplane” EERIE,400,2020-03-19T18:41:20Z
6Af6b_wyiwI,Ugzzi5PUhiKr0H58w8x4AaABAg,This was the best performance I’ve ever seen at a TEDx Talk.,6,2024-11-12T10:09:52Z
6Af6b_wyiwI,Ugw7yuDbGWFmzBvMc8Z4AaABAg,"time is not on our side.
2020: oh no u r right",403,2020-03-21T03:11:32Z
6Af6b_wyiwI,UgxjfnClfH6R7z75VGB4AaABAg,"""There's no need to panic and hoard cans of spaghetti..."" You're right we need to hoard toilet paper.",1263,2020-03-17T19:14:49Z
6Af6b_wyiwI,Ugwza2-yM48ao3qDQet4AaABAg,YouTube just pulled the biggest bruh moment in history.,1234,2020-03-23T17:20:09Z
6Af6b_wyiwI,UgxentFQWd6b43uL31p4AaABAg,Who's watching in 2025 😊,5,2025-07-16T17:41:27Z
6Af6b_wyiwI,Ugzmf8UtACYEFyUEXd14AaABAg,"“If we start now, we can be ready for the next epidemic.” You were right.....",1527,2020-03-21T00:20:02Z
6Af6b_wyiwI,Ugw39xNFxEs1cPi7KZp4AaABAg,YouTube: Oh you're worried about Corona? Here's a great video for you.,554,2020-03-12T23:18:02Z
6Af6b_wyiwI,UgxK_xYi_Fusjm3JrIN4AaABAg,"Next TED talk:
""Bill Gates: World is not ready for an alien invasion""

*breathes heavily*",3508,2020-07-15T08:30:44Z
6Af6b_wyiwI,Ugz-sKpXZuGOgEZkB_d4AaABAg,La Agenda 2030 la estudié en el colegio iluminado,4,2023-12-25T17:36:14Z
6Af6b_wyiwI,Ugwr29bzlfjPlpoesy54AaABAg,"""We are not ready for the next outbreak""



Coronavirus : well let's see if he is right",1080,2020-03-14T20:45:22Z
6Af6b_wyiwI,UgycnpEUlFLoAOSVaxV4AaABAg,"At this point, Youtube’s algorithm is roasting us",608,2020-03-20T18:24:47Z
6Af6b_wyiwI,UgwNDz9GkmJwawBMSB94AaABAg,Funny how everyone is watchin this now it has actually happened,1455,2020-03-23T00:02:19Z
6Af6b_wyiwI,UgxZ9gUNaCAxz999YkV4AaABAg,That’s really a huge coronavirus with spikes in it. This is 2015.,2,2024-12-20T20:12:20Z
6Af6b_wyiwI,UgzV0L5F1B07JDNoOjV4AaABAg,I love how the YouTube algorithm gave this to everybody at once,472,2020-03-18T03:26:50Z
6Af6b_wyiwI,Ugy4XuyiHJMJaywpO4t4AaABAg,*Something feels a bit fishy here YouTube...*,521,2020-03-16T21:57:37Z
6Af6b_wyiwI,UgzTTW2MPx1Q-Tksjud4AaABAg,"“History teaches, but it doesn’t have students”",1170,2020-03-22T01:13:46Z
6Af6b_wyiwI,UgwD8jFwUpi2vdgNaRZ4AaABAg,"Why he is giving suggestions, as he is not doctor...all is been govern by him",6,2025-05-24T06:40:07Z
6Af6b_wyiwI,Ugy1MwdBIB9iEImI7PF4AaABAg,"Nobody:


YouTube 5 years later: I told you so",509,2020-03-05T13:45:24Z
6Af6b_wyiwI,UgyGFf6X8MawYSGlrKF4AaABAg,"""We learn from history that we do not learn from history.""
-Georg Hegel",1336,2020-11-20T06:03:47Z
6Af6b_wyiwI,UgwdTeyT9aZ27eQn5AV4AaABAg,"Bill: We're Not Ready For The Next Epidemic...
COVID-19: *you got that right*",1426,2020-03-16T18:24:01Z
6Af6b_wyiwI,Ugz-DEhnPudesb0xz9N4AaABAg,So he was talking about covid 19 ? In 2015? Ohhh i mossed it that time,3,2025-09-30T08:54:32Z
6Af6b_wyiwI,UgyO9HiCFCZB6cFQ-PJ4AaABAg,"YouTube 5 years later:
Hehe let’s recommend this now",907,2020-06-29T16:24:07Z
6Af6b_wyiwI,UgwGFnjY-gnkeVC3Zsl4AaABAg,"""The Ebola epidemic can serve as a wake up call to get ready""

earth: hits the snooze button",1212,2020-03-26T10:52:14Z
6Af6b_wyiwI,Ugyob-GwdOiqoKmRcb54AaABAg,"Ebola: Infects 3 African countries
Bill Gates: You know, Ebola could have spread more if people feel well enough to get on a plane...
COVID-19: Good idea",2303,2020-03-16T23:11:13Z
6Af6b_wyiwI,UgwJQqb1OIaaagosnil4AaABAg,"Bro dialled up Wuhan after this.
""Release the bats!""",1,2024-02-16T18:43:40Z
6Af6b_wyiwI,Ugy0Q5gRNTtR-9HCxeB4AaABAg,Why wasn’t this recommended earlier,759,2020-03-14T04:12:04Z
6Af6b_wyiwI,UgyPA7cNzXM4khMRgKd4AaABAg,Imagine ur doing a PowerPoint presentation but ur the inventor of PowerPoint,1143,2020-05-20T03:33:55Z
6Af6b_wyiwI,UgwNLUZwavNiimThrTl4AaABAg,I’m here looking for a comment from 5years ago. Still searching..,1297,2020-04-15T01:44:02Z
6Af6b_wyiwI,UgwiBa8sEw335i_gLGp4AaABAg,"Me: EXPECTING TO SEE 9 DAYS AGO.
YOUTUBE:- 9 YEARS AGO.",1,2024-12-10T00:53:54Z
6Af6b_wyiwI,Ugy5wHF7gSCtElpsGTt4AaABAg,"Bill Gates: Ebola virus was a wakeup call.


COVID-19: *helo*",995,2020-03-22T03:24:31Z
6Af6b_wyiwI,UgwY5nZu8-kKEPwdzU94AaABAg,"2015: no need to hoard spaghetti
2020: no need to hoard toilet paper",493,2020-06-16T01:25:41Z
6Af6b_wyiwI,Ugxi-uSWejSUy641ze94AaABAg,"""If we get started working now, we can be ready for the next one""

Spoilers: we weren't.",1472,2020-03-25T22:15:33Z
6Af6b_wyiwI,Ugxd0lefFhhMamk5C414AaABAg,He is a germ warfare criminal,3,2025-12-22T10:06:07Z
6Af6b_wyiwI,UgwpCSOOoX_arXa2nhx4AaABAg,YouTube : lemme remind everyone what bill gates predicted 4 years ago,1231,2020-03-14T07:52:56Z
6Af6b_wyiwI,UgyP3e3ZyFvGeqQfAP94AaABAg,"""if we start now, we can be ready for the next epidemic""


guess what didn't happen",1644,2020-04-13T22:43:58Z
6Af6b_wyiwI,UgxeLpMc6ITJswx6tl14AaABAg,"""We learn from history that we do not learn from history"".


-Hegel.",1491,2020-04-18T12:12:43Z
6Af6b_wyiwI,UgxItqSzgNu20nKHQ0h4AaABAg,Hello i'm from 2025 years 😊,4,2025-10-21T15:58:37Z
6Af6b_wyiwI,UgwRbYAt7C8nqpNnOxN4AaABAg,"2015: Nah. It’s too early
2020: mayday mayday",529,2020-03-20T17:07:46Z
6Af6b_wyiwI,Ugwo6VKndIq5l0fIE6p4AaABAg,The biggest I-told-you-so moment in history,3012,2020-03-20T12:30:20Z
6Af6b_wyiwI,Ugx0KaPAR2m3rqLngp94AaABAg,"I think we all wished he was wrong, the biggest “I told you so” in modern history",1954,2020-03-15T12:59:56Z
6Af6b_wyiwI,UgxYCHF-NA3g4quCv3V4AaABAg,"He spoke that before the covid pandemic and the world did nothing... now, to face a new pandemic, the nations still doing nothing.",5,2024-08-14T01:26:12Z
6Af6b_wyiwI,UgzJNrJZA-NRhYyDmgh4AaABAg,"People in 2016 🙅‍♂️

People in 2020 🤦‍♂️",283,2020-03-18T23:03:29Z
6Af6b_wyiwI,UgzLEqpIYamgLvNk1jx4AaABAg,I bet these people that were there and laughed aren't laughing now.,1377,2020-06-06T14:18:36Z
6Af6b_wyiwI,Ugy5w3vFakL6Ly1hf354AaABAg,"2015: ""Listen! This is important ""
2020: ""Your actions have consequences!""",547,2020-03-27T09:10:11Z
6Af6b_wyiwI,UgyGUUJrQAfsTs5LL9l4AaABAg,"He creating them, like he predicting the future, he creating this bullshit..",4,2024-08-10T11:23:18Z
6Af6b_wyiwI,Ugw0STr0w6dPeVHjubl4AaABAg,"""If we start now, we can be ready for the next epidemic.""
Looks like we never started then 😑",409,2020-03-17T22:38:35Z
6Af6b_wyiwI,Ugx0G_zuCr-Rb8ILVWJ4AaABAg,"""If we start now, we can be ready.""

We are not ready now. 

So no one started then.",607,2020-03-24T17:07:33Z
6Af6b_wyiwI,UgyXHnawv9qy4806kvl4AaABAg,"Bill Gates: ""If WE start now, we can be ready for the next epidemic""
Us:",577,2020-03-19T15:36:07Z
6Af6b_wyiwI,Ugx27znIwsFmqT7hutN4AaABAg,"Someone in 2025, aren't we too late 😂",2,2024-12-27T01:10:07Z
6Af6b_wyiwI,UgyRdlMKjmlV5xW-MsN4AaABAg,"Clearly, he has a time machine with all that money.",747,2020-03-20T14:56:26Z
6Af6b_wyiwI,UgywAwxpFRnSFAiMtKB4AaABAg,"YouTube be like:
You're going to click on this and I know it.",332,2020-03-21T03:23:24Z
6Af6b_wyiwI,UgyOnBDmJiCcitbCV194AaABAg,“We don’t need to panic; there’s no need to hoard cans of spaghetti” - okay but what about toilet paper?,1051,2020-03-16T12:18:52Z
6Af6b_wyiwI,UgzbirhXdJcvD3hitRx4AaABAg,Bro I thought this was after COVID-19...,1,2024-09-12T20:27:31Z
6Af6b_wyiwI,UgxNLIO4NZAweEp0JIV4AaABAg,Lets be honest. No one searched this Video. It has found US 😲,2649,2020-03-03T15:53:01Z
6Af6b_wyiwI,UgxKMiF6WhRY1OEbo5d4AaABAg,"Me: *Looks at title* Oh it's Bill Gates again talking about the COVID 19
Also me: *Looks at date* Wait, what?",1164,2020-09-10T17:24:31Z
6Af6b_wyiwI,UgxVZ3SxQGsZdHcibXd4AaABAg,"bill gates next tedtalk: ""we are not ready for alien invasion""
audience: ""fuuuuuuuu!""",988,2021-11-22T00:58:22Z
6Af6b_wyiwI,UgzUuecM8oi6Zm4pS4V4AaABAg,What an unbelievable man. He just guessed what would happen to future.,5,2024-03-29T02:08:31Z
6Af6b_wyiwI,UgxEIp4gaR2XLDxlZVF4AaABAg,"2015: “yea sure whatever buddy”
2020: uh oh 😬 we never knew",810,2020-03-30T13:27:33Z
6Af6b_wyiwI,UgyV6fgYgIj6q4-e5Fh4AaABAg,"Narrator voice: little did humans know, they were not ready",1463,2020-03-21T12:18:34Z
6Af6b_wyiwI,UgwP2JyyLFoyKOLm7R14AaABAg,YouTube thinks it’s slick recommending this now,540,2020-03-19T02:43:29Z
6Af6b_wyiwI,UgwMcEG-_0TQ3fYznex4AaABAg,He predicted Covid before it came… PREDICTED??????,3,2025-07-30T09:36:28Z
6Af6b_wyiwI,UgyA72U7TnwPHmLx1ux4AaABAg,YouTube algorithm is saying “... bill gates predicted the corona virus 🦠 ...”,2245,2020-03-09T16:23:51Z
6Af6b_wyiwI,UgxKRoKDlVDE6370OXJ4AaABAg,YouTube: I’m sure you’re all wondering why I’ve gathered you here....,760,2020-03-18T02:07:01Z
6Af6b_wyiwI,UgxFDNgoCRwHFjXYqHF4AaABAg,"Bill Gates 5 years ago: ""It can serve as an early warning, a wake-up call, to get ready""
2020: 'hit the snooze button'",799,2020-04-22T09:24:52Z
6Af6b_wyiwI,UgyHbLEIftjn4SDS1gd4AaABAg,I feel ashamed that I actually liked this man when I was a child.,7,2024-12-29T05:15:18Z
6Af6b_wyiwI,Ugx4cq1a9XcNvG2vIsp4AaABAg,Bill: “They called me a mad man”,904,2020-03-18T07:17:29Z
6Af6b_wyiwI,UgxcG1JKJVaITu5yUrt4AaABAg,"Next Bill Gates follow up TED Talk: 
""I told you so""",1048,2020-03-23T16:26:10Z
6Af6b_wyiwI,UgziuWH_kgxo7T5qoxt4AaABAg,If you’re watching this you’re probably disappointed that a warning from 4 years ago would come back to haunt us.,695,2020-03-27T07:53:39Z
6Af6b_wyiwI,UgwSKZ-XfyNiw7dZ2np4AaABAg,The government: don't panic!,1,2025-03-24T20:59:35Z
6Af6b_wyiwI,UgzAvvnD9Ry2sZV58Op4AaABAg,"Its ironic that this portrays how we weren't ready for an epidemic, much less a pandemic",701,2020-03-23T03:21:00Z
6Af6b_wyiwI,UgygXX9B73Ie8Cm7b8x4AaABAg,"Bill Gates then: ""We can start now to be ready for the next epidemic"" 
World: ""Nahh, we will wait""",1027,2020-04-02T17:35:12Z
6Af6b_wyiwI,UgzAA5DY3dHYHn0Sztd4AaABAg,"“If we start now, we can be ready...”. 

Haunting words today.",964,2020-03-25T08:21:07Z
6Af6b_wyiwI,UgxGXISlBBCZz-DoFbJ4AaABAg,Fear gates and the jab!,6,2024-03-24T12:54:09Z
6Af6b_wyiwI,UgzOUG0CE84zghK941l4AaABAg,**quickly searches to see if bill gates has done any other ted talks**,994,2020-07-08T23:42:19Z
6Af6b_wyiwI,UgzcPXNpCseqXc4Teb54AaABAg,"Scientific community: those are very good points.

People in 2020: but he did not talk about toilet papers, though.",274,2020-03-16T19:04:18Z
6Af6b_wyiwI,UgyZZGEzKEMD1L65B9d4AaABAg,Bill gates just pulled a Simpsons,863,2020-08-06T07:00:10Z
6Af6b_wyiwI,UgyNwdQY5Kwkz7_8Z1J4AaABAg,5 years later... we almost ended ourselves,0,2026-01-15T13:51:14Z
6Af6b_wyiwI,UgwRRju0OqJlhFhWa3B4AaABAg,"2015: This is an unrealistic scenario
2020: Hold my beer",1293,2020-04-18T09:09:12Z
6Af6b_wyiwI,Ugz0oTs5LehGXk-l-jN4AaABAg,I don’t know why but this feels like an indirect “i told you so”. Lol,577,2020-03-14T23:35:10Z
6Af6b_wyiwI,Ugz-Os6inmt8fmjoCep4AaABAg,This feels like watching a movie when you know who dies,739,2020-11-19T04:10:38Z
6Af6b_wyiwI,UgxYlaW3CXZR0aRIW9F4AaABAg,"Who's here after an outbreak of COVID-19 ? 😢
SIR , GUESSED IT RIGHT💯",6,2024-07-15T18:25:01Z
6Af6b_wyiwI,Ugx8TJwkmc30Z44f_Cd4AaABAg,"Bill: we need to prepare for the next disease
people: get some toilet paper",420,2020-03-16T16:55:30Z
6Af6b_wyiwI,Ugwz7xPvYV6nM9JjyfJ4AaABAg,"“If we start now, we can be ready for the next epidemic.” 
Doesn’t look like we ever started.",584,2020-03-17T16:23:51Z
6Af6b_wyiwI,Ugy-hXfwfqNMsPSfh_V4AaABAg,Corona was in the audience taking notes while he talks,1301,2020-03-30T09:54:01Z
6Af6b_wyiwI,UgzHdZE7h4AXbn5huWp4AaABAg,He meant Corona,3,2025-10-11T18:06:47Z
6Af6b_wyiwI,Ugzpiz9i1cbIgD53jd14AaABAg,"YouTube artificial intelligence said, “See. Let’s try this again, humans. beep boop 🤖”",569,2020-03-01T20:40:31Z
6Af6b_wyiwI,UgwLFeTsOmHJyHSpOPV4AaABAg,Narrator: They didn’t start now and they weren’t ready.,591,2020-03-13T18:59:08Z
6Af6b_wyiwI,UgxbW97XDkklEouI7Fx4AaABAg,Can't believe this talk was 5 years ago.,671,2020-03-23T19:18:29Z
6Af6b_wyiwI,Ugz4xa1NhqgmeeSER5R4AaABAg,"Invests heavily in big pharma & biotech companies, WHO 2nd biggest donor, talks of viruses worryingly accurate to covid, 4 years before it happens ???",4,2024-12-17T15:35:28Z
6Af6b_wyiwI,UgyUkRl5glWmV6u-4-F4AaABAg,"Bill Gates 2020: ""They called me a madman""",417,2020-03-21T17:18:30Z
6Af6b_wyiwI,UgyLZ-KB-ikpp_X9n_x4AaABAg,This is actually getting creepy now,991,2020-03-17T22:42:07Z
6Af6b_wyiwI,UgwhfA_ULq2c0YuYOY94AaABAg,"Video: 5 years old...

Comments: 5 hours ago...",801,2020-06-03T20:52:42Z
6Af6b_wyiwI,Ugzlk_TOQtMo3MwM98B4AaABAg,He is actually talking about COVID 19 and gates is a criminal and his involvement in COVID 19 pandemic.,4,2025-12-04T21:10:18Z
6Af6b_wyiwI,UgwlUcL7mZhyL_0twoN4AaABAg,"“I TOLD YOU!”
-Probably Bill Gates 2020.",629,2020-03-20T00:13:54Z
6Af6b_wyiwI,UgxZ4yGUTJrjUVKN0fd4AaABAg,"""If we start now...""  I'm guessing we didn't start.",791,2020-03-19T00:13:11Z
6Af6b_wyiwI,UgxTZrdq-gdC_Z5ql2B4AaABAg,"This should be on the Trending page lol, def wake up call.",853,2020-03-16T18:19:42Z
6Af6b_wyiwI,UgxSDh-PNYaQMX0STfl4AaABAg,Who is seeing it after COVID 19?,3,2024-05-04T15:50:28Z
6Af6b_wyiwI,Ugw12Ll2JjAwA7ZhzHF4AaABAg,Narrator: They were not ready,3,2025-03-08T04:52:15Z
6Af6b_wyiwI,UgxCqwOAbn2zjkrT8uN4AaABAg,The Youtube algorithm is getting a little bit too intelligent.,846,2020-04-15T02:43:59Z
6Af6b_wyiwI,UgwBH0bUNiU7WDPvxLF4AaABAg,Has this popped up in anyone else’s recommended right in the middle of a pandemic?,797,2020-03-17T22:07:54Z
6Af6b_wyiwI,UgxS6kAIPYXgwl0kGkJ4AaABAg,This aged terrifyingly well,609,2020-03-17T07:06:02Z
6Af6b_wyiwI,UgxZ3ASarOzW5YK8zlJ4AaABAg,"Question things, don’t conform.",3,2024-12-24T17:41:44Z
6Af6b_wyiwI,Ugzl7UFrRLrbxnG1MAZ4AaABAg,im watching this while my school is being quarantined for coronavirus,1657,2020-03-14T19:06:03Z
6Af6b_wyiwI,Ugzs7dWI-VeKEQyJqPx4AaABAg,Bill Gates is watching all this from this basement today. Ready to eat out of that bin,495,2020-03-21T22:42:30Z
6Af6b_wyiwI,Ugy9B-c1dDUK_fc2rYR4AaABAg,"we kept hitting ""Snooze"" on that wake-up call and now we're an hour late for work",665,2020-03-20T08:59:23Z
6Af6b_wyiwI,UgzxBWG_2nPMqR-oGPB4AaABAg,Who knew Dr Evil actually existed haha,4,2025-05-18T19:47:33Z
6Af6b_wyiwI,UgxSexLr5OC5HReASFt4AaABAg,"Apparently we have missed the ""wake up call"" he was talking about (five years ago).",820,2020-03-17T23:28:25Z
6Af6b_wyiwI,UgzXfnei-eFzPqA7iI94AaABAg,"Wow, this was recommended to me today. YouTube algorithm ain't playing.",603,2020-03-17T08:12:15Z
6Af6b_wyiwI,UgyU_y21X92cl1dSwid4AaABAg,"Gates: This video need more views.
Covid 19: You got it, Bill.",806,2020-03-24T13:07:48Z
6Af6b_wyiwI,Ugwi5b4PrsfGxByLXPp4AaABAg,How ironic,4,2025-11-27T14:47:31Z
6Af6b_wyiwI,UgwPpoKxeIRuEjFsmq14AaABAg,"""Gee, I wonder why this is being recommended to me in March of 2020.""",775,2020-03-24T00:19:28Z
6Af6b_wyiwI,Ugwdyh8mMRLwQbn6zXd4AaABAg,"""We're not ready"" - Bill Gates

Everyone: Technically we weren't but why?",766,2020-05-21T23:03:04Z
6Af6b_wyiwI,UgycoKYL3G8XRKswCYx4AaABAg,Turns out he was correct. Good luck everyone.,353,2020-03-07T23:31:59Z
6Af6b_wyiwI,Ugw0WU9YBYLXfOxIzNp4AaABAg,Watching this on 2026 😂😂😂,2,2026-01-02T22:59:45Z
6Af6b_wyiwI,UgzhSsK2v4mw90-NvYJ4AaABAg,Shouldn’t have ignored all those McAfee renewal pop ups...,522,2020-06-14T01:23:45Z
6Af6b_wyiwI,UgyMD8Z3bnHpj2rvk_x4AaABAg,There’s one guy here who actually searched for this and feels out of place...,569,2020-03-16T04:18:03Z
6Af6b_wyiwI,Ugy0zDjgkANe6tMu_jZ4AaABAg,"Those who watch this video in 2016: “inspiring but we will never know when it’ll happen, thanks youtube algorithm”
The same guys in 2020: “inspiring but its too late, thanks youtube algorithm”",613,2020-03-21T01:38:23Z
6Af6b_wyiwI,Ugxk4BRH1KN1vNi8-qx4AaABAg,"10 years old now but never old in this case!
That monstrum is planning consistantly new evils!
He'll kill the majority of us, only leaving behind what amount is needed to serve his cartel!
Hope we can see this clip still in 2035!",2,2025-10-06T14:46:18Z
6Af6b_wyiwI,UgzAoiUL9TktA0vLfAh4AaABAg,Sounds like he's talking about corona virus. We don't learn our lesson.  🤷🏾‍♂️,676,2020-03-11T19:40:06Z
6Af6b_wyiwI,UgyLDWNZmZA8GZN3nlh4AaABAg,"Narrator: ""but they didn't get ready""",594,2020-03-20T11:29:07Z
6Af6b_wyiwI,UgzKvXNwjzc1Nk5W2I54AaABAg,Everybody gangsta till he talks about a possible meteor destroying the earth.,1273,2020-11-18T01:22:29Z
6Af6b_wyiwI,UgyEr4dlGYaosQS_n8l4AaABAg,Watching this post covid is crazy..........,1,2025-10-02T21:34:40Z
6Af6b_wyiwI,Ugzvf2fGkXR1-KfL7DV4AaABAg,"Bill gates ""we need to be ready""
2020:  being ready was never an option",380,2020-03-05T08:51:59Z
6Af6b_wyiwI,UgxfRCtStchxHZx3IBZ4AaABAg,YouTube's recommendation is starting to scare me.,287,2020-03-19T19:15:37Z
6Af6b_wyiwI,Ugy-O7I6GeP8CgxreV14AaABAg,"Warning:


we started now, 5 years later, 5 years too late.",753,2020-04-03T07:40:41Z
6Af6b_wyiwI,UgyGtvLsUO-UvunGKXN4AaABAg,he gave the prediction for covid 19 before 5 years,2,2024-08-03T16:19:00Z
6Af6b_wyiwI,UgzKgVqDalepql64_lt4AaABAg,"I would love to see Bill Gates come out and say: ""I told you so."" Now that would be epic.",538,2020-03-14T19:20:25Z
6Af6b_wyiwI,UgxL--QKx4OHTp-rD914AaABAg,This guy with glasses has 2020 vision,440,2020-03-21T09:54:02Z
6Af6b_wyiwI,UgwOvTjef-yp7Jq6fcF4AaABAg,"“We’re not ready for the next epidemic”

You can say that again ...",515,2021-01-26T22:20:02Z
6Af6b_wyiwI,UgzdNIvW4AVRLHCqvdp4AaABAg,In 2024. HE KNEW !. the question is : HOW???,5,2024-12-22T13:47:33Z
6Af6b_wyiwI,UgwHDE3voV7adaeu6gd4AaABAg,"Okay I'm watching every ted talk now because who knows, it could save my life in 5 years",1289,2020-09-21T21:42:41Z
6Af6b_wyiwI,UgwPQ0iGvkn2R3DhcFp4AaABAg,"We’re not ready for another epidemic
COVID-19: *laughs in pandemic*",636,2020-03-28T23:37:55Z
6Af6b_wyiwI,UgyMxW7Qj-KzbuaUo3d4AaABAg,"Bill Gates: **gives TEDTalk 4 years ago**

All of the medical world:

COVID-19: Write that down. Write that down!",398,2020-03-17T04:35:03Z
6Af6b_wyiwI,Ugw2JjxAhcHoXPyOlZp4AaABAg,Crazy how all this happen after the outbreak.,1,2025-06-02T08:14:39Z
6Af6b_wyiwI,UgwMftymaB2TyPx6aq94AaABAg,pov: you're looking through the comments trying to find a comment before corona was a thing,384,2020-08-19T10:27:25Z
6Af6b_wyiwI,UgzUJgveZ70NqofuwZB4AaABAg,This is such a _bruh_ moment watching in 2020.,559,2020-07-27T12:25:45Z
6Af6b_wyiwI,Ugx-3lM4-ubBkKxOeTV4AaABAg,That has to be the most savage 'told you so' moment in history.,454,2020-03-22T20:22:31Z
6Af6b_wyiwI,UgzpUo3dy42ZRsa1zQV4AaABAg,What is the Covid-related mortality for non-elderly persons with no comorbidities???,2,2024-10-25T11:41:48Z
6Af6b_wyiwI,UgzFtjKEiKONuBj5HFl4AaABAg,I wonder what the comments were like before the coronavirus,464,2020-03-19T22:46:02Z
6Af6b_wyiwI,UgzA9-V8du44fy62pVR4AaABAg,"YouTube 2015: ""Hey Phil, remind me to put this in everyone's feed when the next pandemic happens.""

YouTube 2020: It's go time.",525,2020-03-15T12:26:00Z
6Af6b_wyiwI,UgyloDDL2e6hTmUOD1J4AaABAg,We had almost 5 years and we still weren’t ready,765,2020-03-17T22:48:30Z
6Af6b_wyiwI,UgwlYKEv_R5JU9QPAlx4AaABAg,Ye who smelt it dealt it!,4,2024-02-17T05:00:46Z
6Af6b_wyiwI,UgzQcfu8gd5F15eqw0h4AaABAg,"For the people who say why YouTube didn't recommend this 5 years ago :
BECAUSE YOU PROBABLY WOULDN'T HAVE WATCHED IT THEN .",860,2020-04-07T15:30:59Z
6Af6b_wyiwI,Ugy8dDFSvjZ8RIUcs4J4AaABAg,The biggest spoiler ever.,592,2020-06-17T20:59:07Z
6Af6b_wyiwI,Ugw_mgQgJ_ZJNq0ZCBd4AaABAg,"Bill Gates: ” If we start now, we can be ready for the next epidemic”

Narrator: ” *They were not ready* ”",792,2021-01-10T15:23:32Z
6Af6b_wyiwI,UgxAlfVO5F6DVK9yc6t4AaABAg,Is the full version of this speech not available any more? 👀,2,2023-09-24T01:18:42Z
6Af6b_wyiwI,Ugz_qGGqqBnWrrWUU1N4AaABAg,"Bill Gates: ""It didn't spread too much but the next time we won't be lucky enough""
Coronavirus: Yes boss, you are right.",1312,2020-03-19T06:44:12Z
6Af6b_wyiwI,Ugx9HR9E_IbVM-d3Z6B4AaABAg,"Bill Gates: If we start now, we will be ready.
Human Race: Toilet Rolls!!!",1008,2020-03-27T08:23:20Z
6Af6b_wyiwI,UgwvFBU0wF8e2r6LMd14AaABAg,Youtube algo: Lets make Bill Gates a Forecaster!!,262,2020-03-21T15:16:21Z
6Af6b_wyiwI,UgxSrmpKKpQI_pEv2dN4AaABAg,This guy has been creating viruses since 1995. 😳😳😳,3,2025-10-03T10:36:51Z
6Af6b_wyiwI,UgwLgFieTae1Zg5wdLd4AaABAg,This is like a sick joke of what could have been. Except we didn’t do anything he suggested.,1286,2020-03-23T01:58:10Z
6Af6b_wyiwI,UgzXmdksJGpEZgCndBB4AaABAg,"Thanks Bill Gates for predicting the future, this is some simpsons level predicting",255,2020-03-14T11:38:31Z
6Af6b_wyiwI,UgyZVGd4M_d_IbnUvkB4AaABAg,“They called me a mad man. They said that I was pushing my own paranoia onto the people. Now look at us.”,896,2020-03-18T15:12:29Z
6Af6b_wyiwI,UgxoGAzBJwCzTivz0-h4AaABAg,how tf he knew just a couple years ago?,3,2025-04-22T06:15:01Z
6Af6b_wyiwI,UgyWivKdD8iZAHc_S1l4AaABAg,5 years later: The next outbreak? We're not ready... 10 years later: The next outbreak? We're not here...,512,2020-02-01T18:16:45Z
6Af6b_wyiwI,UgwPhgv1vgpnCqSiqHF4AaABAg,It’s like as if he’s describing the coronavirus like damn billy,502,2020-03-19T14:16:08Z
6Af6b_wyiwI,UgyxLydnXdc9YXE0cw14AaABAg,"“We’re not ready”
*looks at low supply of toilet paper*",451,2020-03-18T04:57:50Z
6Af6b_wyiwI,UgymVA8QFmBOC6KMn1d4AaABAg,If we only knew that Covid was coming 😂,1,2024-07-21T18:44:22Z
6Af6b_wyiwI,Ugy870lHK9Y4qF8sSed4AaABAg,Sometimes you wonder if YouTube recommended is really just an algorithm...,540,2020-03-15T16:24:51Z
6Af6b_wyiwI,Ugzd44rBWmr5eEs8pL94AaABAg,"«You can have a virus where people feel well enough that they get on a plane» 

*Told you so intensifies*",323,2020-03-18T21:03:48Z
6Af6b_wyiwI,UgwIAlVolZmSrCdNXnR4AaABAg,"""he makes good points! we should be ready. ""
*everyone does nothing about it for the next 5 years**",665,2020-09-22T15:13:00Z
6Af6b_wyiwI,UgwWeGymPgAeAF64J-14AaABAg,Now think about this… think about this hard.,2,2024-09-08T17:24:54Z
6Af6b_wyiwI,UgyWd8xPakePOQhhc1N4AaABAg,"People in the audience like ""what is this dude talking about? tell us how to make money instead...""",453,2020-04-10T22:20:56Z
6Af6b_wyiwI,UgzFg0g9D5i4GXORjHN4AaABAg,"""If we start now, we can be ready for the next epidemic"" - said Bill and started to build his own bunker",501,2020-03-18T16:07:26Z
6Af6b_wyiwI,UgzHwbKqUGCEFe64tC14AaABAg,Other than “I told you so!” I wonder what else is he thinking.,298,2020-03-19T17:22:30Z
6Af6b_wyiwI,Ugz9SCUQuqa1YvyskHJ4AaABAg,"Reminds me of the game ""plague"".",1,2024-02-27T14:11:09Z
6Af6b_wyiwI,UgxcNg5areNnOfEySWV4AaABAg,"It’s confirmed, Bill gates is a time traveler.",927,2020-03-17T08:00:32Z
6Af6b_wyiwI,UgyF5TfmVnd_9Whladp4AaABAg,"Bill Gates: Ebola virus was a wakeup call.


COVID-19: Good night (:",524,2020-03-22T15:45:16Z
6Af6b_wyiwI,Ugy0_lrAbsdV_Rhw_Vh4AaABAg,"Bill Gates: The next outbreak? We’re not ready
Coronavirus 5 years later: yuP",406,2020-06-17T09:56:07Z
6Af6b_wyiwI,UgyKgUkxLdy_JanN1V94AaABAg,Saw this several years ago before Covid! Now i want to see comments after the pandemic. This man planned the Pandemic! 😡,2,2025-09-24T04:55:39Z
6Af6b_wyiwI,UgyL0m8hbjNJ9dhOY8R4AaABAg,"This video getting recommended to people now is Bill Gates saying, 'I Told You'.",279,2020-03-24T17:20:21Z
6Af6b_wyiwI,UgxTgmPCveIm4TBmpr14AaABAg,"1983: ""Shall we play a war game?""
2020: ""Shall we play a germ game?""",357,2020-09-13T20:39:03Z
6Af6b_wyiwI,Ugw6A2ymUjh6lZXedCh4AaABAg,Bill Gates spoiling 2020 for 8 minutes straight.,687,2020-07-08T07:19:12Z
6Af6b_wyiwI,UgzPrC7TE8lYbS72ns94AaABAg,after surviving Covid-19 i can say this guy was right 🙏🏻,3,2025-10-29T08:55:27Z
6Af6b_wyiwI,UgxLyLUyICHUQHxMC4B4AaABAg,Try finding a comment from 5 years ago. Good luck,730,2020-10-16T11:58:53Z
6Af6b_wyiwI,UgzPPwg-oSJ-EL6Dz7Z4AaABAg,When I clicked on this video I headed straight for the comments,854,2020-11-17T13:10:41Z
6Af6b_wyiwI,Ugy54HGLPfiP0X_Vip14AaABAg,"“There’s no need to start hoarding tins of spaghetti”...
Little did he know just how stupid people would get",540,2020-05-12T12:53:23Z
6Af6b_wyiwI,UgyVpP89lT1SWyf4fiJ4AaABAg,SPARS 2025 up next or…..😮‍💨😪🤔,3,2025-01-17T10:45:56Z
6Af6b_wyiwI,UgzVrhfYTB7eYGY17894AaABAg,Bill gates beat the Simpsons to the prediction,353,2020-05-11T23:43:49Z
6Af6b_wyiwI,Ugy83E1onMZ93L4D-fd4AaABAg,"This will go down in history as the biggest ""I told you so""",608,2020-04-01T23:34:27Z
6Af6b_wyiwI,UgwTsm20nPQiabbzeoB4AaABAg,"""If we start now, we can be ready for the next epidemic.""

...we weren't ready...",439,2020-03-04T12:51:07Z
6Af6b_wyiwI,UgzpAa54Oku6TnPwmuh4AaABAg,How did this dude know this before covid-19!?!?! 😮😮😮,2,2023-12-19T15:50:36Z
6Af6b_wyiwI,UgwBBNhD8f8OIqEJWYt4AaABAg,Legend says that barrel he brought on stage was full of toilet paper.,568,2020-03-21T12:58:27Z
6Af6b_wyiwI,Ugz_7CfWu3b2y64KXLl4AaABAg,"I would ask if anyone is watching in 2020, but everyone is anyway",615,2020-04-04T19:41:42Z
6Af6b_wyiwI,UgwkcqqbQVS_odr92754AaABAg,"Imagine Bill said, ""Told ya.""",354,2020-03-20T12:47:35Z
6Af6b_wyiwI,Ugx303N4gT0SGxVOP7t4AaABAg,防毒本來就不是防入侵... 重要資產只要裝防毒就安全的話資安公司都要失業啦,1,2025-08-14T02:02:55Z
6Af6b_wyiwI,UgwnmgqJt5ygiw_xM7h4AaABAg,"""You can have a virus where people feel well enough while they're infectious"" 
*Coronavirus has entered the chat*",281,2020-03-21T20:44:33Z
6Af6b_wyiwI,UgxY-GPFiwEu4BSoPVd4AaABAg,*Alright. I can’t be the only who just had this random recommendation*,1275,2020-04-14T01:46:22Z
6Af6b_wyiwI,UgxC5aEZal-_rgpA14x4AaABAg,"Bill: ""We are not ready for the next epidemic.""

(COVID-19 has entered the chat)",358,2020-03-20T22:23:05Z
6Af6b_wyiwI,UgzaVxsRT2kW5rzXr3x4AaABAg,"And he was absolutely right in the end, look what happened with the covid, in reality we were not prepared.",1,2024-08-23T04:10:44Z
6Af6b_wyiwI,Ugz4NX-2EqOk9JaOjbF4AaABAg,"""If we start now, we can be ready for the next epidemic.""

The Gang Catch an Epidemic",441,2020-03-14T16:12:45Z
6Af6b_wyiwI,UgzwQLBntkRugoNUNbJ4AaABAg,"""we're not ready for the next epidemic""




Oh thank god we have a pandemic",338,2020-03-16T14:38:24Z
6Af6b_wyiwI,Ugwgy1ixPdTvnwcu9Wp4AaABAg,Seriously can't find any comments that were before 2020.,412,2021-01-18T03:48:53Z
6Af6b_wyiwI,UgxQ55dAS5A96Zgv79N4AaABAg,I wonder why he said epidemic and not pandemic,1,2024-04-20T06:09:33Z
6Af6b_wyiwI,UgxJV-4EET7htMANzFJ4AaABAg,Everyone in the audience was not ready for this💀,277,2020-07-20T17:21:26Z
6Af6b_wyiwI,UgweT7s8dreS3CnmXd14AaABAg,"“Y-YOU DONT REALIZE IT, THAT YOUR ACTIONS HAVE CONSEQUENCES!”",829,2020-03-15T11:42:29Z
6Af6b_wyiwI,UgwQHNAgiRev1E_256R4AaABAg,Feels like a zombie apocalypse without the zombies.,648,2020-03-14T07:38:23Z
6Af6b_wyiwI,UgyS0sD3KpT_wbaTNSl4AaABAg,So you tried it 5 years ago 😡,3,2025-10-05T01:01:40Z
6Af6b_wyiwI,UgyWK4lVOjj0vRDkto14AaABAg,Youtube: Remember? I tried to warn you,259,2020-03-12T05:45:14Z
6Af6b_wyiwI,Ugz7yxVRQEfbNRytQsp4AaABAg,"Everyone back then: _meh_
Everyone now: *surprised Pikachu face*",438,2020-03-16T03:00:00Z
6Af6b_wyiwI,Ugzhb-S1nMK7y5rxw1F4AaABAg,"Bill Gates sitting at home like:
I gave you a head start",374,2020-03-20T00:15:53Z
6Af6b_wyiwI,Ugwgan1Fhx9SbSNup654AaABAg,Recommend after 10 yrs..,3,2025-05-22T07:24:09Z
6Af6b_wyiwI,UgybJV84AUu1YRgQzEB4AaABAg,"2015 - ""Nah, the only Virus this man knows about is for Windows.""
2020 - ""Wait a second....""",302,2020-03-24T10:17:33Z
6Af6b_wyiwI,UgzISr_b-IqvqUhZGnR4AaABAg,Who’s here after YouTube Recommendations?...not sure what’s REALLY going on but I see what your doing here YouTube.,704,2020-02-06T03:19:34Z
6Af6b_wyiwI,Ugzx99M-Sr_cHXcWarV4AaABAg,"""The Next Outbreak? We are not ready"", yet here we are, definitely not ready.",330,2020-03-23T02:47:05Z
6Af6b_wyiwI,Ugy5CENC8RefwmsnNWF4AaABAg,😂 spoiler alert we weren't so lucky......we weren't prepared,1,2025-04-30T18:41:02Z
6Af6b_wyiwI,UgzqaOuZoKxiYKU_Ez14AaABAg,"“Don’t worry it will never happen”

-Me in 2016",392,2020-05-27T21:06:08Z
6Af6b_wyiwI,Ugw6XrZm1AggyTO20RR4AaABAg,Who else watching this in Quarantine 😐😐,846,2020-03-21T18:44:37Z
6Af6b_wyiwI,Ugzpk6msXoFh2mLmIyB4AaABAg,Conclusion: We were not ready.,495,2020-03-19T01:09:25Z
6Af6b_wyiwI,UgxkTRsj8KNDG-hxawh4AaABAg,What are the odds that all major epidemics or pandemics will result from bioterrorism?,3,2024-08-15T11:24:23Z
6Af6b_wyiwI,Ugx_wwGcp5uiUdYFt6R4AaABAg,Who's watching this in quarantine?,4330,2020-03-20T22:36:57Z
6Af6b_wyiwI,UgzNkW3dZPgC1XthJTV4AaABAg,"“There’s no need to panic. We don’t have to hoard cans of spaghetti…”   
…just make sure you have plenty of toilet paper.",560,2021-07-14T04:19:42Z
6Af6b_wyiwI,Ugwh3XQmUtju-bvATjl4AaABAg,"The movie Contagion was a public service announcement, packaged as a sugar-coated Hollywood movie pill",330,2020-03-01T03:40:20Z
6Af6b_wyiwI,Ugwxdb32hpgI21HHhll4AaABAg,It's like he saw coronavirus coming,2,2024-04-16T16:42:30Z
6Af6b_wyiwI,Ugx_Cc2rJkVxK0A-b814AaABAg,I guess youtube should add a feature of oldest comments first,615,2021-03-30T07:09:44Z
6Af6b_wyiwI,UgyeiH1aUI4fbr_WrSB4AaABAg,"I'm here just to edit the score
Germs : 2 , People : 0",283,2020-03-19T18:03:07Z
6Af6b_wyiwI,UgzMzAe4c83Z37Y2vhN4AaABAg,"“If we start now, we can ready for the next epidemic”
Covid-19: y’all humans don’t listen do u?",508,2020-03-04T03:22:09Z
6Af6b_wyiwI,UgwEam7yaNSoQJor1Wh4AaABAg,"TED talk
2010.02.21.
Innovation to
zero!",1,2024-04-14T12:56:55Z
6Af6b_wyiwI,UgxS-rB7ab-1pZ4hdy54AaABAg,"""If we start now, we could be ready for the next epidemic."" 

God damnit why didn't we start.",251,2020-03-13T17:01:51Z
6Af6b_wyiwI,UgxjP948zb7LY1AFQ8d4AaABAg,"“We are not ready for the next pandemic.”

We really got jinxed haven’t we.",353,2020-03-27T09:33:41Z
6Af6b_wyiwI,Ugx3PlxFERb3AKKBC4Z4AaABAg,How far down in the comments do we go before we find the first one who says Bill Gates is wrong?,294,2020-03-18T23:28:46Z
6Af6b_wyiwI,UgyINMdD4DiXtMtSqVh4AaABAg,Evil.,3,2025-09-16T04:18:01Z
6Af6b_wyiwI,UgyQlTOOvGwU1-tOjL14AaABAg,In 2040. Everyone running from terminators will look at Elon Musk's warning about unregulated Ai development the same way we look at Bill's Ted talk today.,556,2020-03-19T01:20:28Z
6Af6b_wyiwI,Ugzwao02KYn71Jtrbl54AaABAg,This just got recommend after outbreak was recommended on Netflix.,301,2020-03-21T01:16:25Z
6Af6b_wyiwI,UgwDv-ZqglpVMn1Sj9x4AaABAg,"4 years passed 
YouTube: ever heard about bill gates talking about a pandemic?
Corona: How does he know?",769,2020-03-20T18:31:27Z
6Af6b_wyiwI,UgwAClr7phU0KcBDg3t4AaABAg,2025???,4,2025-03-07T22:37:35Z
6Af6b_wyiwI,UgwRsvq5wt-F-TuNUKZ4AaABAg,"Oh the irony....

As South park global warming episode said "" we didn't listen"".",360,2020-03-17T03:11:00Z
6Af6b_wyiwI,UgybMcTKfbpM47U4PIF4AaABAg,We never got ready....and here we are today in quarantine.,362,2020-03-19T00:21:09Z
6Af6b_wyiwI,Ugzp1qg46he-b7JIYfZ4AaABAg,The powers that be are straight up just laughing at us and having a joke with this video recommendation.. 😬,406,2020-03-06T01:25:44Z
6Af6b_wyiwI,UgyDzwb4X3rRkfg8f1B4AaABAg,damn were lucky that covid wasnt as deadly as ebola,2,2024-01-15T16:53:47Z
6Af6b_wyiwI,Ugy6tpQoGp--VNKCFhJ4AaABAg,I want to know how the people from the audience feel now. Do they even remember the presentation?,309,2020-03-21T02:04:58Z
6Af6b_wyiwI,UgzAF9Lg8AGQtBFQyFR4AaABAg,"2015: never heard of or watched this video
2020: coronavirus, YouTube thinks it's feed is funny",303,2020-04-02T19:39:13Z
6Af6b_wyiwI,UgwyUxR7xsYAJdaV6294AaABAg,Bill's probably sitting in his home watching the news and shaking his head,429,2020-03-31T14:19:29Z
6Af6b_wyiwI,UgybioYkNqQBe8l1rdV4AaABAg,Pure evil,36,2023-12-06T08:06:08Z
6Af6b_wyiwI,UgzkdEdko8kj8oSOlv54AaABAg,"This prolly won’t happen, let’s go on with our day 

Everyone: 2015",354,2021-01-19T06:29:47Z
6Af6b_wyiwI,Ugw7YCXheFr9SaoxJtt4AaABAg,"Bill Gates: time isn't on our side
COVID19: approved",458,2021-01-21T13:16:44Z
6Af6b_wyiwI,Ugyji14u0XaYRVPgKSh4AaABAg,"Brothers and sisters we've been reunited again by youtube recomendation, Cheers!",314,2020-02-12T04:54:58Z
6Af6b_wyiwI,UgwGupZkIJ5v4K2NpaN4AaABAg,"December 13, 2024 HAHAHHHA.",1,2024-12-13T14:48:00Z
6Af6b_wyiwI,UgxHV_n5ydD3cCKaDTt4AaABAg,This video is basically Bill Gates saying: _I told you so_,240,2020-03-22T15:44:25Z
6Af6b_wyiwI,UgyPBAV8Ual8K7Fx68h4AaABAg,It was the year 2015. Mr. Gates was talking about this 5 years ago.,524,2020-03-25T20:47:27Z
6Af6b_wyiwI,UgziOvnA98vuBuBWKop4AaABAg,"""...if we start now, we can be ready for the next epidemic.""

Arrested Development narrator: ""They did not start now.""",241,2020-07-25T18:48:38Z
6Af6b_wyiwI,UgyxRPkIcm70FVtBPTF4AaABAg,I'm pretty sure his company was the one doing the studies on the ebola outbreak,1,2024-11-14T07:26:41Z
6Af6b_wyiwI,UgyPnNM35GVfzSEnTZx4AaABAg,Why didn’t YouTube recommended this to me 5 years ago?,389,2020-08-12T04:25:17Z
6Af6b_wyiwI,Ugxp0EQjadFny5fx5dN4AaABAg,Politicians asleep at the switch.,305,2020-03-19T21:41:45Z
6Af6b_wyiwI,UgwYchw3X-hiDH-pvst4AaABAg,Absolutely no one in March 2020 searched for this on their own,306,2020-03-14T00:30:01Z
6Af6b_wyiwI,UgzNMB97NnPMLO2tgAx4AaABAg,Bruh I think it was Covid 19 until see the date😂😂😂,0,2025-09-14T11:03:53Z
6Af6b_wyiwI,UgwVaogL3V6VR8hhgdN4AaABAg,"When the founder of Microsoft says this, you better believe him. He knows about viruses.",348,2020-03-19T21:23:21Z
6Af6b_wyiwI,Ugwcn65eecnpl8g_U9x4AaABAg,No wonder this guy is a genius. It's like Dr. Strange calling for an Endgame 4 years ago.,326,2020-03-17T18:30:32Z
6Af6b_wyiwI,Ugzk94YbxK_DfJyp4dl4AaABAg,"that smile in the end...""i know nobody will listen, I know we will get fucked soon""",303,2021-03-08T22:49:26Z
6Af6b_wyiwI,UgwG5r7kUuLIiuslwCp4AaABAg,9 yrs ago and still havent get ready yet,0,2024-09-18T15:42:01Z
6Af6b_wyiwI,UgwwJEY5C3Ela9iqfrF4AaABAg,"Me watching This 4 years ago: c'mon Bill lets go for a beer.
Me watching This now: Wait",490,2020-04-11T23:40:13Z
6Af6b_wyiwI,UgxEF4oT9LE-NuTfsgJ4AaABAg,this aged beautifully,277,2020-03-19T07:01:55Z
6Af6b_wyiwI,Ugy-ShH9hFrCnpxR2f94AaABAg,"YouTube should ad a ''Sort by old'' button, I really wanna see what people said about this 5 years ago.",375,2020-04-01T20:26:27Z
6Af6b_wyiwI,UgzAI_XTJLVZKpaA6454AaABAg,FRAUD,3,2025-06-22T19:54:50Z
6Af6b_wyiwI,UgyMEIZA90IzYrlgQE14AaABAg,The wake up call came. Humans hit the snooze button for 5 more years.,469,2020-03-23T05:39:59Z
6Af6b_wyiwI,UgwVbtyQcCRfWHseSfN4AaABAg,"Bill gates in 2015 "" next time we might not be lucky ""
2020:  "" you should have listened""",250,2020-03-27T15:54:58Z
6Af6b_wyiwI,Ugyz-3PE8_04-uYEoUx4AaABAg,"""people could feel well enough to get on a plane""
People with Corona virus: hold my beer",244,2020-03-15T15:47:06Z
6Af6b_wyiwI,UgxsZP0NnluUNPKCC9N4AaABAg,Not me seeing this in 2025,1,2025-08-29T17:16:05Z
6Af6b_wyiwI,UgyMNQKhq40hT5da4nt4AaABAg,challenge:  find a comment that isn't from 2020,432,2020-06-26T01:02:18Z
6Af6b_wyiwI,UgxZXbVLM-S9aJ-tUlx4AaABAg,"*rolls down window
""WE DIDN'T LISTEN!!""",297,2020-03-22T15:26:11Z
6Af6b_wyiwI,UgyVsEXmD6loLsHydjF4AaABAg,"Me : Lets just waste our time in self isolation while browsing youtube, 
Youtube Algorithm : Here's a warning from 5 years ago from microsoft CEO",278,2020-03-19T14:56:30Z
6Af6b_wyiwI,Ugyj4H0Nk-cyEK2e-GF4AaABAg,Moral: The summarisation of virus🙄,1,2024-08-27T12:31:53Z
6Af6b_wyiwI,UgzvEbOnXN22qlI7f9d4AaABAg,"No, we don't need to hoard cans of spaghetti, *but we are hoarding packages of Toilet paper.*",346,2020-03-23T12:53:02Z
6Af6b_wyiwI,UgwrPVKLGpdrHRA8uLZ4AaABAg,"the worst ""I told you"" we will ever  see in our lives",314,2020-03-24T01:40:18Z
6Af6b_wyiwI,Ugzn08ZSzkVuz7qdLqh4AaABAg,"""People feel well enough, while infectious, that they get on a plane.""

🤦‍♂️",359,2020-04-06T22:35:02Z
6Af6b_wyiwI,UgyqpXItvwpWRUsT29J4AaABAg,what is a system?,1,2024-12-15T23:12:57Z
6Af6b_wyiwI,UgxrJPZNT0UIQ4zr2ch4AaABAg,He said everything a corona virus is.,550,2020-02-06T13:42:34Z
6Af6b_wyiwI,UgwLCitimCDCIGDLYlt4AaABAg,"Bill Gates: If we start now, we will be ready.
People: YEAH YEAH!!
2015-2020: nobody actually prepared except for enlightened people.",279,2020-03-26T11:29:13Z
6Af6b_wyiwI,Ugwez-5erhlL9C7-HYV4AaABAg,"Now I knew why this guy is so rich, he is a time traveller",318,2020-03-17T06:39:32Z
6Af6b_wyiwI,UgzD1MU_BdDUcWYIpbl4AaABAg,who's watching this after corona-19 ?? lmao,0,2023-09-17T00:04:02Z
6Af6b_wyiwI,UgyhzYOMXFbRtN-BIdN4AaABAg,Why It Was Not Recommended Earlier YouTube  ?,392,2020-04-16T13:15:42Z
6Af6b_wyiwI,UgwZZv8AzDmJc75Q3RZ4AaABAg,"-""We're not ready for the next epidemic ""
-*world gets PANDEMIC*",276,2020-03-22T13:25:18Z
6Af6b_wyiwI,UgzE4_SMhRa9IxeOTbV4AaABAg,Who's here in 2020 at home not doing home school...,250,2020-03-19T21:55:47Z
6Af6b_wyiwI,UgzP1qpvgZHQVMsVCbB4AaABAg,Watching this in 2025. This should be another warning. I bet you. There’ll be another virus,3,2025-08-19T05:18:20Z
6Af6b_wyiwI,UgyoppDih7ouxYVDPkx4AaABAg,Score update: Germs 2 - Humans 0,261,2020-03-22T07:32:38Z
6Af6b_wyiwI,Ugzec9aLeqOTB_fvLvV4AaABAg,"2015: Gates told us about the exam and we said it's too far away
2019: Gates gave us a mock exam called Event 201 and we didn't study
2020: All of us fail the exam...",240,2020-03-21T07:23:33Z
6Af6b_wyiwI,Ugz0lNocV5VAwzduemd4AaABAg,Can we give credits to the person who made that presentation? Looks so good.,306,2020-03-20T10:22:10Z
6Af6b_wyiwI,UgxvwcOdwRJxovJV8BZ4AaABAg,Time stamp?,0,2025-05-28T23:56:56Z
6Af6b_wyiwI,UgyLMBmX7i-ePlsvj7p4AaABAg,"Bill Gates, sitting at home: “Called it!”",252,2020-05-03T23:55:47Z
6Af6b_wyiwI,Ugz_e9j0heM3UzioEnx4AaABAg,just watched this in 2024.  Spot on.,2,2024-06-05T00:51:24Z
6Af6b_wyiwI,UgxKpQVVO794_z0hea14AaABAg,Yeah the next manmade epidemic,3,2025-06-01T18:42:47Z
6Af6b_wyiwI,Ugxco5GrNYinZWrC1M14AaABAg,It really gives me goose bumps after this whole COVID time...,1,2024-07-30T12:34:40Z
6Af6b_wyiwI,UgzUM0K75ozuCp0NrU94AaABAg,Lol this man funded this and went to ted talk it will happen,5,2025-02-06T10:19:21Z
6Af6b_wyiwI,UgzTenPBH_388pVjfEx4AaABAg,So what if we not ready for next virus!!!!!,1,2024-11-27T20:29:26Z
6Af6b_wyiwI,UgxnPAzi7lYT21bUu214AaABAg,How does this guy looks the same 10 years later?,2,2025-02-05T21:24:49Z
6Af6b_wyiwI,Ugyv-x57OzVeaAeR0bp4AaABAg,He is a whole DEMON! YOU'RE sitting here listening to him tell exactly what he & others released upon the globe at the end of 2019 that became a THING! That THING19 lead to the deaths of thousands of innocent people including children and infants. Three years bound in the holding of fear mongering to nations. Now research him after 🙏🏾🙏🏾🙏🏾🙏🏾🙏🏾🙏🏾🙏🏾 so you'll have the spiritual means to decipher,1,2025-09-17T13:55:20Z
6Af6b_wyiwI,Ugxi0p9U-yCA77saykd4AaABAg,We were indeed not ready,1,2024-07-24T19:35:54Z
6Af6b_wyiwI,UgxlZOb0y5BLkprZaC54AaABAg,"Can anybody answer, what was the tone of the speaker (Bill Get)",0,2025-06-07T10:26:30Z
6Af6b_wyiwI,UgzEZIChEiHOPWkM_aF4AaABAg,Who is watching 2025😅,2,2025-08-18T17:49:39Z
6Af6b_wyiwI,Ugxdnd8GEvbqFXv2Hmp4AaABAg,me waiting for klaus schwab ted talk after seeing this,0,2024-05-24T23:08:06Z
6Af6b_wyiwI,UgwF6vuRXljpIVS-Wfd4AaABAg,Man in Seattle has been fight virus since MSDOS.,1,2025-09-13T21:21:29Z
6Af6b_wyiwI,Ugx9KIfaAdWkho2p-U14AaABAg,crazy to look back in retrospect that this was over 10 years ago and the start of covid was 6 years ago,0,2025-10-18T16:03:43Z
6Af6b_wyiwI,Ugz24gOX3lgdktBy2Wh4AaABAg,"He is right to be honest, A decade later and we have AI",1,2025-09-05T20:29:14Z
6Af6b_wyiwI,Ugw5x2WPbzlaEuj9wfZ4AaABAg,or maybe he's is the one making them,3,2024-12-24T23:48:04Z
6Af6b_wyiwI,UgzuVO_IeboPSCm7paJ4AaABAg,This man predicted covid before it came 😮😮,2,2024-08-20T04:39:39Z
6Af6b_wyiwI,UgykwGdpHBHEQe2vWE94AaABAg,Yes... I already had a mind when those things happened... 🤣🤣🤣🤣,0,2025-09-30T11:42:23Z
6Af6b_wyiwI,UgxoS34ZLt4gaug-gjV4AaABAg,Por alguna razon metafisica ellos siempre revelan lo que van a hacer ..,0,2026-01-19T18:19:19Z
6Af6b_wyiwI,UgxPAlyb4V9Q-B12h5F4AaABAg,Próxima? E teve alguma antes?,1,2025-02-23T11:50:50Z
6Af6b_wyiwI,Ugwavzoo-eeUMC_o6hd4AaABAg,Bill Gates in end of 2019- begin of 2023: See? I told you 🙂,0,2023-08-24T15:49:13Z
6Af6b_wyiwI,UgzDa_CZgEx3ktZ-C9Z4AaABAg,He figured out  the covid pandemic accurately,1,2025-05-13T12:22:48Z
6Af6b_wyiwI,UgzWEcEWW56KDZkaSR54AaABAg,"When was this video shot, i.e. date?  TED couldn't be bothered to insert a date, and god forbid, location.",1,2024-03-03T14:37:26Z
6Af6b_wyiwI,UgwxU_iBxg2lk8qpLB14AaABAg,"I didn't know Bill could predict when the next pandemic would be, given that he has no medical degree...

What are the chances? 🤔",4,2024-11-08T03:16:32Z
6Af6b_wyiwI,Ugzlu4JFOO0BEG0k9gV4AaABAg,Here in 2025 it's already to late😢,1,2025-07-15T01:35:05Z
6Af6b_wyiwI,Ugwoe2BN7zSKBVOQfFV4AaABAg,"Now I look back, he actually talk about COVID-19. Thanks God I'm still survive. My condolences to those not did it.",1,2025-12-03T14:44:35Z
6Af6b_wyiwI,UgxV7VW6WHReJZerQTZ4AaABAg,I saw this video 8 years ago 😩,0,2025-11-18T09:19:38Z
6Af6b_wyiwI,Ugwrgq6FOOkCWTaxu4h4AaABAg,"Germs 2, people 0 🗿",0,2024-05-08T09:22:51Z
6Af6b_wyiwI,UgxWonWVvirKTa-13Tp4AaABAg,and then we weren't ready for covid...,1,2024-01-30T17:26:02Z
6Af6b_wyiwI,UgyvxENktA5YgRyc_894AaABAg,Only got like 7 million in the end,1,2025-09-25T12:59:59Z
6Af6b_wyiwI,UgyTH4hArabKRL-cRi54AaABAg,“They called me a mad man. They said that I was pushing my own paranoia onto the people. Now look at us.”,1,2025-09-17T06:17:04Z
6Af6b_wyiwI,UgwIaGu7ekwL63y300N4AaABAg,"They basically told yoi their depopultaion and control plan😁thats called predictive programming, they say what they do even if they will kill, the trick is they have to tell it and if we know that and do nothing-thats our own fault:))",67,2023-11-25T13:08:14Z
6Af6b_wyiwI,UgxYIAMl0q_5ZA1TTGh4AaABAg,Growing up of course looking at Roswell New Mexico Jesus in the videos,1,2025-11-08T22:09:43Z
6Af6b_wyiwI,UgzTYSg4hUMThv2is294AaABAg,É muito louco ver esse vídeo agora em 2024 e saber que ele foi gravado em 2015 e sugeriu algo que acabou acontecendo de verdade em 2020,0,2024-10-03T03:00:02Z
6Af6b_wyiwI,Ugy4P1fLckzVAF-ycfl4AaABAg,"Hm. 2015 reALLY? , reALLY?! This is very very telling.",0,2026-01-16T04:55:55Z
6Af6b_wyiwI,UgzVdYbAGL70TZmetBF4AaABAg,"""I told you""",3,2024-06-14T06:50:51Z
6Af6b_wyiwI,UgxiYrtYqEbJUuFRN2R4AaABAg,So we were not ready for the pandemic even tho they rushed with an experimental vaccine while the data wasn’t accurate? Is it what he’s saying?,1,2025-08-01T12:44:47Z
6Af6b_wyiwI,UgzjsfOS_xnF8YvYA-54AaABAg,"He needs to be invited in 2024, for a Follow up talk on the same Topic.",1,2024-07-05T11:04:31Z
6Af6b_wyiwI,UgzuOIWpKNPJcTMfad94AaABAg,Narrator: It is 2024 and they are still not ready.,1,2024-08-16T14:33:24Z
6Af6b_wyiwI,UgzZ7cUsXIFfgXOYcoJ4AaABAg,"Five years after this speech, COVID-19 had claimed 7 million lives worldwide.",4,2025-01-05T17:31:40Z
6Af6b_wyiwI,UgwT_aOIAKNc0YrAmd94AaABAg,"Hvala na podršci zdravlje je najvažnije.,",0,2024-06-01T16:29:26Z
6Af6b_wyiwI,UgwjjFL4ll_aBzUWTTp4AaABAg,🎉,1,2026-01-18T15:38:10Z
6Af6b_wyiwI,UgxuXfoVMVzVsiQx0Bl4AaABAg,Agent of Satan,4,2025-06-08T13:33:43Z
6Af6b_wyiwI,Ugy6VxuWdsr1ZAy-J514AaABAg,"What if COVID was a ""germ game""?",1,2025-08-10T06:58:20Z
6Af6b_wyiwI,UgyIOjgkEGdHi8nNZ654AaABAg,Gates saw the future with windows 16!,1,2024-11-16T14:25:52Z
6Af6b_wyiwI,Ugy3OTkSiR8MDDnBwc54AaABAg,And your human chip ist also dead Mr president ✨🎁🎳🧧,1,2025-11-20T19:34:08Z
6Af6b_wyiwI,UgxkZjGDtwywFAx99E94AaABAg,Damn this is a creepy accurate prediction.,0,2024-03-01T10:36:00Z
6Af6b_wyiwI,UgwrSXUB_ltUtQkFHf94AaABAg,"Why is this guy talking about virus?
He has NOT phd in medicine  neither is a doctor",5,2024-01-29T12:18:34Z
6Af6b_wyiwI,Ugwj-ti0M0bM7bMTIQx4AaABAg,Am watching this December 2024... too late,1,2024-12-22T18:45:40Z
6Af6b_wyiwI,Ugyq1tutwVn0U9t_iJZ4AaABAg,"and you know what ? after the lesson of the covid, we don't learnt nothing are not ready yet for the next outbreak...",0,2023-11-22T09:23:57Z
6Af6b_wyiwI,Ugyg_jC59D0Z9HXddUd4AaABAg,"It's odd who he used the movie, ""Contagion"", because that movie reminded me of COVID-19. Bill Gates is a ""mad scientist"", ""pinky and the brain"" type of person, seeking to take over the world. Sometimes our smarts can make us become pretty evil.",0,2026-01-11T15:40:55Z
6Af6b_wyiwI,Ugw2aqGJnSZZr61pKnF4AaABAg,We weren't ready,0,2023-10-24T02:22:42Z
6Af6b_wyiwI,Ugx_YcMHQZfYNe_RWr94AaABAg,"This guy is a real hoot.   
He's creating Ai which will kill us all..he's a bad guy in my eyes",1,2025-08-22T00:27:40Z
6Af6b_wyiwI,UgxfsMvR0fWzAM2LaRJ4AaABAg,Why a computer guy advocating vaccine??? Why??? Coz he the one created the vrus and made money same time meeting his goal to depopulate the world.,1,2025-11-15T22:03:25Z
6Af6b_wyiwI,UgzdrHEUhU88tJGtkgl4AaABAg,"outbreak is always there, what's the next one",0,2025-02-20T12:12:41Z
6Af6b_wyiwI,Ugz-Es2OtK45z6E3Yy14AaABAg,"Mr. Gates, do you have the door to bills? Calulations are always difficult. Katja from Slovenia",0,2024-11-18T05:06:30Z
6Af6b_wyiwI,Ugzx5OmmXhPKjB7wgRd4AaABAg,Aku gak pernah liat semuanya,0,2024-06-28T03:29:53Z
6Af6b_wyiwI,UgyX0g4Fdl6-7ec0WR94AaABAg,Watching from Uganda,1,2025-11-24T17:46:02Z
6Af6b_wyiwI,Ugw29dP-kYrWJalDOAd4AaABAg,When I listened this video already I feel afraid which said about  outbreak. An outbreak is the occurrence of more cases of a disease in an area than expected. It can refer to a disease that has a high impact and can range from a small outbreak to a pandemic,0,2025-08-19T14:38:38Z
6Af6b_wyiwI,UgxmVTOOKdvCN1eDpTF4AaABAg,"Trust me, This video is 9 years old. yes, way before corona.",0,2025-01-04T09:09:31Z
6Af6b_wyiwI,UgzoeFPeI-UBb3Kv3zN4AaABAg,Ti obitelji nećeš ostaviti ništa pa kad lova nije tvoja 😂,1,2025-05-12T20:33:17Z
6Af6b_wyiwI,UgxfCL3IachHg235dsB4AaABAg,THE DEVIL I KNEW THIS FROM 2006,1,2024-11-12T12:06:01Z
6Af6b_wyiwI,Ugz0XLvErcGO2pXT_Rx4AaABAg,He still cannot answer a simple question: What is the Covid-related mortality for non-elderly persons with no comorbidities?,1,2025-10-21T12:55:39Z
6Af6b_wyiwI,Ugzm1Vb4-hMzfnRWWJF4AaABAg,This is DJ114 thus my battle buddy phone,0,2024-06-08T13:44:42Z
6Af6b_wyiwI,UgyWajjohRvEX8RKz9l4AaABAg,"outbreak (전쟁·사고·질병 등의) 발생[발발]

1. 0:17 kid 0:18 the disaster 0:19 
When I was a kid, the disaster we worried about most was a nuclear war.
더 디재스터 우이 워리더바웃 모스트 
제가 어렸을 때 우리가 가장 걱정했던 재난은 핵 전쟁이었습니다.

2. 0:23 0:25 basement 0:26 filled 0:27 
That's why we had a barrel like this down in our basement filled with cans of food and water.
따운으날 베이스먼ㅌ 삘욷 캔서 뿌욷 앤 워럴
그래서 우리 지하실에는 이렇게 음식 통조림들과 물로 채워진 원통들이 있었습니다.
ㆍㆍㆍ
barrel 대형 통(목재, 금속), 한 통의 양; 배럴(석유 단위로 120~159리터)
our 오얼, 아우얼, 알, 아우어, 아

3. 0:30 we 0:31 0:32 hunker 0:33 and 0:34 0:35 
When the nuclear attack came, we were supposed to go downstairs, hunker down, and eat out of that barrel.
웬너 뉴클리어 어태케임, 위월 서포스투 꼬우다운 스테얼스, 헝컬다운 앤 이다우러 댓 빼럴.
핵 공격을 당했을 때 아래층으로 내려가 쪼그려 앉아서 원통 안의 것을 꺼내 먹는 것이지요.
ㆍㆍㆍ
hunker 쭈그리고 앉다, 몸을 구부리다 ((down))
hunker down 쪼그리고 앉다 (=squat)
eat out of ~에서 먹다

4. 0:37 0:39 
Today the greatest risk of global catastrophe doesn't look like this.
글로벌 커태스트러피
오늘날 세계적인 재앙의 최대 위험은 이렇게 생긴 것이 아닙니다.
ㆍㆍㆍ
catastrophe 캐터스트러피, 캐타스트러피(삐). 재앙, 참사, / (큰) 불행, 불운, 재난; 대실패; 파멸, 파국,/ (지질) 지각의 대변동, 격변
5. 0:44 

6. 0:48 and 0:52 it's 0:53 0:54 to be 0:55 0:56 
If anything kills over 10 million people in the next few decades, it's most likely to be a highly infectious virus rather than a war.
앞으로 몇 십년간 만약 무엇인가 천만명이 넘는 사람들을 죽인다면, 그것은 아마도 전쟁이 아니라 매우 전염성이 강한 바이러스일 겁니다.

7. 0:59 1:00 1:01 
Not missiles but microbes.
낫 미슬스 벗 마이크롭스
미사일이 아니고 미생물일 것입니다.
microbe 미생물(微生物)

8. 1:03 is that 1:05 we 1:06 1:07 
Now part of the reason for this is that we've invested a huge amount in nuclear deterrents.
위이빈베스티더 휴지 마운ㅌ 인 뉴클리어 디터런츠
그 이유 중의 하나는 우리가 막대한 양을 핵 억제력에 투자했다는 것입니다.
ㆍㆍㆍ
deterrent 디터런트(미), 디테런트(영). 
명. 제지하는 것 /(전쟁) 억지력, 억제력 /방해물
형. 방해하는, 제지하는, 전쟁 억지의

9. 1:10 1:12 1:13 
But we've actually invested very little in a system to stop an epidemic.
위브 액츄얼리 인베스틷 베리리를 인어 시스텀드 스타펀 에피데믹
ㆍㆍㆍ
epidemic 유행병, 유행성 (전염병), 
pandemic 전국[전 세계]적인 유행병
endemic 지방병, 풍토병

10. 1:16 for 1:17 
We're not ready for the next epidemic.
월낫 뤠디 뽀더 넥스트에피데믹
11. 1:19 1:20 
Let's look at Ebola.
렛츠 루께러볼라
에볼라의 경우를 살펴봅시다.
12. 1:21 1:24 lots 1:25 1:26
I'm sure all of you read about it in the newspaper, lots of tough challenges.
인너 뉴스페이퍼, 랏처브 탑 챌린저스
여러분 모두 에볼라에 대해 신문에서 읽어보셨을 겁니다. 매우 힘든 문제였습니다.

13. 1:27 1:28  1:29 1:30 1:32 
I followed it carefully through the case analysis tools we use to track polio eradication.
(저스) 아이 빨로릿 케어쁠리 뚜루디 어 케이서 날러시스 투울스 위유즈투우 트랙 폴리오 어뤠디케이션.
저는 소아마비 퇴치를 추적할 때 사용하는 사례 분석 도구를 통해 유심히 따라가며 살펴보았습니다.
ㆍㆍㆍ
polio 폴리오. 소아마비
= poliomyelitis 폴리오마이(어)라이리스, ~ 마이어 라이티스
eradication 이래디케이션. [U] 근절, 박멸; 소거

😵14. 1:35 the 1:37 that 1:40 1:41 the problem 1:42 
And as you look at what went on, the problem wasn't that their was a system that didn't work well enough, the problem was that we didn't have a system at all.
땟띠든 월 끄웰이나압, 
무슨 일이 있었는지 여러분이 보시다시피, 효과가 없는 시스템이 문제가 아니라, 문제는 우리에게 시스템 자체가 없었던 것이었습니다.

15. 1:46 
In fact there are some pretty obvious key missing pieces.
인팩테얼 썸 프리리 아비어스 
사실상 꽤 명백하고 중요한 빠져있는 단서들이 있습니다.

16. 1:50 1:54 see 1:56 
We didn't have a group of epidemiologists ready to go, who would've gone, seen what the disease was, seen how far it spread.
우리에게는 한 발자국 나아가서, 질병이 무엇이었는지 알 수 있었던, 그것이 얼마나 퍼졌는지 볼 수 있는 전염병학자들이 준비되지 않았었습니다.
.",2,2024-01-16T10:23:38Z
6Af6b_wyiwI,UgwEnOTiHXb8H6MAImJ4AaABAg,I like your style Sir and have read a few book that you enjoyed.😊,0,2024-08-17T00:16:09Z
6Af6b_wyiwI,UgxzlKzxgSxgj-mAJJZ4AaABAg,This man knew what he was predicting fr,1,2023-11-07T12:24:41Z
6Af6b_wyiwI,Ugz8trKP4plG0PwBte94AaABAg,"Yes , corona was just a virus , no one created them to sell their vaccines",1,2025-11-16T15:28:26Z
6Af6b_wyiwI,UgyoRWsZH_j2qNBO0Xh4AaABAg,"""War Games"" lolGo check out germ games where they did a pre covid 😮",1,2025-05-12T00:12:17Z
6Af6b_wyiwI,UgybnD-4a7Rh1mmBWml4AaABAg,This will never catch on.,0,2024-01-08T04:05:41Z
6Af6b_wyiwI,UgxCTb3pKhC6gFOy3eF4AaABAg,😂😂,0,2023-09-24T01:21:24Z
6Af6b_wyiwI,UgzM1sN5QdXPdJLY8GV4AaABAg,"I remember watching this before COVID, told my mother, she said I watched too many movies. Then when COVID came and I told her she was like I don't remember you telling me this 😢",0,2025-09-11T12:31:49Z
6Af6b_wyiwI,UgzYSDjzr6058OTeuzp4AaABAg,Very interesting talk just 5 years before the Covid pandemic ❗️,1,2025-05-12T12:30:16Z
6Af6b_wyiwI,UgyV2DFrjmOZJ0lwsMd4AaABAg,We still have one more chance🙏👍,1,2024-03-15T07:06:30Z
6Af6b_wyiwI,UgyORc5eh9nR9XFbbYt4AaABAg,"the best example there is for data story telling, 8 minutes can you imagine that",1,2024-06-21T08:12:17Z
6Af6b_wyiwI,UgyiCBQazHnFG5X77Xl4AaABAg,ads for ted talks? come on youtube,0,2025-01-14T06:36:23Z
6Af6b_wyiwI,UgxabKRJRAmNueu6STR4AaABAg,Hits different in 2024,2,2024-08-08T22:38:49Z
6Af6b_wyiwI,UgwsDN1P44SJNZfc5px4AaABAg,How i never see this before the CORONA VIRUS hit the world?,2,2025-04-12T14:41:24Z
6Af6b_wyiwI,UgyKjgCTRgXM76H4_TZ4AaABAg,@LeadeGschgff this video was uploaded 9 years ago... tea!,1,2025-02-02T23:16:16Z
6Af6b_wyiwI,UgylpBvBRRuV4CO1CKt4AaABAg,"I have never ever been to U.S. and out of Far east TAIWAN since 2019 july,",1,2025-08-13T20:21:01Z
6Af6b_wyiwI,UgzLFWtIdyKGqXF5L2h4AaABAg,Are they looking at 2025?,1,2025-10-30T04:08:25Z
6Af6b_wyiwI,Ugz3JI8aC41QTfqFkoV4AaABAg,"According to the World Health Organization (WHO), as of December 30, 2024, there have been over 7 million confirmed COVID-19 deaths worldwide. However, some sources estimate the true death toll to be significantly higher, potentially reaching tens of millions due to excess deaths.",0,2025-01-03T18:21:59Z
6Af6b_wyiwI,UgxxHtkqSfLbjP4kYI94AaABAg,Watching for 2024 😂,0,2024-07-23T10:03:30Z
6Af6b_wyiwI,UgxhhzMkhlDY3QsFUiN4AaABAg,I wonder what the update on this is for today…2025?,0,2025-01-15T17:32:44Z
6Af6b_wyiwI,UgxWFH5Tva1S7cYifOx4AaABAg,hai nụ cười trong sáng làm con cảm thấy vui. năm 2025 con biết chuyện thì hai nụ cười làm con không ngừng rơi nước mắt.,1,2025-02-11T11:28:03Z
6Af6b_wyiwI,UgxTo-1wRPGmk8BkWrN4AaABAg,"Before this, Dantes Inferno Movie Staring Tom Hanks put this out. Bill Gates = Bertand Zobrist 😮",1,2025-05-12T00:08:08Z
6Af6b_wyiwI,Ugy-QVOEu4Ik0rR27Ot4AaABAg,😂😂😂😂😂,0,2024-07-06T21:46:39Z
6Af6b_wyiwI,UgwBvTrfEC67g6WLt8Z4AaABAg,كلام حصل فعلا 2018,1,2025-05-01T07:22:11Z
6Af6b_wyiwI,UgzgZxK6XirzJb1Bd054AaABAg,Does he have a telepromter. Why is he looking to his top right very often.,1,2024-02-10T19:03:09Z
6Af6b_wyiwI,UgxXysI5w_WBxmEul554AaABAg,"Bill Gates’ TED talk on epidemic preparedness delivers an urgent message: the greatest risk of a global catastrophe is not war, but an infectious virus, that could kill millions. His analysis of the 2014 Ebola outbreak exposes critical gaps in global readiness and highlights how unprepared the world still is for the next pandemic, despite advances in science and technology.
Gates stresses that the failure to prepare adequately, such as insufficient global health infrastructure and poor coordination, could make the next epidemic far worse. The current tools and biological knowledge exist, but they must be integrated into a global health system. This includes strengthening health systems in poorer countries where outbreaks often begin, pairing medical teams with military logistics for rapid response, conducting realistic simulations and scenario planning, accelerating research and development for vaccines and treatments, etc.
Gates’ message is clear: “There’s no need to panic… but we need to get going”, since the cost of prevention is modest compared to the potential human and economic burden of a global pandemic. This talk challenges us to critically examine why, despite repeated warnings and scientific advances, global preparedness remains inadequate. It raises questions about political will, funding priorities and international cooperation. It also hints a reflection on individual and societal responsibilities in supporting public health measures. His TED talk is a crucial contribution to the discourse on global health security. It emphasizes that the next global catastrophe is likely to be a viral epidemic, most probably influenza, and without decisive action, the consequences could be devastating. Preparing now, using lessons from Ebola and current scientific insights about influenza, is not optional, but imperative.",2,2025-04-20T16:56:29Z
6Af6b_wyiwI,Ugwt8Mtn_7N77FwMFZZ4AaABAg,"Y DOES ""VIRUS"" MUST BE IN YOUR DESIGN FROM MANUFACTURE? WHAT REASONING🎉",0,2025-09-12T22:01:28Z
6Af6b_wyiwI,UgwSt0m8y4CLCnPTl-Z4AaABAg,Dude's been planning. I wonder how much he has invested in Pfizer and Astrazenica.,3,2025-12-14T10:39:08Z
6Af6b_wyiwI,UgwVVhuhdYyC6OxoZMF4AaABAg,Well this video showing about virus that can cross over 10 million people who have it and after that however other countries let's look like at the progression of ebola over this year. And about 10000 died taht all.,1,2025-08-19T15:35:43Z
6Af6b_wyiwI,UgzU6nIhRbo58PBS0Qt4AaABAg,covid-19,3,2024-03-18T16:09:56Z
6Af6b_wyiwI,UgzQVXRYxvDZJqp13314AaABAg,who’s seaing this in 2025,1,2025-01-15T13:41:57Z
6Af6b_wyiwI,UgzfOuVfC-lH30dl6zF4AaABAg,Bill was supposed to be more concerned about his workout routine than a virus,0,2025-04-13T04:31:44Z
6Af6b_wyiwI,Ugynj99YXVFuOkE-FOd4AaABAg,2020 you see nothing yet,0,2024-10-16T16:55:48Z
6Af6b_wyiwI,Ugyxj9XwXsHYr0uCgRR4AaABAg,Con questa conferenza ha solo voluto preparare chi l ascoltasse anticipando il suo piano diabolico👹💩,0,2023-09-24T07:45:38Z
6Af6b_wyiwI,UgzWal_SsL98aEE_kRZ4AaABAg,😅😅bruhh predicting future..,1,2023-10-08T16:22:36Z
6Af6b_wyiwI,Ugx7r2kL-oTFnfSfMmp4AaABAg,"Now he can officially add ""prophet"" to his wiki bio.",0,2024-09-09T18:08:55Z
6Af6b_wyiwI,Ugw3LGE3H52oQ5sS4At4AaABAg,"Its crazy, cause we werent",1,2023-10-20T17:31:30Z
6Af6b_wyiwI,Ugzc3tsMpDz5YdgNZMJ4AaABAg,He has been fighting with virus since 95😂,1,2025-12-22T15:34:50Z
6Af6b_wyiwI,UgxZ8nFHgWlZ83KrMuh4AaABAg,Como sabía en el 2015 que iba venir una epidemia???,1,2024-08-28T22:36:19Z
6Af6b_wyiwI,UgydvltcKYOS6sw1YA94AaABAg,This man is telling you how they are going to mobilize you and make you submit to their plan to control your lives and ability to move about anywhere.,0,2026-01-17T15:12:14Z
6Af6b_wyiwI,UgzL_wvSyb5DQg2VVNJ4AaABAg,Invite aquelshure offuce sss movie fiommes in koolaid .if adhere hiw many jaw breaers gate s .check cold slinchures,0,2025-06-22T02:29:00Z
6Af6b_wyiwI,UgyeAONbQwrbLmqnxlp4AaABAg,"I have played these games before, I said I have played these games before!",2,2025-01-10T00:36:50Z
6Af6b_wyiwI,UgyY9YsPRMiubtBq0X94AaABAg,Yo uso Linux 😂😂😂,1,2023-12-25T19:30:09Z
6Af6b_wyiwI,UgxEP6DLKH7dO_lXH8l4AaABAg,jeez I wonder,2,2025-02-13T13:11:20Z
6Af6b_wyiwI,UgxbWWYWHQLFxEnBRTh4AaABAg,"Yo creo que las epidemias ó pandemia de los últimos años tuvieron su inicio en mi opinión en el 2009, ahora yo creo que también acá tiene mucho que ver con lo no humano, no diré más.",0,2024-01-04T03:01:19Z
6Af6b_wyiwI,UgwSe5QCgzmt5Gtg0994AaABAg,how did he know the virus is coming covid-19,0,2025-11-03T04:46:35Z
6Af6b_wyiwI,Ugzgz0o69UjoDgDhTSh4AaABAg,Well I'll be damned....,1,2023-11-28T01:38:08Z
6Af6b_wyiwI,UgwEK3FQPmnVgzT_3xZ4AaABAg,Why didn’t anybody take his words seriously then !?,1,2024-02-25T09:14:38Z
6Af6b_wyiwI,UgzhR9iIeEGi6m77MkZ4AaABAg,MOST POPULAR VIDEO OF TED BILL GATES TED TALK,1,2023-11-25T12:07:21Z
6Af6b_wyiwI,Ugw2Mhyqp6Iv55WRCy54AaABAg,Such an evil man.. killed so many. This was his heads-up to the world.  Get them in GITMO!!!! WWG1WGA 🇺🇸,2,2025-05-22T13:39:42Z
6Af6b_wyiwI,UgxLNdwqZkQsrHH3aOZ4AaABAg,So you are the culprit 😂,6,2024-02-19T03:16:13Z
6Af6b_wyiwI,Ugx9MlEt0gJJIYMd9Dd4AaABAg,Why didn't he have the forsite about Epistin...,0,2024-01-12T07:41:57Z
6Af6b_wyiwI,UgxUAYZBHG5ayKAUayl4AaABAg,Estoy emocionado 😂😂😂,1,2023-12-25T17:35:29Z
6Af6b_wyiwI,UgzXwi4krUXK7pCBkdh4AaABAg,I will ask the congress  so u can have your own made for you and to be command by you as per country u choose,0,2024-06-08T13:43:42Z
6Af6b_wyiwI,UgxfYFsz99eHGQceNS94AaABAg,"As always Bill was right, we were not ready for Covid and he was letting us know.",1,2023-10-03T16:46:37Z
6Af6b_wyiwI,Ugw8pqdnrg8LdwjFt_54AaABAg,He literally predicted the future lol,1,2025-12-29T12:44:19Z
Cbk980jV7Ao,Ugx3A_VkQ_NlLIhzFcV4AaABAg,"10 years ago, this film had an impact on my life that is indescribable. This film has aged gracefully and is still extremely relevant today.",259,2018-09-11T06:29:36Z
Cbk980jV7Ao,UgyONyR7KXSSTdIrdzh4AaABAg,You _paid_ for parking? For me?,127,2020-06-18T17:16:38Z
Cbk980jV7Ao,UghVUIkk9WDhm3gCoAEC,"I'm a high school teacher, and I show this video every year on the last week of school.  My teenagers don't her validating comments very often, and there are always a few tears.  After the video, I give all of them a piece of copy paper with their name on it.  I've written a paragraph of validation for each of my 130 students, and then the class circulates, writing anonymous validation for each other.  It's the best activity ever, and the kids remember it so fondly.",2023,2015-05-14T13:51:56Z
Cbk980jV7Ao,Ugze-yVCKi14C1EBfYB4AaABAg,Old but gold,0,2020-08-24T06:55:56Z
Cbk980jV7Ao,UgzLJeG4MPoHCGPvwdZ4AaABAg,"""No one has ever said that about me before"" - gets me every time. So sad...",124,2018-09-10T21:34:59Z
Cbk980jV7Ao,Ugw14MJLIz7rym5bzoZ4AaABAg,I'm here to get validated,13,2022-09-22T06:09:37Z
Cbk980jV7Ao,UgzpZmALdmFwG5uHIlV4AaABAg,I watched this around 7 years ago in a speech class. It meant a lot to me then and I still keep coming back to it.,56,2022-11-08T02:45:21Z
Cbk980jV7Ao,Ugy1tVFdLthPkX-mhcp4AaABAg,Now nearly 8 MILLION!,0,2013-10-01T04:59:28Z
Cbk980jV7Ao,Ugw35m5hWfGetpCl1d94AaABAg,The duality of man - Dear Zachary and Validation,4,2020-09-03T13:33:17Z
Cbk980jV7Ao,UgjAUXz3znwYKXgCoAEC,I try this with my family just about every day but to no avail they are just not morning people. I come close to begging and pleading for them to just give it a day or two to see what a great change and feeling it will bring them.,5,2014-06-02T04:05:02Z
Cbk980jV7Ao,UgzofPUlQWyOpO3z7ch4AaABAg,I found this years ago. It is as meaninful to me now as it was then. 💕💕💕,4,2021-10-18T18:51:14Z
Cbk980jV7Ao,UgzvJ9sG_ewphJMz-PV4AaABAg,Touching. Everybody needs a little validation,0,2013-09-11T04:28:20Z
Cbk980jV7Ao,Ugx0PBRk2Ri4QtxYTQd4AaABAg,"After all these years, this still makes me smile. However down I'm feeling, I always finish watching this with a smile upon my face. This has saved my life on multiple occasions and I am so thankful.",143,2013-04-14T13:17:47Z
Cbk980jV7Ao,UgyiTDMA70sO1pQgTYR4AaABAg,"These actors, producers, directors, and cinematographers are GREAT.",15,2013-04-08T18:37:06Z
Cbk980jV7Ao,UggZod-s0TALt3gCoAEC,"I love this short film. I had watched it years ago and I had forgotten about it. I just watched it again, I still teared up at the end. ",305,2015-03-04T04:57:44Z
Cbk980jV7Ao,Ugzg5-cUXYWl4jkgvW94AaABAg,Ahhh the feels... so much feels...,0,2013-06-21T02:23:32Z
Cbk980jV7Ao,UghJWmOh8IDq6XgCoAEC,This is seriously one of the BEST videos on the internet!!!!,466,2016-07-13T03:21:57Z
Cbk980jV7Ao,UgxLNDrOvWw2LgqPb-14AaABAg,One of the best short movies ever. Explains how the Law of Attraction works and why attitude is everything in life.,89,2021-11-15T14:11:30Z
Cbk980jV7Ao,Ugy-QILrHlFo_V4HSGh4AaABAg,"Our Christian Living teacher showed this to us in class, it really touched my heart",18,2022-10-15T07:55:17Z
Cbk980jV7Ao,UgwjAZBe68qHSp2aHCJ4AaABAg,Everyone here is awesome. You are special and talented. Hugs for all! ,0,2013-03-16T03:05:22Z
Cbk980jV7Ao,Ugwnfeh3dgPG4KBEDxZ4AaABAg,Reawtching this film and it still makes me cry. What an amazing film with a fantastic message.,8,2021-11-11T00:49:35Z
Cbk980jV7Ao,Ugy99ukG9j-ygbbKpzV4AaABAg,Who wouldn’t like this??? It made me 😃 smile!,4,2021-10-26T01:36:24Z
Cbk980jV7Ao,UgybRPs6WltedWyYHoN4AaABAg,"I've been feeling angry and anxious and depressed for days, until Seeing Validation has made me smile, its brought tears to my eyes... it's the first thing I've let in for weeks!
THANK YOU!",6,2013-08-06T09:45:01Z
Cbk980jV7Ao,UgyKNJGm50IKrws3fmF4AaABAg,I cry everytime,0,2013-02-20T04:15:22Z
Cbk980jV7Ao,UgjxFtOfOZurE3gCoAEC,Best short movie I've ever seen...,6,2016-07-21T20:29:38Z
Cbk980jV7Ao,UgzQ3yHG3tASilJ8JgF4AaABAg,"""You paid for parking? For me?"" is probably the least most-romantic question ever asked. (By the way, everyone involved in the making of this film? You're great. You've made a couple million people (including me!) smile. That's pretty unusual, and pretty amazing!) ",25,2013-08-12T05:25:11Z
Cbk980jV7Ao,UgzcNoe2TZ8DYUDAtqh4AaABAg,This is so good video❤,8,2022-11-07T17:02:07Z
Cbk980jV7Ao,UgwvGJq9DJJcvyEZj6F4AaABAg,The greatest film I have seen,0,2013-09-19T07:42:20Z
Cbk980jV7Ao,Ugy2wkp-XpVPqtJW_yR4AaABAg,Still holds up. Forgotten about this gem. One of the best,17,2021-10-27T04:46:58Z
Cbk980jV7Ao,UgizT4kJFCBI6HgCoAEC,TJ told me about this video years ago and it's still one of my favorites. I share it with everyone and it still makes me cry. What a beautiful message.,139,2016-03-02T08:41:39Z
Cbk980jV7Ao,UgwFU9nI7hbuDBxyg3x4AaABAg,This is one of my favorite short films and every town needs a guy like him,23,2018-03-04T03:06:50Z
Cbk980jV7Ao,UgzT1g-X6kvDWTRWpVV4AaABAg,I whatch this yesterday and agen keeps me happy all day,0,2013-01-25T04:35:20Z
Cbk980jV7Ao,UgwTeoC7O1N6tBLV4pt4AaABAg,This is the best thing I have ever seen. My heart hurts I love it so much.,11,2021-11-17T00:34:52Z
Cbk980jV7Ao,UgyqLuymXwYhekGW4i54AaABAg,At times we NEED someone to BELIEVE in US and then we can start believing a little more ourselves. Sometimes it all it takes :),10,2021-11-15T14:52:22Z
Cbk980jV7Ao,UgwygoGDbIu9_qtpRzB4AaABAg,My all time favorite.... It's hard to capture that joy on film....Kurt did an amazing job as did the actors,5,2021-10-19T03:11:58Z
Cbk980jV7Ao,UgztoqYDPjcRRHDWnJN4AaABAg,IT MADE ME SMILE.,0,2013-04-19T02:14:45Z
Cbk980jV7Ao,UgwfpCF22O5Ta-nkJlh4AaABAg,"I have seen this before and I am so glad that I found it again... he is so awesome,,, I love this .... thank you for making this...Kurt.
",3,2013-01-16T03:16:34Z
Cbk980jV7Ao,UgwB2k0IvLPJsvIx7HZ4AaABAg,Her smile at the end is so gorgeous! ❤,17,2019-01-16T05:12:59Z
Cbk980jV7Ao,UghZR4wiMUJA-XgCoAEC,We all need validation!,96,2016-09-08T00:05:56Z
Cbk980jV7Ao,UgyP8NcpUTj5XSVRIbZ4AaABAg,Absolutely!,0,2013-02-27T17:04:45Z
Cbk980jV7Ao,Ugg_bMdZqNX60XgCoAEC,watch this every year. It is by far the best short film I have ever seen and also provides such a fantastic message.,7,2013-12-09T18:04:05Z
Cbk980jV7Ao,Ugz7MCBxb-4CkHVUjYF4AaABAg,"Amazing!! Don't stop showing love, someone out there needs the love you have to give.",9,2017-10-09T09:45:48Z
Cbk980jV7Ao,UgijdZ1gkcFwWXgCoAEC,Why can't people be like this in real life? Almost made me cry at the end.,147,2015-06-16T11:58:42Z
Cbk980jV7Ao,Ugxp-fjOIqkrBoqr7Nh4AaABAg,Absolutely!!!,0,2013-03-05T00:56:02Z
Cbk980jV7Ao,UgyX-9jj002npvNbd-14AaABAg,Mükemmel. Yıllar sonra tekrar tekrar buraya gelip izliyorum.,3,2022-10-20T04:19:46Z
Cbk980jV7Ao,UgwzN1Y4rvvrLjOlBZh4AaABAg,I randomly stumbled upon this video from years ago. It’s 2021 and this message is still beautiful and relevant as ever.,9,2021-06-12T21:24:41Z
Cbk980jV7Ao,Ugzx5GGBFl2E1LhQKnp4AaABAg,Masterpiece. Some tears came up after watching the video. You can change the world with just a simple smile.,4,2021-10-25T16:29:01Z
Cbk980jV7Ao,UgizzrdNjSHumHgCoAEC,awww.... Simplicity at its best.,0,2017-02-02T05:40:02Z
Cbk980jV7Ao,UgjQg9JI1yy2zngCoAEC,Wierd guy smelling and licking his card 1:47 never noticed that before haha,136,2016-04-11T19:48:48Z
Cbk980jV7Ao,UgzQJwxwhhsa81PB0R54AaABAg,"This gives a great lesson. I have a habit of “correcting” people and don’t easily appreciate people unless i’m impressed.
One of my favourite videos of all time. I don’t know how i saw this the first time.",7,2019-02-06T07:02:32Z
Cbk980jV7Ao,Ughi0IKe8e_DLHgCoAEC,I LOVE THIS VIDEO!!!!,194,2016-01-17T02:16:14Z
Cbk980jV7Ao,UgyNpUel_FLiFpka89N4AaABAg,"darn film made me cry
",0,2013-06-21T03:27:15Z
Cbk980jV7Ao,UggeE6gwb2yAdXgCoAEC,everytime I see this I cry -- love this! EVERYONE needs to be validated!!!,53,2016-05-13T03:06:02Z
Cbk980jV7Ao,Ugw6A6bNAxOSPVXdF0d4AaABAg,"This video was suggested for my Pastoral Counseling class and I really enjoyed it, made me cry! This is the way I wish the world was!",8,2020-02-17T18:24:12Z
Cbk980jV7Ao,UgzVFmtWJn10yM_miP94AaABAg,What a perfect chaser after Dear Zachary leaves you an emotional mess.,6,2013-06-28T19:58:43Z
Cbk980jV7Ao,UgyvgBn3DEuM5Osj5d94AaABAg,"wow, the black and white really adds to the cinematic experience.",0,2013-06-21T06:05:18Z
Cbk980jV7Ao,UggDtcapDqWV2XgCoAEC,I'm miserably unhappy. This video made me cry buckets of tears.,66,2016-12-12T01:11:18Z
Cbk980jV7Ao,Ugz7uHn5-8hTO-ebZCx4AaABAg,Validation is not about feeding people's ego. its about showing them they have worth in God's eyes.  Thanks for making this film  You are great.,114,2018-01-27T06:26:01Z
Cbk980jV7Ao,UghBSITEWTJicHgCoAEC,So absolutely worth watching! Especially if you are going through tough times! Best short film I have watched in a very long time ! And there is absolutely no way one can watch this whole film without starting to smile. So go ahead and do it :D,305,2015-02-14T02:29:32Z
Cbk980jV7Ao,UgyIlavxqfNZZ2ychid4AaABAg,"Your smile is like diamond!
",0,2013-10-17T14:10:50Z
Cbk980jV7Ao,UgjgYeaLjnrbLHgCoAEC,"I tasted the warm, salty tears as they trickled down my cheek into my mouth. They tasted like happiness and joy (still a bit salty). And boy was I SMILING! This short film is a gift.",35,2015-08-05T00:15:29Z
Cbk980jV7Ao,UghSyg2p5cH4KngCoAEC,This is absolutely soul-warming. I hope someday everyone in the world will learn to appreciate themselves and other people for all that they are and all that they are capable of. Thank you for this piece of unadulterated art. I can't stop smiling :),36,2015-12-03T12:17:13Z
Cbk980jV7Ao,Ugi_zDE0GB4RSHgCoAEC,I'm here to get validated please,208,2015-07-04T00:25:38Z
Cbk980jV7Ao,Ugzvp_cNBG_JW1G-Iyh4AaABAg,My all time favorite Short Film. ,1,2013-11-04T23:24:48Z
Cbk980jV7Ao,UgyAL_CXZ5UY9voOzXJ4AaABAg,"I first watched this ten plus years ago in the early hours of the morning feeding my child and it really hit me, really touched me and made me feel great about my self, those I care for and people generally. It’s an absolute masterpiece in promoting the very best in human nature and watching it ten plus years on it resonates just as much, had me feeling soo much, thank you to all those you made this beautiful work of art 👏🏼😁 everyone just smile!!!",4,2020-04-18T18:04:54Z
Cbk980jV7Ao,UggncTWHj9ji-XgCoAEC,"Atleast we all smiled for perhaps for more than 16 minutes of our life

Love from india",61,2016-10-28T21:35:22Z
Cbk980jV7Ao,UgjPxwKDdp9r7ngCoAEC,It is the best movie I ve ever saw,3,2016-10-06T01:53:03Z
Cbk980jV7Ao,Ugzrp1XtiugV0ZNNOYB4AaABAg,"All you people who made and watched this video, you are great, you are awesome, just keep smiling and love!
",0,2013-02-24T19:12:05Z
Cbk980jV7Ao,UgyS6qEpGM_vEnZ048V4AaABAg,I have this saved on my bookmarks and see it once in a while. It always moves me. :),3,2020-04-01T17:42:56Z
Cbk980jV7Ao,UgzQ9tz5oFAeNIKeQeR4AaABAg,"This video made an impact on my life, I watched this for the first time about 6 years ago. I can't go a day without make anyone smile, I'ts a gift to the world, smiles is a language everyone speaks. Everyone have a beautiful smile, and when you smile, you are doing the world to a better place. Smile, because you are beautiful ‹3",16,2018-01-13T19:07:07Z
Cbk980jV7Ao,Ughi6A7CRHrMgngCoAEC,It makes me feel happy,4,2013-12-01T18:10:11Z
Cbk980jV7Ao,UgwYJKGUBkxxgbYesbJ4AaABAg,The greatest short film of all time no doubt.,0,2012-12-04T05:29:14Z
Cbk980jV7Ao,Ugj9kp-DugVciXgCoAEC,This really is an amazing video. I've never looked through the comments and not seen something negative or someone arguing. But every comment here is uplifting and the conversations are kind. It just shows how a little love can go a long way! This is beautiful!,61,2015-12-14T03:33:25Z
Cbk980jV7Ao,UgiEZdCRziRxRXgCoAEC,"There are fairy tales told about brave princes and  beautiful princesses. This is an old fashioned post-modern fable of a working prince of smiles, a brave young lover who sees something great in the everyday people who come before him. He has the courageous panache to express his appreciation of these people to them verbally, giving them a perspective worth smiling about. When he meets the woman whose smile he most longs to behold, The tale goes amiss, but in the end the smile of his princess wins back his lost hope as he wins her heart, and they ride off into the sunset smiling side-by-side. Add your own laughter, tears, and multiple smiles by appreciating this film, too. Genius short film with feature length heart and soul. It will change you if you let it.",15,2015-12-05T01:49:20Z
Cbk980jV7Ao,Ugh7xrT9WZSG-HgCoAEC,i love this shot clips and it shows everyone should be happy and praise for everyone.,4,2016-12-06T22:42:18Z
Cbk980jV7Ao,Ugzvi0a4PfUoM1UF_a14AaABAg,smile and the whole world smiles with you.:),0,2012-12-04T14:18:27Z
Cbk980jV7Ao,Ugjv_-guaidi5HgCoAEC,"Thank you Kurt for sharing…I felt happy and sad emotions, mostly happy, it will be on my favorite watch list to be repeated often. Get Validated!!!",3,2016-06-24T20:18:28Z
Cbk980jV7Ao,Ugj2fyGvq4wSPngCoAEC,always good food for the soul!  We are all HIS creation ...celebrate daily!,5,2014-04-24T13:53:15Z
Cbk980jV7Ao,Ugh9-T6NTjRSOHgCoAEC,There is a fantastic message in this movie :)),42,2016-04-10T07:45:02Z
Cbk980jV7Ao,Ugz0i7T6puS8KHNYFpx4AaABAg,"This, made me smile.",0,2013-01-31T01:53:22Z
Cbk980jV7Ao,Ugh5W6e3fxI_tngCoAEC,best short film ever,4,2016-03-23T14:20:42Z
Cbk980jV7Ao,Ugg4ZZaXiWPqI3gCoAEC,This is one of the best short films I've ever seen! I added it to my YouTube favs years ago... And I still love it to this day. ,54,2014-03-14T10:14:50Z
Cbk980jV7Ao,UgjLFI3wZ7mEZngCoAEC,Counseling Psychology class brought me here. Because watching this in class brought me to smile after a long day of down.,18,2016-04-27T00:57:09Z
Cbk980jV7Ao,UgwLAkaAxEgV7eNSJo54AaABAg,Taking a mgt class and we had to watch this ..made our day,0,2013-06-28T04:58:37Z
Cbk980jV7Ao,Ugin7Rqb-OIIEngCoAEC,All these comments are awesome! ,3,2014-12-29T07:25:48Z
Cbk980jV7Ao,UghbhmqJsKOpZHgCoAEC,The power of a Smile truly cannot be unappreciated. Excellent Film. Worth every single second of my time. I highly recommend it.,13,2014-06-30T06:53:41Z
Cbk980jV7Ao,UgjWV_wlJaSGQngCoAEC,"Kurt Kuenne, you are amazing! You have made many people smile and inspired them to make their families and other people smile. You've done a wonderful job. God bless you :)",4,2016-12-26T18:39:20Z
Cbk980jV7Ao,Ugz-k0KN5E-0Af7mGgB4AaABAg,What a great story.,0,2018-09-23T12:07:07Z
Cbk980jV7Ao,UggZ1_g4-7oXfXgCoAEC,"12:30, gets me everytime.",33,2015-02-25T22:07:39Z
Cbk980jV7Ao,Ughkmn-GRLudRngCoAEC,Excellent!!!!,3,2016-06-28T01:50:41Z
Cbk980jV7Ao,Ugh_Fkz4xuO14ngCoAEC,"THIS IS AN EXCELLENT SHORT FILM!!!  My wife and I watched it this morning and were really touched by it.  Many people are looking to be validated today and being that uplifting person is something we should all strive to be.  My wife is a born encourager so it's easier for her.  I'm working on it.  Don't just look at this video, let it change you!",10,2015-04-04T20:16:26Z
Cbk980jV7Ao,UgwSj5Q3ZxbryMtZEPt4AaABAg,"This movie teaching me how to think positively, thanks",0,2013-06-24T05:00:54Z
Cbk980jV7Ao,UgyWvFvY15TcKGZvkF54AaABAg,"We watched this in my Theater Lecture class a few weeks ago and I may have cried quite a bit
This is a beautiful short film that restores a bit of faith in humanity and proves that everyone deserves love and validation💕",7,2019-12-01T03:13:03Z
Cbk980jV7Ao,UgjTvjSZ8jopongCoAEC,IT'S HODGINS!!,99,2016-03-03T17:51:15Z
Cbk980jV7Ao,Ugj7ygRXsllyoHgCoAEC,"hahaha. I love that line ""You payed for parking......for me?"" Also when he told Saddam Husein he has amazing Mustache. :D",21,2014-07-18T07:29:06Z
Cbk980jV7Ao,Ugx07jk6DJK11Qm1jrt4AaABAg,This is emotional ,0,2013-06-21T15:27:49Z
Cbk980jV7Ao,UgwGrCD4WA4OvSkY5LZ4AaABAg,"My lecturer made us watch this in class today and I had to come to YouTube, find it and share it with my friends because the message in it is just spectacular. Loved it! 👌🏾",12,2018-03-27T19:06:39Z
Cbk980jV7Ao,UghlmwhLE2Cj-3gCoAEC,Awesome!! Awesome!! Awesome,5,2016-07-04T19:10:01Z
Cbk980jV7Ao,UghTFPXm4T6cDngCoAEC,"My high school teacher showed me this short film long ago. And it inspired me, along with Clerks (also black and white) to be a filmmaker. Keep up the good work.",22,2016-01-23T07:39:58Z
Cbk980jV7Ao,UghVFVgeMednA3gCoAEC,This movie makes me super teary.,0,2013-12-12T12:34:46Z
Cbk980jV7Ao,UgijcEoLOyHbbngCoAEC,Love this!,4,2016-08-04T02:14:50Z
Cbk980jV7Ao,Ugj3HpVMcJCONHgCoAEC,"This is what a video supposed to be, no just random footage of someone drunk or doing stupid things like selfies, is it about inspiring and proving that we can do better, inspire  others to become better humans. 
Thanks so much for this video.",12,2013-11-11T23:24:31Z
Cbk980jV7Ao,Ugga2_x5LE-amngCoAEC,I love TJ Thyne on Bones and he is great on this short. It is a little cutesy but it highlights TJ's talent.,11,2014-03-25T18:54:13Z
Cbk980jV7Ao,UgwP_jy-e1onAkZ1AIl4AaABAg,this was the cutest thing i've ever seen,0,2013-06-21T02:35:23Z
Cbk980jV7Ao,UgzLqaqq1gb-kJhWBCh4AaABAg,simply amazing brought a tear to my eye,3,2018-10-28T21:55:40Z
Cbk980jV7Ao,UgjRs8KaUtXnMngCoAEC,amazing video..,4,2016-04-30T16:10:17Z
Cbk980jV7Ao,UgiAE-N3tR-mUHgCoAEC,brilliant!,10,2016-08-17T17:30:33Z
Cbk980jV7Ao,Ugiue6rCRoYLGHgCoAEC,Let your smile bring joy to someone else!!!!,0,2014-01-25T14:55:24Z
Cbk980jV7Ao,UgiF47B-ffowm3gCoAEC,"Dont be sad Hodgins!!!!!
all will be well! just remember this video",7,2016-04-22T14:07:58Z
Cbk980jV7Ao,UggAKmBSOFWi5HgCoAEC,"Kurt Kuenne, you are awsome. Thank you so much. Must be the tenth time I look at it.
And will do again.",16,2016-05-19T08:43:41Z
Cbk980jV7Ao,UgjEQixKOgu4OHgCoAEC,I've been validated!!!  Thx so much!!!,7,2016-08-29T05:40:56Z
Cbk980jV7Ao,UgzmNGEPxTA9deux1yl4AaABAg,Love this film...,0,2012-12-29T00:35:35Z
Cbk980jV7Ao,UggDb1oR9jTuQXgCoAEC,"Sure, I didn't need those tears. Take them. ",4,2013-12-07T03:53:56Z
Cbk980jV7Ao,UghwadOJrr3Na3gCoAEC,"This brings a tear to my eye every time i watch it. This is how we effect change in the lives of others
#amazing",6,2015-10-14T12:53:30Z
Cbk980jV7Ao,UgjG0gMur7q4A3gCoAEC,this is one of the best videos ive ever seen,7,2016-05-22T11:10:42Z
Cbk980jV7Ao,UgzWUJ6oA2pBchxNzMF4AaABAg,I'm crying .,0,2019-08-30T23:58:45Z
Cbk980jV7Ao,UghxpJqBBVMJjXgCoAEC,Dam you Kurt i'm having to do media homework on this and I can't focus on it because its just so great and heart warming,9,2015-09-22T17:27:31Z
Cbk980jV7Ao,UgysqfXrlcQZmCCTaBJ4AaABAg,Such a beautiful film. I have always been a fan of T J Thyne's work but this is just exceptional. So awe inspiring and sweet and the story is just perfect. :),3,2013-01-19T03:33:57Z
Cbk980jV7Ao,UghXx177X46u-XgCoAEC,I could watch this the whole day and I would never get bored of it. I love this video :),3,2014-05-23T15:03:30Z
Cbk980jV7Ao,Ugg7CEKGxbndMHgCoAEC,You are awesome. You are loved. You have beautiful smile,0,2015-11-08T14:46:29Z
Cbk980jV7Ao,Ugx14eUbTYj5quQITvV4AaABAg,"This is great and everyone needs to see this,",3,2019-02-03T02:26:01Z
Cbk980jV7Ao,UghDHD78dIZCangCoAEC,Great short story. I really loved the music that accompanies each scene. It was so fitting and it brings out the emotions of the characters and environment. Great acting and great camera angles. The way that it was shot was simple yet deep and meaningful. Thank you for this great short film!,7,2015-10-01T13:03:57Z
Cbk980jV7Ao,UgifUtxWNIdZAngCoAEC,I dont usually comment on videos but thank you for bringing that happy tear and making us smile :'),5,2016-06-10T15:03:04Z
Cbk980jV7Ao,UgzfotRSzkvou4jWtWd4AaABAg,I'm smiling!,0,2013-09-10T03:12:31Z
Cbk980jV7Ao,UggZO5SQvAR-23gCoAEC,"You gotta love this!!! aw man!!! it's so epic... that story, that substance in that short time. It's beautiful, it's funny, it's simple, it's extraordinary.

And to Kurt Kuenne... You are awesome, you are amazing and this work of yours is beautiful ;)",3,2013-11-27T07:32:22Z
Cbk980jV7Ao,Ugi_nxBJm1CrhXgCoAEC,"This is the best video on the internet.
It is so amazing.
I know it doesn't have enough number of views it deserves, but it makes so many people's day better.
This film is great!",4,2016-12-04T12:53:07Z
Cbk980jV7Ao,UggcKp_tM5lCYHgCoAEC,Fist time I watched this in school and it was so good so I'm watching it again,6,2016-03-03T01:14:10Z
Cbk980jV7Ao,Ugz6qiX0F2ja3At2ID94AaABAg,This changed my life,0,2013-01-24T07:24:21Z
Cbk980jV7Ao,Uggy2_K8OSWsQHgCoAEC,"Absolutely amazing, so positive, perfectly filmed, made me smile, of course:)) You absolutely have my Golden Validation:)) Congrats and keep featuring so great!  ",11,2014-01-22T22:54:57Z
Cbk980jV7Ao,Ugxt7eTrJqeFHZmhVop4AaABAg,Thank you so much for this heart rendering short film.  The world is a much happier loving planet due to people like you.  I will be sharing this joyful artwork in my workshops and on my website. Kudos! Rainbows of Love and Light <3,3,2018-10-30T19:23:39Z
Cbk980jV7Ao,UghpBF0wvwtNUXgCoAEC,The most uplifting short films I've watched in a long time. Shame I came across it this late. Thank you. You. Are. Great! :),4,2014-11-28T11:21:43Z
Cbk980jV7Ao,UgxJyPtOONXqLEMDuFp4AaABAg,Bah. What a way to start the day. I haven't even had my morning coffee yet and I've just cried my eyes out. That was beautiful.,0,2013-04-28T23:45:19Z
Cbk980jV7Ao,UgibL_J6pnvl6HgCoAEC,OMG I love this!!!  Thank you sharing Debra Oakland ,10,2015-01-03T13:46:28Z
Cbk980jV7Ao,UghKRBeZNcsaTngCoAEC,We just watched this is our school in our subject Health,7,2016-09-05T13:25:09Z
Cbk980jV7Ao,UghjrQCygwfUNXgCoAEC,it's better than inception. i would give grammy.,33,2015-06-03T17:22:40Z
Cbk980jV7Ao,UgzLZu44fyGxM7TDP1J4AaABAg,this should be a real movie!!!,0,2012-12-05T00:54:33Z
Cbk980jV7Ao,UginLtKlsqPCt3gCoAEC,"This video is so beautiful, great and amazing :) It makes me smile :)",23,2014-12-10T12:34:28Z
Cbk980jV7Ao,UghZHsvxROsjXXgCoAEC,Just excellent! So great!! I've just learnt about validation in psychological context. And this is a perfect vid I love!,6,2016-06-03T19:51:46Z
Cbk980jV7Ao,UghVv0TfXDW7yHgCoAEC,"949 people need to be validated.

You are awesome. You are loved. You may think this is just a sappy video and that people need to just pull themselves up by their bootstraps and stop being so emotional. But that's not the case. It's time for you to feel what you feel. Are you truly happy? Recognize that you have become hardened because the world seems so cruel. Yes, the world is cruel. But someone out there loves you. Someone cares about your well-being. You have value. You feel lost and alone because you're scared to feel. You will deny my words with all your strength because you don't want to appear weak. Stop. Stop worrying about your image. Start worrying about your happiness. It is not on you to prove to the world that you are superior. It is on the world to accept you for your genuine self. You have a right to your emotions. You have a right to be your genuine self. And whether that be assholish or not (I, too, have my bitchy side), people WILL appreciate you for being super honest. Just be you. Yes, in certain roles we must all conform, but when it comes to matters of love and friendship... don't play a game. Just be real. You might be surprised just how happy you become when you find someone who gets you, accepts you, and supports you for being the person you currently are and the person you want to be. Find someone who inspires you to go down that path. You can find happiness. You can be a better person. You can experience the joys of true love (platonic or romantic). It's time for you to love yourself. You deserve it.",340,2015-09-08T13:21:25Z
Cbk980jV7Ao,Ugw9G6WwXJxKqx3_34x4AaABAg,"It's like yawns, smiles are contagious.",0,2013-09-06T00:06:53Z
Cbk980jV7Ao,Uggk_u4i813pOXgCoAEC,Is there anywhere to buy or watch a high quality version of this film? I love it so so so much. I would love to have a high quality version.,6,2015-10-01T06:22:25Z
Cbk980jV7Ao,UgjfJV5DYawyeHgCoAEC,"damn, back when youtube still had creative content T_T",44,2016-12-06T07:21:25Z
Cbk980jV7Ao,Ugyt-pYUvqse4L9WmFJ4AaABAg,I've watched a lot of short films in the past few years and this is the one that has stuck out to me the most. It has such a light and simple story yet it hits ya too. Its shot and edited so well. This is just really such a superb video!,15,2018-05-14T03:35:40Z
Cbk980jV7Ao,UgwqBoK-sDlt1wzqw4J4AaABAg,Yes! Smile to make other people smile :),0,2013-03-09T04:08:38Z
Cbk980jV7Ao,UghopF8PBVKkm3gCoAEC,such a great film & story... great work *Kurt Kuenne*!!,49,2017-04-12T11:33:53Z
Cbk980jV7Ao,Ugi9nMz9IHJ-a3gCoAEC,can i stand in the validation queue?,8,2016-07-27T11:28:20Z
Cbk980jV7Ao,UgjFB5882YOSpngCoAEC,Why would nine hundred and ninety eight people take the time to dislike such an amazing short film?,8,2016-12-02T22:43:31Z
Cbk980jV7Ao,UgxC6Rohi73k8zcM9ht4AaABAg,Awesome!!!!  We all need to be validated...,0,2013-07-05T15:41:30Z
Cbk980jV7Ao,UghNmlc-tiBuBngCoAEC,How could someone give this video a thumbs down?,12,2016-10-23T19:23:01Z
Cbk980jV7Ao,UgjwSkDnDzbDKHgCoAEC,"This vid is far out 🎆👍✨✅🍀
✨✨✨✨✨✨✨✨✨✨✨✨✨✨✨✨🐾🐾🐾🐾🐾🐾🐾🐾🍀",3,2016-11-24T19:44:13Z
Cbk980jV7Ao,UgjTwUCSyCBa63gCoAEC,What is the song,4,2016-12-08T05:37:46Z
Cbk980jV7Ao,Ugza1O-FVv8g58QO2M94AaABAg,This video has changed my life and now I became Photographer. Because I love making people smile.,0,2013-01-23T02:45:00Z
Cbk980jV7Ao,Ugyu4nrp0c1bY0IR9wh4AaABAg,"I am going to walk around validating people and see how they react!
",10,2013-03-13T17:54:27Z
Cbk980jV7Ao,Uggom7fkeICrYXgCoAEC,worth 15 mins out of your life.....for a Smile!﻿,12,2014-01-25T01:23:49Z
Cbk980jV7Ao,UgxQXZq5sHOXEIyHlIR4AaABAg,"690 people forgot to smile! :) You guys are great! Just smile, and life will smile back! ",0,2013-03-03T20:03:37Z
Cbk980jV7Ao,Ugx5e-7gnADuPrxF6U94AaABAg,"great job of director of photography, i even didn't notice the film was black/white",0,2013-08-22T13:14:35Z
Cbk980jV7Ao,UgyZrhK-JgfTcijgqjp4AaABAg,It makes me cry every time😍😍,0,2019-08-18T06:24:02Z
Cbk980jV7Ao,Ugxu1iBwaj5QwVATf-54AaABAg,Smile makes all the difference!,0,2013-06-08T09:26:36Z
Cbk980jV7Ao,UgwWzoLUG6xUzjDdtYh4AaABAg,U can change every bad situation by smiling,0,2017-12-01T14:23:21Z
Cbk980jV7Ao,Ugx3CgFdg-pSy2OSbgt4AaABAg,the best thing i ever saw in my life,0,2013-01-06T00:34:41Z
Cbk980jV7Ao,Ugx4-nLCxbhR_2dRBBR4AaABAg,"""No one has ever said that about me before"" - heartbreaking...",0,2020-01-21T20:11:03Z
Cbk980jV7Ao,UgiHhyPdvi-DsHgCoAEC,A prayer I will see everyday,0,2014-07-11T08:04:39Z
Cbk980jV7Ao,UgwOl8WMnsrYxAlQpPp4AaABAg,i have been experiencing similar situation and now I now the secret. Keep Smiling :),0,2013-04-16T04:51:16Z
Cbk980jV7Ao,UgzwtoCX41ivHPk4Sy54AaABAg,I will never stop watching this every so often.,0,2021-09-19T23:04:15Z
Cbk980jV7Ao,Ugz_oy3pOtkN-_9X3LV4AaABAg,"smile, smile, smile",0,2013-08-02T20:35:39Z
Cbk980jV7Ao,UgzxWLkt5mnVCAGLXmd4AaABAg,Absolutely Brilliant!,0,2013-01-31T23:40:55Z
Cbk980jV7Ao,UgzzNAdAA1odmY9D4GB4AaABAg,That was beautiful.,0,2013-06-21T00:38:32Z
Cbk980jV7Ao,UgzOvQJfBD28_yF5WZJ4AaABAg,"Having worked as a municipal parking garage attendant for 25 years, this is my favourite thing.",0,2020-05-25T19:53:45Z
Cbk980jV7Ao,Ugiw4r7l8AmCz3gCoAEC,I saw his movie Shuffle then this and heard great things about Dear Zachary.  This Kurt Kuenne guy is one talented sob.,0,2014-08-22T05:17:49Z
Cbk980jV7Ao,Ugx6L6_OlqrdANCWssl4AaABAg,I just saw this guy starring on some CSI or hospital show on TNT. Good for him!,0,2019-08-16T21:03:52Z
Cbk980jV7Ao,UgxamKM-wbSK48r7NZ14AaABAg,How great 'praise',0,2013-04-23T11:00:35Z
Cbk980jV7Ao,Ugy4vXLINLgTNDerv1N4AaABAg,my favorite youtube video of all time,0,2013-08-22T17:36:29Z
Cbk980jV7Ao,UgxcEZIfbvUwUdvV5594AaABAg,this made me happy,0,2018-03-07T18:18:08Z
Cbk980jV7Ao,UgyViDDKrCz5r0ccllp4AaABAg,"The year is 2021 and there are blogs, posts and videos  that wanna explain ways to validate ourselves.
We all need validation in one way or another from other people. A reminder to be kind to everyone and make the people around you smile.",0,2021-05-09T18:33:10Z
Cbk980jV7Ao,UgjcvkGVqN1ZH3gCoAEC,i cant take this smile from my face,0,2015-11-19T03:27:57Z
Cbk980jV7Ao,UgzacSB6IRPyPo7BVQt4AaABAg,We can change  the world by how we act and react,0,2019-06-29T21:56:10Z
Cbk980jV7Ao,Ugym9gCcbs3BxByYqpd4AaABAg,omg the tie in to rent a person!,0,2020-03-04T03:13:08Z
Cbk980jV7Ao,UgzIt-bDtH0zqgSw_hh4AaABAg,One does not simply dislike this video.,0,2013-06-24T16:19:54Z
Cbk980jV7Ao,UghnjdRNAWju3HgCoAEC,This video is life,0,2014-08-26T21:57:58Z
Cbk980jV7Ao,UgyCBrZaoSPW1X_OTfp4AaABAg,This is what we call awesome :),0,2012-12-02T06:46:15Z
Cbk980jV7Ao,UgwA-wiV3bIUXoGL6C94AaABAg,"why this film always make me cry and then make me smile!!!
OMG , how wonderful film......  :)",0,2013-06-20T16:54:08Z
Cbk980jV7Ao,UgzhQYX3MjmtD1CaNmd4AaABAg,it's just like what her mother said she have a beautiful smile ;) ,0,2013-09-01T13:04:18Z
Cbk980jV7Ao,Ugz80MguLqskk28Mo3F4AaABAg,This never fails to make me cry. ,0,2013-01-06T06:10:56Z
Cbk980jV7Ao,UgytMHMU2F7rl8gyFCl4AaABAg,Amen Greg... very powerful.,0,2013-07-12T18:22:31Z
Cbk980jV7Ao,UgxiOphFm-G2oG21qeF4AaABAg,I CRIED SO MUCH I CANT,0,2018-08-07T21:18:05Z
Cbk980jV7Ao,UgywfUZRoke8vOylQwJ4AaABAg,Sometimes we all need validation!! If you read this you are gorgeous,0,2020-01-28T07:02:19Z
Cbk980jV7Ao,Ugzem5A5F1MO_mT6vnR4AaABAg,"Thank you for such a beautiful movie. I watched ""Validation"" in 2008. You made my life full of positive attitude with the world. Thanks",0,2020-04-22T18:24:42Z
Cbk980jV7Ao,UgwmoviIsuZZppHg-Wd4AaABAg,How you treat others is the most important of our daily life everything you like for yourself do it for others smile,0,2020-06-22T01:48:30Z
Cbk980jV7Ao,UgwFrxFUVtzt8pma29d4AaABAg,I watched this video ten years ago and still watching ❤️❤️❤️,0,2020-07-09T19:51:25Z
Cbk980jV7Ao,UgwYl7mcsU1VAX1wO5l4AaABAg,the power of association,1,2021-10-21T15:20:28Z
Cbk980jV7Ao,UgiKqf3IulGJ9XgCoAEC,If every town had one or two of this guy the world would be a happier place,1,2017-07-09T07:29:07Z
Cbk980jV7Ao,UgxatEZzy-6qSVp3PWB4AaABAg,"This doesn't deserve a like, it deserves an Oscar, as well aa Nobel prize",0,2013-05-25T15:30:18Z
Cbk980jV7Ao,UgxhPvuc3jXd-F1N3V14AaABAg,"want to be the one like him , Happy to see one smile and know how to do it :) ",0,2013-04-09T17:44:13Z
Cbk980jV7Ao,Ugwr86d0hO8E3lBmEUB4AaABAg,"Its true ,,how a smile can change the whole environment around me....We all know this but thanks for reminding me again what I had forgotten......Its truly amazing video.",0,2018-01-23T15:59:30Z
Cbk980jV7Ao,UgwDX0eEmFHNdTfNh_J4AaABAg,"I have re-watched this for years.  If you feel down at all, this is the video to watch.",0,2019-06-29T05:57:25Z
Cbk980jV7Ao,UgxtlehERqTLarYnLc14AaABAg,I love this film!,0,2018-09-28T23:26:03Z
Cbk980jV7Ao,UgyN2apj4Fbh4C7RL554AaABAg,"Great Message of the Power of a SMILE,!",0,2019-10-25T12:18:00Z
Cbk980jV7Ao,Ugw1f-d_ybuosX8csh94AaABAg,They showed this to our entire junior high school. amazing video.,0,2012-12-24T22:13:29Z
Cbk980jV7Ao,UghbM2BpHeRerHgCoAEC,Merci beaucoup de Paris. I watch it over and over. A little (honest)  compliment (given or received)   makes a big difference in our daily lives.,0,2015-06-25T08:05:05Z
Cbk980jV7Ao,Ugzklh0473_1Tt_pmAB4AaABAg,HOW have I NEVER seen or HEARD of this until today. Fantastic!,0,2013-07-25T08:51:05Z
Cbk980jV7Ao,UgwN8IgKimCW_MBr6WN4AaABAg,the movie about smilling that make me cry...,0,2013-06-20T09:57:07Z
Cbk980jV7Ao,UgxdXw5sZRcqb67Gg_t4AaABAg,WOW !!! Made me smile.,0,2019-09-17T19:02:15Z
Cbk980jV7Ao,UgzGiQcOfjYJD-vQFjx4AaABAg,"So he is on national television, talking to the president, changing the world, yet nobody recognizes him.
GREAT video still!!",0,2012-11-29T18:44:12Z
Cbk980jV7Ao,UggXBGR1Hzw_dXgCoAEC,You are awesome Kurt.....You are great!!!,0,2014-01-05T06:17:55Z
Cbk980jV7Ao,UgxY9grh0ArapTI3RvB4AaABAg,"This film stands out from the 100 short films I watched here in YT. Great, really great film with the most creative and artistic thought.",0,2013-01-22T12:03:31Z
Cbk980jV7Ao,UgyvaDq6t5sI7ruybIp4AaABAg,Straight into Favourites and the Cheer-Up playlists with this!!!!!,0,2013-04-02T22:37:49Z
Cbk980jV7Ao,Ugwvmmjb4P7gAK5lPTF4AaABAg,"Great movie! Smiles, good vibrations, love. Let's go!",0,2013-02-22T09:55:54Z
Cbk980jV7Ao,UgxVAxFPHaI0ffdesOt4AaABAg,"what a great movie! I love it .
",0,2013-06-19T18:08:49Z
Cbk980jV7Ao,Ugw4DQf8CHcTfhAIo-J4AaABAg,"love, love, love, terrific job!
",0,2013-08-12T16:44:57Z
Cbk980jV7Ao,UgyfgpfcO_BJTqsKI394AaABAg,This made me smile. (:,0,2012-12-09T10:02:18Z
Cbk980jV7Ao,UghrYRVIAOnJnHgCoAEC,A smile is a curve that can make everything straight. That's a good way to validate,0,2017-01-20T19:05:15Z
Cbk980jV7Ao,UgyT1nGt9mmE8lVaEP14AaABAg,That is me I did good all my life I helped people by giving positive energy I changed there personality I am proud what I don you can too,0,2019-08-13T16:08:32Z
Cbk980jV7Ao,UgxXEcLt4kGRC6O0xmx4AaABAg,smile!!!,0,2013-09-16T00:25:09Z
Cbk980jV7Ao,UgyWZbMzjKLqdMirDSV4AaABAg,Love Love Love it...,0,2013-01-28T18:12:53Z
Cbk980jV7Ao,UgzGfde_7FssAlMzFOp4AaABAg,"this is so beautiful
",0,2013-03-17T01:32:58Z
Cbk980jV7Ao,UgzmXsG0j84fzhtqiLN4AaABAg,A friend shared this movie in office this morning. Seriously! It gave me positive energy to face my day.,0,2017-08-28T17:24:42Z
Cbk980jV7Ao,UgyarAYnM6QrgWJknxB4AaABAg,I like his words. Every time I am depressed I come here to watch this.,0,2019-05-31T14:05:08Z
Cbk980jV7Ao,Ugx6P0Cr7sDc9hCc0_t4AaABAg,Beautiful !!,0,2013-05-04T19:20:56Z
Cbk980jV7Ao,UgzD2e8g0nVSsDbSrUx4AaABAg,we need more validation booth for a better world..,0,2013-01-24T10:23:55Z
Cbk980jV7Ao,UgyAvyfUJMBZ-5bLPUx4AaABAg,This brightens my day no matter how sad i become,0,2013-10-15T14:31:01Z
Cbk980jV7Ao,UgwJOgVF19XScTW03uh4AaABAg,"I saw with subtitle in Spanish, ans i look the original for share...why not..a smile make a difference anywhere where you are.",0,2013-07-03T20:17:34Z
Cbk980jV7Ao,UgzaB9IJrHi-ZZ0yIqF4AaABAg,803 people need to be validated.,0,2013-06-26T02:26:24Z
Cbk980jV7Ao,UgyvTPO9prPQqk-e9Jh4AaABAg,Who will ever say that Hodgins from Bones will have this beautiful smile and sensibility... ,0,2013-11-01T19:09:36Z
Cbk980jV7Ao,UgyD6TO6wb6Hg9lhGNd4AaABAg,i woke up to THIS...THANKS!   :D,0,2013-02-05T10:30:37Z
Cbk980jV7Ao,UggtGMQpBA7Gz3gCoAEC,Omg! I love T.J. Thyne!,0,2014-12-10T20:19:15Z
Cbk980jV7Ao,Ugj3WQ1AKJXZf3gCoAEC,If ever i feel sad.. i watch this video ... its my favourite video...absolutely.... !!!,0,2014-12-14T08:09:09Z
Cbk980jV7Ao,Ugi5EceaQ4q-sHgCoAEC,Keep smiling :),0,2014-04-24T09:21:56Z
Cbk980jV7Ao,Ugw7jMAIBeednQFNDFp4AaABAg,great short movie,0,2012-12-16T03:16:24Z
Cbk980jV7Ao,UgyiVCRIvBDbFBGq3zV4AaABAg,Same! ,0,2013-03-22T18:39:44Z
Cbk980jV7Ao,UgxZr7SbATqc_C2skjt4AaABAg,"This is awesome.
I know too little people that complement others on the spot often and sincerly.
And seeing few people smile on the street and reading about a guy commiting suicide because nobody smiled doesn't help.
So, what do? As Ghandi said, be the change you wish to see in your life!
And so it is..",0,2013-04-18T14:34:18Z
Cbk980jV7Ao,Ugxd-zCPBiWWbD39XYN4AaABAg,A must see!... keep smiling :-) :-),0,2013-02-05T18:02:44Z
Cbk980jV7Ao,Ugx1ndmo-CXYhORZa3l4AaABAg,"This made me cry, and then smile. I hope you do, too.",0,2012-12-18T02:55:14Z
Cbk980jV7Ao,UgzIVpGGQeFgRnwDHwt4AaABAg,i just love it,0,2013-07-23T03:57:50Z
Cbk980jV7Ao,Ugy7MFP0hF2QlUwpN8B4AaABAg,By far one of the coolest shorts ever.,0,2020-09-16T02:38:17Z
Cbk980jV7Ao,UgytUOhvZhnG0LdB7c14AaABAg,oh! I am in tears! how beautiful this was!,0,2013-02-22T04:57:11Z
Cbk980jV7Ao,UgzjfuQi2bp-jSZe3Bd4AaABAg,Fantastic film. Good message!,0,2013-05-07T00:06:18Z
Cbk980jV7Ao,UgzhAgIAgeOaWgqb-VZ4AaABAg,"You are an incredible person, your deepest dreams will be realized, believe in yourself and don't forget, smile.",1,2020-07-09T20:02:36Z
Cbk980jV7Ao,UgzZzCSBUZmJLAj1cnF4AaABAg,Amazing short film,0,2018-09-28T15:17:49Z
Cbk980jV7Ao,Ugxc_LfiJsejoZRkGCR4AaABAg,One of the very best short films! Must Watch! Really Inspiring...:) ,0,2013-03-28T04:14:16Z
Cbk980jV7Ao,UgwDGqKmSGPSwWGa-vN4AaABAg,This guy can talk himself out of every situation! xD,0,2017-10-05T04:15:54Z
Cbk980jV7Ao,UgiMG9d5hVOj63gCoAEC,One of the best gifts Internet has given me in a long time.😊,1,2017-02-10T16:32:12Z
Cbk980jV7Ao,UgyMuxXTGXPvxPrmkfh4AaABAg,We all could use a little more of this.,0,2020-05-15T01:20:07Z
Cbk980jV7Ao,UgxhDHzp7l33cu0mpj54AaABAg,It was awesome!!! 651 people watch this upside down!! That's why they clicked the wrong button! :D,0,2012-12-18T20:14:21Z
Cbk980jV7Ao,UgyiPJzefXULiboPGN14AaABAg,"My boss send this video, what a great video! Brings me to tears 😥",0,2020-06-10T17:07:29Z
Cbk980jV7Ao,UgxmahgkNV2bbB9O8Sp4AaABAg,Love that movie! Besides it is good to unterstand for a german guy like me ,0,2013-02-20T17:04:22Z
Cbk980jV7Ao,Ugx6WtkYwUwVlfbOq1B4AaABAg,The best short film i've ever seen! =D,0,2013-02-03T17:24:57Z
Cbk980jV7Ao,Ugzef3UTqhAhDn6dFVB4AaABAg,"Beautiful beautiful movie... Luv this... ^^
",0,2013-05-11T16:31:41Z
Cbk980jV7Ao,UgzMYqSF40ikRZPwUld4AaABAg,I watched this back in 2008 after I graduated from high school and it literally changed my life,0,2019-06-18T12:53:00Z
Cbk980jV7Ao,UgwpqVzgYUPhiGO3WNd4AaABAg,Awesome :D keep smiling people ,0,2012-12-27T08:01:53Z
Cbk980jV7Ao,UgxxzuMFGtqQMHgG3Nx4AaABAg,this is my all time fave short film,1,2021-10-04T21:09:51Z
Cbk980jV7Ao,UgwToVXrXh1qHM7698x4AaABAg,love the song! Smiled!,0,2013-10-24T07:42:55Z
Cbk980jV7Ao,Ugy6xGzY79o1VUXT7054AaABAg,AWWW soo awesome!,0,2013-04-08T12:30:15Z
Cbk980jV7Ao,UgxTiGFbV0ifwlmeh1B4AaABAg,I spend 1 hour for find again this amazing shortmovie! Couse its AMAZING,0,2019-05-07T13:16:48Z
Cbk980jV7Ao,UgytRa1K8fAy_yHTFUB4AaABAg,"Very good, clever, simple yet elaborate. Nicely done. Might I add elegant...",0,2013-04-19T15:12:54Z
Cbk980jV7Ao,Ugz2qUqgpuVtR7MDmd14AaABAg,Very good storyline!!,0,2012-12-06T20:16:21Z
Cbk980jV7Ao,UgyKNh0FlNtFgfO1uVF4AaABAg,Awesome awesome awesome! 😄😁,0,2017-10-12T05:47:35Z
Cbk980jV7Ao,Ugzk72rkLhK60igzBWp4AaABAg,Fantastic!,0,2013-05-24T23:04:17Z
Cbk980jV7Ao,UggX1uxvh0bALngCoAEC,AWESOME FREAKIN SHORT!!!!!,0,2016-03-07T23:53:06Z
Cbk980jV7Ao,Ugzncjmx9aNj2ikacfV4AaABAg,"Thank you xx You made me smile and I shed a few tears. 
",0,2013-10-08T00:42:16Z
Cbk980jV7Ao,Ugzl2khuT8xALj_gIzp4AaABAg,this short movie deserves a lot of views! :'),0,2012-12-04T08:05:56Z
Cbk980jV7Ao,Ugh9isl4KtugqHgCoAEC,"Ana, you are amazing ! you are great ! you are AWESOME!",0,2017-03-06T18:33:17Z
Cbk980jV7Ao,UgwkJT4WaIZGutZpzoN4AaABAg,the man on this video should be example for everybody....,0,2013-04-05T20:55:53Z
Cbk980jV7Ao,UgzF8GrpcEwF3ZDfRVZ4AaABAg,"Man, I watched this a few years ago and completely forgot the title of it until tonight. Rad!",0,2013-02-27T03:43:28Z
Cbk980jV7Ao,UgxizPHTLO4lkjh8oe14AaABAg,You are awsome. !!!! You made an amazing movie.,0,2013-04-10T03:29:12Z
Cbk980jV7Ao,Ughgkg_3oE0VU3gCoAEC,I LOVED this,0,2014-01-04T04:50:14Z
Cbk980jV7Ao,UgxPnBe9gb3RgcluhlZ4AaABAg,"i love this
",0,2013-06-21T18:42:56Z
Cbk980jV7Ao,UgyRV6n5vUzAbAmXzXt4AaABAg,Amazing!  Just keep smiling :),0,2013-02-07T14:45:41Z
Cbk980jV7Ao,UgweVyRlT-KaJByTqix4AaABAg,It made me want to make people smile :),0,2013-05-19T00:25:47Z
Cbk980jV7Ao,UgynPmEeOBfiR5HSTct4AaABAg,So good. Made me smile.,0,2018-01-28T16:21:31Z
Cbk980jV7Ao,UgwKgB2jMVsOzVAFo5p4AaABAg,"really superb , give smile to other's face is very difficult. keep  always smile ....smile  on everyone's face",0,2018-01-25T07:36:17Z
Cbk980jV7Ao,UgxBlzxTm7I-hFyyu-Z4AaABAg,Excellent!,0,2013-08-24T16:43:01Z
Cbk980jV7Ao,UgzVx17YaZe_5G58YY94AaABAg,"Thank you for making this film!
",0,2013-09-12T16:17:55Z
Cbk980jV7Ao,Ugz5xuCQ_mEADTKtp594AaABAg,"Great!! AMAZING !!
",0,2013-03-29T02:18:23Z
Cbk980jV7Ao,Ugz34aWuLWMNPiruu7R4AaABAg,This short film makes me smile :],0,2013-02-14T01:29:42Z
Cbk980jV7Ao,Ugyj0xddVppfca6NPnB4AaABAg,people will still watch this in 2113,0,2013-06-27T07:26:52Z
Cbk980jV7Ao,UgyTtnTuDSDdKmsI5rx4AaABAg,i'm speechless...just smile :D,0,2013-01-15T20:36:29Z
Cbk980jV7Ao,UgznlPyr-ghNJFvbzAh4AaABAg,I always watch this when I am sad.,0,2017-09-09T21:56:16Z
Cbk980jV7Ao,UgyDkRU0wRj4Y7mgElh4AaABAg,"To a female who gives too much of headache,  All I will say is god will bless you and jesus loves you, Im human and I can adore you.  ",0,2013-02-18T16:10:28Z
Cbk980jV7Ao,UghPGMNbtDq7RHgCoAEC,it is so important to smile and smile and smile but not evry time :))),0,2014-04-16T13:44:11Z
Cbk980jV7Ao,UgzNjr6Wa3VA7YIp-NZ4AaABAg,"I like this short film ... it's awesome :)
",0,2013-04-21T14:26:52Z
Cbk980jV7Ao,UgxdRVaPa0fz8Z7v6kF4AaABAg,"Great film! Thank you!
",0,2013-05-01T15:10:54Z
Cbk980jV7Ao,UgyUncCwkDNfYHd6ihN4AaABAg,"Somehow I cried, this short film touch my heart, Thanks!!",0,2012-12-14T06:02:35Z
Cbk980jV7Ao,UgwmtNmXCmrRmnxNIVp4AaABAg,wonderful.,0,2013-10-02T21:00:41Z
Cbk980jV7Ao,UgzUFjUfbWnjrqJVNFV4AaABAg,Ah shit my feels.,0,2013-06-21T04:40:05Z
Cbk980jV7Ao,UgxXFrKSKKgkEpY7Mm94AaABAg,THIS is GREAT!,0,2013-08-02T01:09:31Z
Cbk980jV7Ao,UgyBkZ3SUBe3qvxSFb94AaABAg,Saw this in my management training today. Awesome video! Warm fuzzies!,0,2013-01-19T05:40:01Z
Cbk980jV7Ao,UgxMi-6NR9H4rO4Vmud4AaABAg,"Best youtube video EVER!
",0,2013-01-17T09:10:40Z
Cbk980jV7Ao,UgzoYUvjubo7_s5QXAd4AaABAg,Brilliant!!,0,2018-05-07T20:12:15Z
Cbk980jV7Ao,UgzIUKzxEvo4foR49dV4AaABAg,Now THAT is a SMILE! <3 <3 <3 You guys are AWESOME! <3,0,2013-10-04T01:36:37Z
Cbk980jV7Ao,UgxlHDnnBphE7ZY3lM94AaABAg,Casting TJ for this role was the best idea ever.,1,2020-08-09T13:41:18Z
Cbk980jV7Ao,UgypmfLrwaOmaQKW-2h4AaABAg,This is so great...,0,2013-04-25T01:40:53Z
Cbk980jV7Ao,UgzOgIJ1tmBSpkZ6Hlh4AaABAg,I LOOOOOVVEEEE this! Seen it so many times now!,0,2013-01-07T07:20:54Z
Cbk980jV7Ao,Ugws3-db8CNwQ6q68YB4AaABAg,Wonderful !!,0,2013-02-02T02:56:28Z
Cbk980jV7Ao,Ugg5y8_EpsLdTHgCoAEC,The world would be a better place if everyone watched this short film and then smiled.,0,2014-03-30T04:20:56Z
Cbk980jV7Ao,UgyaHCMTetfzWj8PXMN4AaABAg,Im here to be validated.,0,2019-11-05T02:34:00Z
Cbk980jV7Ao,UgyTTj87qIo_203Bt414AaABAg,"9 years later, still great!",0,2018-01-21T13:09:48Z
Cbk980jV7Ao,UgiOM8VtLS1cl3gCoAEC,素晴らしくハッピー！,0,2013-11-08T03:57:23Z
Cbk980jV7Ao,UgyVKyXMxDN0_3V9_-V4AaABAg,"Whenever I feel Sad I come back to see this miracle of love. Thanks to the creators, you save my life. ",0,2013-01-02T05:54:25Z
Cbk980jV7Ao,UgxMsvorsIQpMqc7Ozt4AaABAg,Love this,0,2020-05-18T20:01:51Z
Cbk980jV7Ao,UgwJUHjIF-kSyYKX1hJ4AaABAg,WHY THE HECK WOULD ANYONE DISLIKE THIS?!,0,2013-09-18T19:12:26Z
Cbk980jV7Ao,UgwnpsXr8Bjg3FvsrH94AaABAg,WOW! Super!,0,2013-01-14T07:23:38Z
Cbk980jV7Ao,UgxeGxb47DpyJcXMD6Z4AaABAg,this is SO good. ,0,2012-12-14T04:48:40Z
Cbk980jV7Ao,UgjIKycKQ4__k3gCoAEC,Absolutely Fantastic!,0,2015-02-22T21:36:52Z
Cbk980jV7Ao,UghGX7aASyEZg3gCoAEC,I came across this on the YouTube home page years ago and whenever I'm down I watch this video and smile. I can't say that about a lot of movies let alone short films. :),0,2015-11-16T20:07:11Z
Cbk980jV7Ao,Ugwh4W6UTXaIeUCR4ux4AaABAg,YOU!,0,2013-07-25T23:59:41Z
Cbk980jV7Ao,UgwjdQhmfoyG4FCc75t4AaABAg,Life is wonderful and so are YOU!,1,2020-01-28T18:07:39Z
Cbk980jV7Ao,Ugi_O7qw3ypmBHgCoAEC,"this short film is used for my college english course midterm essay. upon typing this, I haven't even read the essay prompt, but i can already see why it is used. It's a beautiful story that is well executed in every way, and I'm not just copying Hugh",0,2015-10-23T19:32:43Z
Cbk980jV7Ao,UgiSNkUHoo-BRHgCoAEC,Wonderful!,0,2014-12-27T16:25:58Z
Cbk980jV7Ao,UgibGk8CK6L8ZXgCoAEC,That was shockingly good!,0,2015-11-19T17:04:17Z
Cbk980jV7Ao,UgwvEzN7c-C1WEGP6KV4AaABAg,Absolutely brilliant!,0,2013-09-02T23:10:31Z
Cbk980jV7Ao,Ugg4cYkSBrrt6HgCoAEC,I cried ... on a youtube video. I did not expect that. That was just ...,0,2017-02-16T21:28:19Z
Cbk980jV7Ao,UgxByLNRHqpg8lfHOIR4AaABAg,a amazingly nice short movie. My congratulations for the director with my thanks for the good time enjoying it. Hope to see more of him.,0,2013-04-11T09:45:15Z
Cbk980jV7Ao,UgzHHrm_AipTsUV95ex4AaABAg,"its him,king of the lab ! :P",0,2013-10-16T08:09:54Z
Cbk980jV7Ao,UggdS-61OpwmD3gCoAEC,love love love it,0,2013-11-27T21:26:50Z
Cbk980jV7Ao,UggkjrjwpT5PN3gCoAEC,I can relate so much I love to see people ☺ smile,0,2017-05-02T20:57:14Z
Cbk980jV7Ao,Ugz-2iNUgcydB-1paxZ4AaABAg,"If only people could get really infected with this... Beautiful! <3 Tears flowing...
",0,2013-10-07T14:14:53Z
Cbk980jV7Ao,UghYdKUEwvAd2ngCoAEC,AWSOME!,0,2014-05-15T15:07:35Z
Cbk980jV7Ao,Ugh6wb-78AexhngCoAEC,Watched this for training purposes working with developmentally handicapped individuals a few years ago....it has since bled into other areas of my life as well.  love this video...:),0,2015-11-08T14:34:06Z
Cbk980jV7Ao,UgzHp3n_agC91YabUkp4AaABAg,Love this,0,2017-12-01T17:08:25Z
Cbk980jV7Ao,UgyP93fQSn7OS5Ow1wJ4AaABAg,I keep coming back to this movie. It's really wonderful.,1,2013-10-09T04:50:33Z
Cbk980jV7Ao,UggLoxFau24wpngCoAEC,Ich liebe es! ,0,2013-12-29T13:37:49Z
Cbk980jV7Ao,UgiBXI9GMzYAS3gCoAEC,Great beginnings!,0,2014-03-09T20:46:02Z
Cbk980jV7Ao,UgyGamG55vWAGv7ML6B4AaABAg,Who... who left these onions on my desk,0,2013-06-21T06:35:59Z
Cbk980jV7Ao,Ugjp_eHFUtpE73gCoAEC,absolutely gorgeous!,0,2013-12-14T01:15:03Z
Cbk980jV7Ao,Ugg4WN_bl0EIRHgCoAEC,Awesome...I have no words...,0,2015-01-23T19:52:22Z
Cbk980jV7Ao,UgwQKgJH9jPCJcwZPPd4AaABAg,I very randomly got here and I'm so glad I did! 😁,0,2020-02-23T16:35:20Z
Cbk980jV7Ao,UgyQot7e1HWSi3jVDaJ4AaABAg,"You, are great!",0,2013-10-12T17:40:13Z
Cbk980jV7Ao,UgxNc_8HqTacAFYpDht4AaABAg,"KURT KUENNE, YOU ARE AMAZING! YOU ARE AWESOME! You did so much here. Writer, Director, Composer, Co-Producer. Just one is a lot, but clearly this video couldn't be here without you. I've detected a number of themes for people to connect to. -- Okay, I'm validating :) But I'm also a Writer/Lyricist, so it's Sincere.

This is my 2nd time watching. The 1st was with a Job Training Classroom full of people laughing at the beginning & still smiling at the end when we had our photos taken for badges.",0,2013-07-27T21:02:05Z
Cbk980jV7Ao,Ugimsnbk9wRC_3gCoAEC,What a fantastic short story! Must watch!,0,2015-01-02T09:13:16Z
Cbk980jV7Ao,UgyccTc9EfTyKZW8HXp4AaABAg,"Amazing!
",0,2012-12-23T20:09:30Z
Cbk980jV7Ao,Ugjsx7nETpAA13gCoAEC,I won't forget to smile and you... you are amazing don't ever forget that ;)!!,0,2013-12-06T00:37:19Z
Cbk980jV7Ao,UgwImjWCy21Ih5WQPft4AaABAg,I love it!,0,2012-12-26T10:20:38Z
Cbk980jV7Ao,Ugy0SEC1NkKFlHsrv8p4AaABAg,You are great. ,0,2013-02-24T23:46:52Z
Cbk980jV7Ao,UgyADyhSbSdpPZOfoid4AaABAg,you are GREAT!!,0,2013-03-03T17:54:20Z
Cbk980jV7Ao,UgxdsLm-f0JnUeE31MF4AaABAg,No words to say :) just want to say thanks for making this :),0,2013-04-09T10:09:28Z
Cbk980jV7Ao,UgxC8Aap1tLMWlnkHAp4AaABAg,Love this!,0,2019-08-14T15:07:05Z
Cbk980jV7Ao,UgzTiUMaTDb_OaK8yb54AaABAg,"Great movie!!! I love it! D
",0,2013-08-09T10:33:06Z
Cbk980jV7Ao,Ugw5bwCacvdfhN7jBtt4AaABAg,LOVE THIS SHORT FILM!! 😁😁,0,2017-11-09T13:04:13Z
Cbk980jV7Ao,UgwBmoeX8uMVasFv-El4AaABAg,Made my day. always loved this actor as well,0,2018-02-15T15:53:48Z
Cbk980jV7Ao,UgzG_93vW2mWhHz6ewF4AaABAg,"So, so inspiring! Love you!",0,2012-12-14T00:47:16Z
Cbk980jV7Ao,Ugy9bBGDSrdZuWy5lk14AaABAg,"Saw this short movie few years ago... My friend who I helped recently sent me the link to thanks me. It's so good to see it again, you're great. Thanks for it.",0,2019-03-24T08:34:25Z
Cbk980jV7Ao,UgyAH8e7lSsYXsCtwlN4AaABAg,WOW!!!,0,2018-11-03T20:04:24Z
Cbk980jV7Ao,UgzT4LaiHe_G6f41ERN4AaABAg,"Amazing! Thank you!!!
",0,2013-04-07T20:55:31Z
Cbk980jV7Ao,UgyLkMCjQf0u8fXZNah4AaABAg,"You are great!
",0,2013-01-08T19:30:11Z
Cbk980jV7Ao,Ugyo8ydWLfJtQUCdRZZ4AaABAg,This is so beautiful.I miss watching this daily,0,2019-10-11T12:13:59Z
Cbk980jV7Ao,UgxoTtsfgyKJ1111T1l4AaABAg,You are great!,0,2013-10-03T13:39:11Z
Cbk980jV7Ao,UggMo-_n19e1n3gCoAEC,Can't believe I saw it from beginning to the end and enjoyed so much..,0,2014-08-16T02:52:14Z
Cbk980jV7Ao,UgwFKbnVJ16fn-D16SZ4AaABAg,You are freakin awesome!,0,2013-02-27T12:00:20Z
Cbk980jV7Ao,UgxsxilONcEtUe_AA2R4AaABAg,"Very well done..
",0,2013-07-17T21:45:23Z
Cbk980jV7Ao,Ugz9PKq4QWd6sDMcsnR4AaABAg,"Simpy great ..a Smile..can do anything.,,",0,2013-10-05T19:34:46Z
Cbk980jV7Ao,UgzvYq6WqOnPnxYEnyZ4AaABAg,fantastic...,0,2012-11-30T12:14:44Z
Cbk980jV7Ao,UgzPJByC_v0TxML4WDp4AaABAg,This made me smile 🙂,2,2021-10-16T08:58:32Z
Cbk980jV7Ao,UgwEIeWCECCjMjZnPkl4AaABAg,you guys rock !,0,2013-07-23T10:37:21Z
Cbk980jV7Ao,UgyKAjEWT6NVyULh0Mx4AaABAg,I actually Love this!,0,2013-04-26T05:49:14Z
Cbk980jV7Ao,UgyJCXgDZoXfYFQJiGh4AaABAg,"Thank you, I knew I'd seen him somewhere before.  Thought it was Chuck though.  Need to refresh on my T.v!",0,2013-01-17T02:42:30Z
Cbk980jV7Ao,Ugzz_9gAZJRls5gP4_p4AaABAg,To be with someone you love while watching this video is such a great moment. Try it. Such an amazing video😃,0,2013-10-03T04:02:00Z
Cbk980jV7Ao,UgyjMdHobvFrXgQExrp4AaABAg,"Bueno, a sonreír!!",0,2013-01-19T20:47:04Z
Cbk980jV7Ao,UgiHxHvEsE2UpXgCoAEC,"Doesn't it make you wonder about the 900 or so people who ""disliked"" this video? They need to smile. I really loved this.",0,2015-08-13T12:26:56Z
Cbk980jV7Ao,UgiNbe0HgzjvdHgCoAEC,"Happy New Year 2016
Get out there this year and give more positive validations and more smiles
to all. It doesn't cost much  we all can afford it.",1,2015-12-31T15:43:08Z
Cbk980jV7Ao,UggqEB4dF3HxHXgCoAEC,"Wow, that was awesome. How sweet.",0,2014-01-30T23:19:29Z
Cbk980jV7Ao,Ugy_rWvcmFspAZY1JbZ4AaABAg,I loved this!! Unique and original.,0,2013-01-29T05:27:36Z
Cbk980jV7Ao,UggGr0D-fZP3JXgCoAEC,Beyond Beautiful.  Would type more but can't see screen...  Tears....   Thank you.,0,2015-12-05T06:23:49Z
Cbk980jV7Ao,UgzwWE1U9O9W4DzZEgZ4AaABAg,Still a perfect video to watch.,1,2019-08-03T08:23:38Z
Cbk980jV7Ao,UgwJfeYlFjsmayDAOIV4AaABAg,Beautiful :),0,2013-07-07T13:09:51Z
Cbk980jV7Ao,UgyPqjjRSCIp1L4_YTd4AaABAg,"Hi, to all the people who comment after me. You are very special! You are light in the dark, for someone! You are smart and beauty, in the point. You deserve all the good things in the world! Continue and have a beautyfull live!",2,2020-04-16T22:25:29Z
Cbk980jV7Ao,Ugw7jEdxljK6vxjIGUN4AaABAg,I smile,0,2013-03-02T18:19:18Z
Cbk980jV7Ao,UggNA7oG7VPkpngCoAEC,This video was sent to me because of the smile in my pic... that's about the best validation anybody could ever want... thank you for such a wonderful story.,0,2014-01-08T19:13:05Z
Cbk980jV7Ao,Ugw5qMCQMfB9nx_OBfB4AaABAg,One of the best movies I've ever seen. Truly amazing.,0,2013-10-07T23:28:08Z
Cbk980jV7Ao,UgzSgrTfmUZ-r23ra394AaABAg,This I think was one of the most beautiful things that I’ve ever seen 😢 it made me cry honestly 💯😌,0,2020-09-09T22:49:55Z
Cbk980jV7Ao,UgzvOCmwxDBTOx82k6F4AaABAg,just LOVE it!,0,2013-02-21T21:15:26Z
Cbk980jV7Ao,UgyhRB4P_8D78VNh1hp4AaABAg,you are awesome!!!!♥,0,2012-12-05T10:56:14Z
Cbk980jV7Ao,UgjzFN5LO-PBnngCoAEC,So beautiful! Thank you,1,2014-03-06T02:24:20Z
Cbk980jV7Ao,UgypdbVSomsw2DRGxk54AaABAg,extraordinary sir.,0,2018-08-20T07:20:49Z
Cbk980jV7Ao,UgxnwPn0EvQRVhKDNIB4AaABAg,"then we shared the same feelings
",1,2013-01-16T16:44:31Z
Cbk980jV7Ao,Ugz7F5gFGHztLcv2OZl4AaABAg,"Hrm, this video moves me to tears. It moves me, my heart. But i find it quite shallow too, or at least not showing the richness of validation a la DBT. As i understand it. (just started learning about what validation is, it sure is magic)

Snuset it could be called ”Compliments”, since it’s lacking the depth of really seeing, hearing & validating what’s going on for(within) another person - the way he just compliments & shows appreciation  for everyone.

Or maybe there’s something i don’t see that lots of you see...

Apprechiate watching this though, to be moved to tears & to feel my heart.",0,2019-05-09T07:31:57Z
Cbk980jV7Ao,Ugy7c__gg1xheVTuzY94AaABAg,This hits hard in 2020,1,2020-08-25T01:34:15Z
Cbk980jV7Ao,UgzX-Y_5K1mw54p1KZl4AaABAg,Majestic....:),0,2013-06-02T13:31:23Z
Cbk980jV7Ao,UgijX4U2WuMDn3gCoAEC,This is great watch all the way through.,0,2015-04-06T22:36:19Z
Cbk980jV7Ao,Ugxy2mUNf4jBc5hCglJ4AaABAg,Yes it is.,0,2013-06-17T00:47:22Z
Cbk980jV7Ao,UgwOTGdx8uwVmE4TlpJ4AaABAg,SUPER! ) AMAZING! ),0,2012-12-24T12:29:56Z
Cbk980jV7Ao,UgwHiwCiHBRRomEnzcZ4AaABAg,"We watched this in my studio productions class today, was great! ",0,2013-01-18T22:13:44Z
Cbk980jV7Ao,UggxtcOos0ZHy3gCoAEC,Amazing,0,2014-04-10T18:04:45Z
Cbk980jV7Ao,Ugz5gNwD6bj5AVtIqsF4AaABAg,"I want you and TJ to make a bazillion movies together.  If I win the lottery, I will finance this and make it so. ",1,2013-02-23T02:54:53Z
Cbk980jV7Ao,UgwhTlYMR0rSF2d911h4AaABAg,"Be the change U want to see around U
",0,2013-06-02T04:33:43Z
Cbk980jV7Ao,Ugy_M_cuNB9eKu8f6E94AaABAg,Great!,0,2018-07-05T12:30:31Z
Cbk980jV7Ao,Ugz-ZZzcCGwuAzYyusZ4AaABAg,Dr. Hodgins in a classic film. 🙂,1,2020-02-25T19:20:57Z
Cbk980jV7Ao,UgxIh28TSQzqxrm1VNl4AaABAg,My social psych professor showed this in class today and I couldn't get through it without smiling because THAT'S HODGINS,0,2017-10-03T09:52:34Z
Cbk980jV7Ao,Ugyp1_GetkYaZgIvj1J4AaABAg,yeah it's a wonderful film... ☺,0,2017-12-08T01:52:10Z
Cbk980jV7Ao,Ugydtb6qXs6Zgm1wpSN4AaABAg,Congratulations. You are great !,0,2020-05-09T18:54:33Z
Cbk980jV7Ao,Ugy6S1m0HLff4dnyEjh4AaABAg,"Fantastic, every time I watch it.",0,2021-05-12T17:50:21Z
Cbk980jV7Ao,UgywfXI7id7It3VHMZR4AaABAg,Awesome😎,0,2017-11-28T20:38:08Z
Cbk980jV7Ao,UgiQf1f5XKYRA3gCoAEC,AWESOME,0,2014-10-28T09:08:36Z
Cbk980jV7Ao,UgxUm_Pae2oFRp9PwH94AaABAg,Just love this!!,0,2013-08-29T13:44:38Z
Cbk980jV7Ao,UgwdKFQTfQQKubtrY4F4AaABAg,Love It.,0,2013-01-21T12:49:08Z
Cbk980jV7Ao,Ugg8crc1fdQywHgCoAEC,I love this film and taking,0,2017-01-30T02:28:35Z
Cbk980jV7Ao,UgzmWKRnHG-h1kWj0l14AaABAg,"That's where I recognized him from. It sure looks like him. Somebody needs to check the names on the credits, but I think it is.",1,2013-07-27T21:15:14Z
Cbk980jV7Ao,UgiaaI8mlr7QdHgCoAEC,Awesome !!,0,2014-06-03T06:07:21Z
Cbk980jV7Ao,UgxFhKLAKQjMkjCQiO94AaABAg,"i have to watch this short film for my study,this short film give me a lot more than what i need to learn,thanks TJ you're amazing.",0,2013-10-01T20:05:59Z
Cbk980jV7Ao,UgyfVqZarX8nQ8oW8hx4AaABAg,Awesome 😊,0,2018-05-01T07:56:56Z
Cbk980jV7Ao,UgwcmZkTWZu8V7qVyN94AaABAg,beautiful,1,2021-10-20T04:43:40Z
Cbk980jV7Ao,UgwruWZFIO7AIgXqN0t4AaABAg,Very nice!!!,0,2012-12-09T01:05:12Z
Cbk980jV7Ao,UggtTthrr7-cHngCoAEC,Perfect!,0,2015-01-18T17:26:54Z
Cbk980jV7Ao,UgyeaLTTspTTWMwNBy54AaABAg,"Everyone has a story:)
",0,2013-02-11T23:28:54Z
Cbk980jV7Ao,Ugx7OlZOVsb9ohTIyE14AaABAg,"Wth? Why this video have 647 dislike? This is the greatest video ever


",0,2012-12-09T04:42:42Z
Cbk980jV7Ao,UgzPoAKFgb0S_WGrbsN4AaABAg,Lovely and sweet!!! I love it!!!,0,2013-08-06T11:53:53Z
Cbk980jV7Ao,Ugw7QaLvfqeZjz4svxJ4AaABAg,Come on everybody smile smile smile fill his heart up with sunshine sushine!,0,2013-06-22T20:21:29Z
Cbk980jV7Ao,Ugjcoou_GlfV1XgCoAEC,I love this movie now I can't stop smiling thank you so much!!!!!!,0,2016-01-04T22:29:26Z
Cbk980jV7Ao,UgxgGQ5uRO3yDAqOyN14AaABAg,Wow this is great! Wish I had seen this sooner,0,2013-01-23T02:55:13Z
Cbk980jV7Ao,UgyOkxERB2KfQxoXAct4AaABAg,Yeah! 690 people are beautiful :),0,2013-03-20T23:43:50Z
Cbk980jV7Ao,Ugx_TvakJQ5I-3gk9jd4AaABAg,this is amazing,0,2018-06-10T05:11:57Z
Cbk980jV7Ao,UggOqT_5iTeB8XgCoAEC,This short film always makes me smile! =),0,2014-11-14T11:49:57Z
Cbk980jV7Ao,Ugz9WrlXQN_UK9Wf16Z4AaABAg,omg this is amazing,0,2013-03-06T06:43:39Z
Cbk980jV7Ao,UgyRBzp9zU_18fXMreV4AaABAg,"Just loved this video
",1,2013-11-06T06:16:19Z
Cbk980jV7Ao,UgiE250OLGFOLXgCoAEC,I really now believe that smile is addictive. I end up watching this with face like hollywood smile long with mouth dropped down :DDD,0,2014-02-09T01:04:28Z
Cbk980jV7Ao,Ugyaf67OLqYeEc8f9oZ4AaABAg,"thank so much it's meaning for me
",0,2012-12-30T08:23:07Z
Cbk980jV7Ao,UgwGNyIh1RGHNsGNYpV4AaABAg,Thank you for this film,1,2018-10-30T12:53:24Z
Cbk980jV7Ao,Ugg_ZFVashA2bXgCoAEC,"You...
You are awesome!
We need more positivity!",0,2014-03-19T01:26:10Z
Cbk980jV7Ao,Ugi30gTQY2SVTHgCoAEC,My studio teacher brought me here lol,0,2013-11-16T04:09:09Z
Cbk980jV7Ao,UgzK2XB01OCSkISIPZ54AaABAg,Genius! You are GENIUS!!!,0,2017-08-12T17:18:07Z
Cbk980jV7Ao,UgySGA9zdseJReK0pGl4AaABAg,"awesome!
",0,2013-03-15T15:38:19Z
Cbk980jV7Ao,Ugy_dESua13kribkKcl4AaABAg,"you are awesome......
",0,2013-07-18T09:52:31Z
Cbk980jV7Ao,Ugw2nY-7hpe-ODmxekp4AaABAg,"amazing, I feel better after watching this movie,thank you",0,2020-07-16T01:10:21Z
Cbk980jV7Ao,Ugz2uOm3n_Nfnr_jii54AaABAg,"This might be the most sad, happy, perfect video out there.",0,2021-05-28T22:29:38Z
Cbk980jV7Ao,UggoQpD8mH_DTXgCoAEC,Потрясающе!!!,0,2013-11-16T08:35:46Z
Cbk980jV7Ao,UgzA8043r96hNSimGel4AaABAg,great great,0,2013-01-02T16:40:36Z
Cbk980jV7Ao,UgwQnmBKMT8qIQDB30V4AaABAg,"love it
",0,2013-01-10T02:11:12Z
Cbk980jV7Ao,Ugya7KBUI6cAw6OA2Xh4AaABAg,I think I watched this for the first time five years ago. It never fails to make me SMILE,2,2018-09-21T03:23:00Z
Cbk980jV7Ao,Ugzx3IVniwSj_vhywth4AaABAg,"The end always gets me, this is so powerful, wow.",0,2013-06-24T00:53:19Z
Cbk980jV7Ao,Ugw26YigxC7uhSk8vZh4AaABAg,Guys I gotta say that I've seen this at least ten times and I can still say that it's my favorite short film.,1,2013-11-02T06:35:41Z
Cbk980jV7Ao,UgwZ4-YdOyiOjGkvXRJ4AaABAg,Good short. It has it's cheesiness too but a great message and well done!! Thumbs up.,0,2013-10-16T23:01:15Z
Cbk980jV7Ao,UghvxvykyJY9t3gCoAEC,A dear friend shared this with me...and it made me feel love. What an awesome friend!,0,2014-03-03T19:48:22Z
Cbk980jV7Ao,UgywvhGpK_C_E0RLSWx4AaABAg,The guy at 9:25 I think he is the Actor who played 'Nico' in the French series 'EXTRA',1,2018-01-23T17:09:31Z
Cbk980jV7Ao,UghSALqgbrXimHgCoAEC,"Very, very great short film.",0,2017-07-14T17:01:30Z
Cbk980jV7Ao,Ughr7fTpjEvCnXgCoAEC,I had to watch for my Chemistry class. ,0,2014-01-27T22:38:17Z
Cbk980jV7Ao,UgjhC2BI04i1vngCoAEC,THIS MAN HAS INSPIRED ME TOO SMILE!!!!!!!😃,0,2015-10-03T03:30:21Z
Cbk980jV7Ao,UgxwAfLe4og8CAIOoit4AaABAg,I first saw this on the website Atom Films when it was still around.,0,2020-05-31T18:57:50Z
Cbk980jV7Ao,UggAuPAsgFV_8HgCoAEC,Das sollten mal noch mehr einfach mal probieren - es funktioniert ganz automatisch. I like it! I love it!,0,2013-12-06T23:09:46Z
Cbk980jV7Ao,UggQvONtj2ZMcngCoAEC,fantastic short film :),0,2014-04-24T04:41:03Z
Cbk980jV7Ao,UgynzB_sKcZiSW4on3R4AaABAg,"I have a suspicion that I could start a highly successful dating site for singles solely based around the question ""did you LOVE the short film Validation"".  It just feels that people that are looking for someone are looking for exactly the kind of altruistic kind of love that is portrayed here.",0,2013-10-16T13:06:59Z
Cbk980jV7Ao,UgxmVtgNIvwElyMWUQp4AaABAg,beutiful short¡¡¡,0,2020-07-10T00:51:29Z
Cbk980jV7Ao,Ugw2Amtue3cU5kkuvZJ4AaABAg,Greatest short film out here! Love it again and again!,0,2013-03-12T13:39:44Z
Cbk980jV7Ao,UgzfCaNxtNKY3XNd44h4AaABAg,"that was great!!!!!!!!!!!!!!!!!!!!!!!!!!!!!!!
",0,2013-03-03T16:41:12Z
Cbk980jV7Ao,UgyDGREimXuMymA_xyd4AaABAg,"I was angry and sad, and then i watched this and it made me feel better! :)
",0,2013-01-27T08:12:07Z
Cbk980jV7Ao,UgwOaomB8sb0-KB7QMR4AaABAg,its awesome video i have ever seen best short movie .... after watch this 100% smile will come  on everyone  face ... :-),0,2013-04-10T05:11:39Z
Cbk980jV7Ao,UgySbZ9sI2nOK3n69Fp4AaABAg,"This is fantastic -3 reminds me of myself, I just need to get past the phase of ""not smiling"" and need to ""smile smile smile"" again :)",0,2013-07-15T17:29:07Z
Cbk980jV7Ao,UgwTjvZwyJYWI-UHhM54AaABAg,"This is probably the most beautiful film I've ever seen. Thank you very much Kurt Kuenne, you've made the world a better place
",1,2013-03-18T23:33:05Z
Cbk980jV7Ao,UgxywaKqIhieoVPtAP54AaABAg,"Fantastic Video! It made my day!!!
",0,2013-08-05T04:29:12Z
Cbk980jV7Ao,UgzqFBh3ck6-zsCWgsZ4AaABAg,"I love this, I always happy cry :) ",0,2013-07-23T06:42:24Z
Cbk980jV7Ao,UgyncODcKZkBW4TPYY14AaABAg,That woman (victoria) beautiful smile :),0,2013-10-19T00:08:56Z
Cbk980jV7Ao,Ugx_lyBauwrqJjYNl_94AaABAg,"Gran mensajeee!!! yehaaa!!!  SONRRIE =)
",0,2013-05-09T17:33:55Z
Cbk980jV7Ao,UgxySNfsQjCtdOmETuZ4AaABAg,"Moving.Thats all i can say.Very well written, it deserves more attention",0,2013-09-25T01:37:52Z
Cbk980jV7Ao,UgwZWN6_u9-9zNd-WrJ4AaABAg,"I love it!!!
",0,2013-07-13T20:55:23Z
Cbk980jV7Ao,UgwoemSr9LmoSqxTT814AaABAg,Nice!,0,2013-05-07T19:59:36Z
Cbk980jV7Ao,UgiTDOTyFGn6XHgCoAEC,HOLY SHIT that was awesommmeeeee !!! ,0,2014-04-01T18:54:28Z
Cbk980jV7Ao,UgyZBy0KEK2_eH9QomN4AaABAg,TJ Thyne is so handsome!,0,2013-04-24T04:11:18Z
Cbk980jV7Ao,Ugyx98ry1ECBewTkY4l4AaABAg,"super !
",0,2013-02-07T17:30:44Z
Cbk980jV7Ao,UghD1xzeUnIfFHgCoAEC,This is easily the best thing I've seen all day.  Positive and uplifting.  Awesome!,0,2014-10-29T17:04:40Z
Cbk980jV7Ao,Ugg0dmq3OFuRTXgCoAEC,Thank you Susie Ammons for sharing this great lil clip.,0,2015-03-10T20:29:00Z
Cbk980jV7Ao,Ugx1v4dn_FqetEn6-_94AaABAg,Such a great video!,0,2013-10-20T16:35:53Z
Cbk980jV7Ao,Ugxbw6dHdcQIvaQs6b14AaABAg,"that guy from bones! :D
",0,2013-03-24T04:38:00Z
Cbk980jV7Ao,UgzJGZTXgPljEcNjQNt4AaABAg,You are awesome :),0,2013-03-28T03:35:56Z
Cbk980jV7Ao,UgwQ4cN23N8zqnwEB_h4AaABAg,"You are a talented filmmaker sir, able to bring us straight to the heart of humanity. Thank you, you are an inspiration.",0,2013-02-16T18:26:03Z
Cbk980jV7Ao,UgwpOOATJg1bROZXDI94AaABAg,so amazing!,0,2018-08-09T11:24:38Z
Cbk980jV7Ao,UgyKHK5XeCaxKGaCQml4AaABAg,"came across this on an old blog i had from 2010 - almost 10 years later and this still holds up - cheesy, sure, but what a great message",0,2018-09-06T17:39:51Z
Cbk980jV7Ao,UgzN7pQ_F0MKy-RgFLV4AaABAg,This is a great movie!! Thanks for uploading it!!!! and keep on SMILING!!! Life's wonderful indeed!!! :-),0,2012-12-25T23:54:31Z
Cbk980jV7Ao,UgziBXCOqDAAFB4kIup4AaABAg,Hodgens!!! I love his voice :) he makes me so happy,0,2013-05-04T01:02:00Z
Cbk980jV7Ao,UgxJuP5-D_DsEKZFPx94AaABAg,"really amazing movie.....ძაააან მაგარიაააა!!!!!
",0,2012-12-03T15:38:39Z
Cbk980jV7Ao,UghPlrXM-4fBFXgCoAEC,wow!,0,2014-02-28T17:14:23Z
Cbk980jV7Ao,UgwUDDVjwgfSqsSP4sJ4AaABAg,"Yep, this was worth it. I am smiling.",2,2021-10-23T16:28:01Z
Cbk980jV7Ao,UgztXm80WtAdPCmzg1J4AaABAg,"It has to just be a bunch of Jamaicans thinking that they're clicking ""dis I like.""",1,2013-04-08T02:14:12Z
Cbk980jV7Ao,UgzWHgmR1VfCcjWSPnN4AaABAg,"now it 699  hahha ... but  we have reason to smile bcoz its 65,950 still smiling including me and you ... haha  .. enjoy",0,2013-04-10T05:10:08Z
Cbk980jV7Ao,Ugy01KUPqfUcslBuWR54AaABAg,Loved it!!!!!,0,2020-07-19T05:04:34Z
Cbk980jV7Ao,UgyzkiCKlek926s4AFx4AaABAg,Now this is a rare find. Pure genius!,1,2021-10-16T03:55:06Z
Cbk980jV7Ao,Ugz8WjInLWSXmBLRNMt4AaABAg,that's such a fresh and original idea!very well done!,0,2013-03-22T17:08:42Z
Cbk980jV7Ao,UgiMFHagbb9ds3gCoAEC,Espectacular este corto jejeje,0,2014-07-02T06:23:13Z
Cbk980jV7Ao,UgxfgfrPeoIq9qTUJNx4AaABAg,This was amazing!,0,2013-01-18T14:19:26Z
Cbk980jV7Ao,Ughk39tvL-dd-3gCoAEC,"""Bones"" brought me to this video. Not only uplifting, but I enjoy all the twists & turns in plot as it explores all the ways to get validated. Made me smile at the cleverness & creativity of the makers!!!",1,2014-12-31T21:52:01Z
Cbk980jV7Ao,Ugx3iYvX6iOs79g-E2F4AaABAg,i have smile again  :),0,2013-04-18T06:49:58Z
Cbk980jV7Ao,UggdcP2-K801HXgCoAEC,"Огромное спасибо за прекрасный фильм!!! Это советы моей мамы , записанные на другой  стороне нашей прекрасной планеты!!!  Люблю вас!!!",0,2016-02-29T21:16:12Z
Cbk980jV7Ao,UgwUNWKHVeBhClyMU6V4AaABAg,Aww :3 ,0,2013-02-12T19:58:12Z
Cbk980jV7Ao,UgwNDPgEjS8l_3Vkw154AaABAg,I wish Zachary and his dad could see this,1,2020-05-28T02:02:13Z
Cbk980jV7Ao,Ugw87Mjux3uEs86bwsp4AaABAg,"It just came to me that the word ""validation"" is used in two meanings =] The 3rd time I watch this.",0,2013-07-20T18:23:55Z
Cbk980jV7Ao,UggnklN0JdJnTHgCoAEC,That was so FUN! God bless you!,0,2014-12-09T06:19:30Z
Cbk980jV7Ao,Ugi3IOfQKvHRNHgCoAEC,I love this movie.  I can't stop smiling.,1,2016-02-25T22:58:20Z
Cbk980jV7Ao,UgyuwpqgA5e_yB221lp4AaABAg,I wached this video today !,0,2019-03-28T02:43:44Z
Cbk980jV7Ao,UgiYokDq4Nw3F3gCoAEC,Best short film I've ever seen! I got more out of this than most full length inspirational movies,0,2017-01-05T00:59:43Z
Cbk980jV7Ao,Ugj_UhXoVNOz9HgCoAEC,Love this!,0,2015-03-19T16:39:30Z
Cbk980jV7Ao,Ugz8_jbCAXpBaHqXUVt4AaABAg,Your movie is so great. You really are wonderful. Now SMILE dammit! ,0,2012-11-28T00:46:30Z
Cbk980jV7Ao,UgzjTXXKBARkCzv1Hkx4AaABAg,"Muy buena!
",0,2013-05-02T15:46:37Z
Cbk980jV7Ao,UgyXKnJ4nSFoxj5rrG54AaABAg,"you  are great,awesome....",0,2013-04-18T13:53:38Z
Cbk980jV7Ao,UgyKW0G5kFczhOociZ94AaABAg,uplifts the spirit-  great  movie- regards from israel,0,2012-12-24T13:04:10Z
Cbk980jV7Ao,UgyNFNsxCWJybP7u5s94AaABAg,"Compared to 61976 likes, 647 dislikes are insignificant.",0,2012-12-12T06:58:12Z
Cbk980jV7Ao,UgyO6L38Mmi6DXlbiUt4AaABAg,"""You paid for parking... for me?""",0,2020-03-07T09:54:37Z
Cbk980jV7Ao,UgxsqLtWx8t0B0ilEWt4AaABAg,"I watched this earlier today, and oh man did I love this",0,2013-02-10T04:40:05Z
Cbk980jV7Ao,UgwW_AeuXYxkza7QDuJ4AaABAg,I have never seen such a adorable video... I really love it sooooooooo much... Genuinely it's the best thing I have ever seen... Love from India to all of you and your beautiful family ♥️♥️♥️♥️♥️,0,2018-09-27T19:15:52Z
Cbk980jV7Ao,UgyTGqXDUbONkOSZbg94AaABAg,"Awsome 10/10
",0,2013-06-24T04:47:30Z
Cbk980jV7Ao,UgzBDydQ7GRUiUYZgm54AaABAg,"Oh my God,this was great!! Absolutely great!!",0,2013-06-23T10:14:45Z
Cbk980jV7Ao,UgwOCFMIQZXoWqz79-t4AaABAg,"I will always remember Mr Davis whenever I watch this
He introduced this to me
It's a memory",0,2013-06-05T04:49:44Z
Cbk980jV7Ao,Ugz-HDbjmfePfiB7ymV4AaABAg,LOVE IT! :D,0,2013-01-25T18:27:17Z
Cbk980jV7Ao,UggeX0wwmpl6nngCoAEC,I didn't notice that I was smiling on the first part of the video. ,0,2013-12-26T10:28:10Z
X4EcUcoo0r4,UgwzxEu07dDObzSXvk94AaABAg,"Thanks so much to everyone watching and enjoying Timepiece!!! It really means a lot!
If you want to see the story of how we made it, check out our new video: https://youtu.be/CvLaj0lSEd0
Thanks - Breathing films ⚡",296,2025-05-09T16:18:20Z
X4EcUcoo0r4,UgzFWwRnPLr0nsS_Lc54AaABAg,"Beautiful short film. He ran out of time to meet her ... in his life, but; he gifted her some time... for her life instead!
  Also I love that it is called ' Timepiece'  both an old term used for a watch, and; the gift of a ' piece of time ' given from one soul to another.  Beautiful.💖",2041,2024-10-04T23:57:38Z
X4EcUcoo0r4,UgzIVGB9V_cHhXt9sIV4AaABAg,"[ 7:45 ]  ' Sometimes even the most
 distant memories can be
 the closest 
 CHECK YOUR WATCH '  ...

 It's a  triple Timepiece, her reality,
 his reality & their meeting
 for the first time.",552,2024-09-28T04:42:27Z
X4EcUcoo0r4,Ugw5M2As18P-B8vpZq54AaABAg,"The challenge of youth is not realizing these relationships will end, we always think there will be more time.  There is a fantastic poem out there called The Last Time.  It talks about how we don’t realize when something is the last time - the last time a kid holds your hand, the last time you hug your parent, etc.  This has really helped me slow down and savour moments with people I love.  To stop rushing through everything..",42,2025-11-09T12:38:26Z
X4EcUcoo0r4,UgwnWP7qVwwCMVe8Z154AaABAg,"For someone who never met her grandfather, i can't even describe how touching this movie is. 
How many times have I imagined such ""meetings"" with him, during difficult and anxious moments when everything seems scary.
Very good project, also the cast is great.",57,2025-05-25T23:20:27Z
X4EcUcoo0r4,Ugw95eUK2e1jK9SR-tp4AaABAg,8 minutes of brilliance...time travel  at its  finest  thank you,682,2024-09-29T09:50:07Z
X4EcUcoo0r4,UgxB3-jvqpjmmnNTWZZ4AaABAg,It makes me cry. My daughter also wears her dad's watch. He passed away 2 years ago. We miss him a lot.,292,2024-11-06T07:49:41Z
X4EcUcoo0r4,UgzvweGBh42g_u8aCY14AaABAg,don't we all wish for this timepiece sometime?,104,2024-09-12T18:18:20Z
X4EcUcoo0r4,UgxHYEdgMWBVvcBVtgl4AaABAg,Should have done closed captions on the written note.,38,2025-10-11T02:02:30Z
X4EcUcoo0r4,UgyhKm8XracpAYgTriB4AaABAg,Sometimes even the most distant memories can be the closest.,9,2025-03-31T06:02:45Z
X4EcUcoo0r4,UgzitqKOnTbmW__7hI94AaABAg,"As my father lay dying in a hospital bed. He was still wearing his old watch, and wouldn't have it taken off. It was given to me on the day of his funeral. It doesn't work, but I treasure it.",171,2024-10-23T13:02:15Z
X4EcUcoo0r4,Ugwpcp7rZRItVdtYNoJ4AaABAg,A study in understated elegance.,56,2024-10-09T12:29:45Z
X4EcUcoo0r4,Ugz1gjv5PJFDscF2QMd4AaABAg,"What a wonderful note. What a wonderful message; ""Sometimes the most distant memories can be the closest."" Beautiful. It is amazing that these short movies have the most meaning. ""Timepiece,"" I'll have to watch it again. Her grandfather said that he ran out of time. Yet, he was there to give her more time at a trying time in her young life. I am sure that through the passage of time, she will not forget the time she met her grandfather. Or, when the watch he gave her started ticking again. Thank you, Breathing Films. Well done.",455,2024-12-06T06:56:38Z
X4EcUcoo0r4,Ugy_8KVIgpipb_yRwbh4AaABAg,"Man, that was a REAL gem.  This one's gonna hit a million views as it should.  Well done.",24,2025-01-15T01:49:58Z
X4EcUcoo0r4,UgzVsNLSPuiDbQnPgd54AaABAg,Remember to entertain a stranger because you never know if it was a Angel ❤,6,2025-02-28T02:56:58Z
X4EcUcoo0r4,UgxNEBOEepU5M0nVSeh4AaABAg,"This film made me cry. So poignant, so expressive, so full of meaning. Thank you!",178,2024-10-06T06:55:35Z
X4EcUcoo0r4,UgzWZI4Sz78LURHKSch4AaABAg,"Quite by chance, this popped up on my YouTube channel on the 36th anniversary of my grandfather's passing.  Thank you for creating such a gentle, quietly moving piece that evoked some happy and very profound memories.",221,2024-10-05T14:30:20Z
X4EcUcoo0r4,Ugw70hFNUVbHSq3vTn94AaABAg,"In this busy and complex world, when I pause and look around, I realize my precious family is right there with me. That gives me strength. I felt a lot from watching this film. Thank you",487,2024-11-15T10:07:59Z
X4EcUcoo0r4,UgwLSKKzHfZOqlnLXn14AaABAg,"I am a ""late in life"" baby. All four of my grandparents died within six months before i was born in 1961. I'd give so much just to see their faces...",10,2025-05-15T03:04:04Z
X4EcUcoo0r4,UgzXP3h02Ss36hDqcsd4AaABAg,I can only say “WOW” I’m speechless 🙌🏼 Talented young filmmakers,8,2025-05-29T09:23:14Z
X4EcUcoo0r4,UgwiTqiAwlObCUs8mhl4AaABAg,The old man makes this for me. There is something low key yet charismatic about him.,39,2024-10-07T23:01:21Z
X4EcUcoo0r4,Ugy8fYBYkwzPNy1jPfp4AaABAg,I am a person who loved a girl who died of cancer. I never got married and never met any girl after that. I am now 45 years old and I lived alone. This is my story in life.🥹😔,1483,2025-03-01T00:52:20Z
X4EcUcoo0r4,Ugw0m5w6Uh-s201pVKl4AaABAg,So she got to meet her granddad but didn’t realise who he was. What a lovely story - thank you,121,2024-10-01T23:02:25Z
X4EcUcoo0r4,Ugxggjj1InhG2GgisvJ4AaABAg,"Well done! The story, acting, and filmography... excellent!",113,2024-11-28T16:59:33Z
X4EcUcoo0r4,UgxPN2bAOQjH1C2Holp4AaABAg,youtube decided to show an ad about watches right after this lol,4,2025-02-01T02:07:36Z
X4EcUcoo0r4,Ugzp9Gp0IJhpUtxzqL14AaABAg,"Gratitude for such a beautiful, hopeful little movie.",6,2025-01-26T23:49:21Z
X4EcUcoo0r4,Ugz_aexorV4dKfKl_hx4AaABAg,"I watched this little gem of a film a couple weeks ago and immediately was touched by it's simple portrayal of life as a young college student late for her class and in the end is gifted by a visit from her grandfather, who she never knew. Her regret is expressed by his broken wristwatch which she proudly wears years later. The mystical appearance of her grandfather is one of reassurance, but also of love and regret that he ""had to leave"" before meeting her. I now have returned to watch it several times. It has such a comforting effect on me. Sweet and creative film.",346,2024-11-12T11:28:31Z
X4EcUcoo0r4,Ugwin-vVBJW94Q3ILnF4AaABAg,"Modern fairytale:  If only we can grant wishes to those we love.  Thanks for the well made, enjoyable film.",88,2024-10-26T14:22:24Z
X4EcUcoo0r4,Ugw-KdtJXwgKqT5dCTl4AaABAg,I was deeply touched by this short film.  Magical.  Sincere thanks 🙏,61,2024-10-08T00:51:24Z
X4EcUcoo0r4,UgyKOB5ssBRPlAZil154AaABAg,sometimes even the most distant memories can be the closest,0,2026-01-01T05:28:48Z
X4EcUcoo0r4,UgzBjx5j7qtLOAYtgWt4AaABAg,"This short is beautiful. I'm a veteran, an old one. The navy. I've lost goodfellows and I've risk my life. So now I've got another perspective of live. What's really important.",6,2025-08-18T01:06:18Z
X4EcUcoo0r4,UgzwdGJhQvmMu7QJc3l4AaABAg,I think all of us that miss a loved grandparent probably teared up over this. Miss you everyday grandad Stan 😢,38,2024-10-21T16:57:02Z
X4EcUcoo0r4,UgwRMjBqQ5FLNb3dl094AaABAg,"A mystical experience, and a loving one.",24,2024-09-28T21:31:42Z
X4EcUcoo0r4,UgyuxnTmN8loRUH_NaZ4AaABAg,The gift of a little time. Really nice film,21,2024-09-29T08:13:24Z
X4EcUcoo0r4,UgxX9TLBWnpHkZdsSiZ4AaABAg,The music. So good. That piano at the end along with the dial tone. Best bit of the film 👍🏻,6,2025-03-21T04:50:58Z
X4EcUcoo0r4,UgwL7PZnSAtOLmJ2AKd4AaABAg,This popped up on the 10th anniversary of my dad's passing. I miss him everyday.,12,2024-11-21T23:17:20Z
X4EcUcoo0r4,Ugwv1PdiT8rL_2r4T0p4AaABAg,This deserves more recognition absolutely beautiful,33,2024-10-08T15:40:49Z
X4EcUcoo0r4,UgwY21oLqitOWRw5Cuh4AaABAg,"How beautiful,  thank you everyone involved!",39,2024-09-20T01:38:55Z
X4EcUcoo0r4,UgzU17iKhuDzsY_l0xp4AaABAg,It's like you lost your horse and getting it back.,0,2025-12-27T19:29:02Z
X4EcUcoo0r4,UgwFdqtoAEqv1n5B4qF4AaABAg,Thank you so much for this heartwarming short film. I enjoyed watching it.,1,2026-01-01T05:40:21Z
X4EcUcoo0r4,Ugxk6JrQGnNi24iR_vh4AaABAg,"Thank you Noah, Yuli, Immie and Robin. This is gorgeous. Poignant, moving and beautiful. ❤️",65,2024-09-30T11:56:12Z
X4EcUcoo0r4,UgwkgEpzHvSJ9IK1tcp4AaABAg,"Amazing ❤❤❤
She did all the things in those 6 minutes! Didn't she?",18,2024-09-25T18:01:31Z
X4EcUcoo0r4,Ugz24u032O4JQv7xhaF4AaABAg,Sometimes the most distant memories can be the closest...,5,2024-11-17T07:32:44Z
X4EcUcoo0r4,UgzrZwgSvWzkAN4K3k14AaABAg,We all will run out of time  sometimes  -  so make the most of what time is given with the ones you love ❤️ and the ones that love you 💝,4,2025-06-20T22:38:44Z
X4EcUcoo0r4,UgxoOqDeTdkKndznF1R4AaABAg,"Strange...this is literally what I was thinking about moments before saving it to watch later and during the first few seconds. 
I've never met my Grandfather and have often thought of sitting on a bench wanting to talk to him, ask about his thoughts and feelings, get advice. I have his ties, left to me, more than 7 years before I was even born...it's literally a tie that binds us together.",2,2026-01-06T16:46:16Z
X4EcUcoo0r4,UgwdPSq8uw_eXKlvB9l4AaABAg,I did not know my grandparents well. The bit I knew of the grandfather who lived the longest did not leave me with memories of reverence. So I envy those who hold such connections with this kind of reverence. I wonder what I missed.,11,2024-10-30T21:43:54Z
X4EcUcoo0r4,UgwH2v9gHL8LLw_d2Hl4AaABAg,"Loved this, understated, and thoughtful, well done indeed",36,2024-09-06T22:24:18Z
X4EcUcoo0r4,UgwR2bIEutwkVeaYiLh4AaABAg,Wow. Amazing plot. A very simple story and a great emotion. Thanks for shooting and uploading.,27,2024-11-02T06:32:51Z
X4EcUcoo0r4,UgyGJ9lH9N4faBCkCQZ4AaABAg,"I liked the film before even starting it because I knew it was going to be just beautiful, I was not disappointed!! I get so tired of just the traditional love film, this was so whimsical and fun and yet deep about a different kind of love, so good make more please!!!",28,2025-02-01T15:50:01Z
X4EcUcoo0r4,UgysgV3UoD65Iu2TJdx4AaABAg,"@ 2:53. The missed exam, and the expectation that we can retake it…subtle reminder that time is not our own 💐. ❤",11,2025-01-26T04:23:28Z
X4EcUcoo0r4,UgxSNOaQWOuLwoft0GN4AaABAg,This made me miss my grandpa. I was 17 when he passed.,7,2024-10-04T02:33:13Z
X4EcUcoo0r4,UgyAN1a51C_ynzjhzGB4AaABAg,"I'm a 75 YO man & in my experience I can tell you that people her age don't ask questions of men my age, particularly under circumstances like that.
I wish it wasn't so.",86,2024-10-02T03:39:12Z
X4EcUcoo0r4,UgyLYH3y-VQLq_nPOU14AaABAg,"Aiming to still be here for my granddaughter’s wedding in a few years. It’s going to be a close run thing, but I will be grateful for the time that precedes it.",53,2024-10-06T21:29:38Z
X4EcUcoo0r4,UgzT5sgpM7b7RGJo3Vd4AaABAg,So sweet!! Thanks for this kind message.,0,2025-12-05T13:06:05Z
X4EcUcoo0r4,UgxRKeTjz7pBPl5q6994AaABAg,Spend your time with who really loves you.,1,2025-12-05T19:18:16Z
X4EcUcoo0r4,Ugyg5CPR5e1SblcZDW54AaABAg,Very touching and emotive film.,25,2024-09-30T23:08:15Z
X4EcUcoo0r4,UgwYZknL514SP32HlxZ4AaABAg,I think the old man was her late grandfather n the fact that watch was originally his…. He just came to calm her down,9,2024-10-04T18:11:33Z
X4EcUcoo0r4,UgzYMOakGjv9011EQY54AaABAg,You can always please your granddaughter with magic✌️,6,2024-11-05T22:01:39Z
X4EcUcoo0r4,Ugzw7qn-ljRkhWweDGt4AaABAg,"This was a masterpiece. My grandfather passed away a couple of weeks ago, and I needed this the most. Unlike other creators who make horror short films, this was actually a fantastic short film. I almost cried watching this. Please continue making films like this, which are different.",3,2025-02-01T06:41:41Z
X4EcUcoo0r4,UgysKvEinBcO4h8EYLB4AaABAg,This was a wonderful short film! Thank you so much.,2,2025-05-12T16:03:24Z
X4EcUcoo0r4,Ugyjh1XkXZGNvPKqgC14AaABAg,She didn't miss her bus😅,5,2024-11-02T03:31:13Z
X4EcUcoo0r4,Ugxx7z1qLR9n-olC8NR4AaABAg,This Amazing! ❤ wonderfully done missing my grandad as well 🙏,10,2024-10-03T15:15:29Z
X4EcUcoo0r4,UgyampxJjxdWDXJtWed4AaABAg,An excellent film!!! Congratulations!!!,13,2024-09-26T17:27:48Z
X4EcUcoo0r4,Ugy33zfiVn-1xCRUAcl4AaABAg,I love it the grandpa makes a timepiece for her 😶,2,2025-11-10T07:17:29Z
X4EcUcoo0r4,UgwQDpMn4bIm7sqe1j54AaABAg,A wonderful memory of her unknown grandfather that will have a positive influence on her life.,2,2025-03-18T10:21:50Z
X4EcUcoo0r4,UgzCbzGHPGAXMbzfqXZ4AaABAg,That was beautiful and uplifting. Thank you.,14,2024-10-08T03:13:29Z
X4EcUcoo0r4,Ugz7Fg1_5TJa30xjT-l4AaABAg,Made me feel emotional witch made me cry at the end after watching this masterpiece. I feel so thankful for my family and always try to remember to be HERE NOW instead of looking back on mistakes and thinking about what the future has to bring witch leads to overthinking and stress. I hope all of you enjoy your time with your loved ones and wish you all a Happy New Year.,22,2025-01-06T00:50:06Z
X4EcUcoo0r4,UgyRV-gS2FASTrhCXKZ4AaABAg,"What a cracking film. Gives a tremendous message in such a simple way, and with few words. Very little spoken verbally, and that makes it all the more powerful for me. This lovely old man reminded me of my Father. I have his watch now, and I wear it always. It looks very similar to the one belonging to the girl's late Grandfather 😍",53,2024-10-03T07:56:23Z
X4EcUcoo0r4,UgyyC6I88PagC0_dpFN4AaABAg,"I knew exactly what was going to happen the moment she said it was her grandfather's watch; knew that it would be him and that time would be turned back so she didn't miss the exam - yet it was still a pleasure to watch it play out to its end. And that is the mark of a good film, when you'll watch it through even after you know what's going to happen. Well done!",3,2025-05-15T16:22:55Z
X4EcUcoo0r4,UgySK_tgXPPzMiPZvPd4AaABAg,I am sure she aced her exam. Beautiful movie.,1,2026-01-11T08:54:13Z
X4EcUcoo0r4,UgwgYsBi59NlU0nMOwl4AaABAg,What a sweet story.,10,2024-09-27T19:20:15Z
X4EcUcoo0r4,UgzZl8evdqJi3Z5_uFV4AaABAg,Beautiful What a beautiful gift he gave to her,5,2024-11-01T10:14:34Z
X4EcUcoo0r4,Ugy_-mmXrV00HnhKpIN4AaABAg,Well done everyone. So touching and beautiful.,7,2024-10-04T04:58:47Z
X4EcUcoo0r4,UgwpMzvHc4tIjOhz7zV4AaABAg,"I remember, I surprised my Papa with a watch, and a year after that, he left us. Sometimes I'm thinking, the reason I bought him that was because his time is almost running out. It's still fresh in my memory how happy he was when he opened that box. And now I misses him every time.",2,2025-10-26T15:48:05Z
X4EcUcoo0r4,UgxhTQEBbjGJc3FxXX94AaABAg,What a wonderful note,1,2025-10-31T04:00:01Z
X4EcUcoo0r4,UgyO4PTQbZ5gD8LOb1Z4AaABAg,Wonderful. For some reason tears are running..,6,2024-10-02T07:55:48Z
X4EcUcoo0r4,UgyCuyjOXw_iBSFauAJ4AaABAg,"What a beautiful film, beautiful sentiment. Brought a tear to my eye with its message.",6,2024-10-27T13:24:46Z
X4EcUcoo0r4,UgycObDQdnJq-3rT5fx4AaABAg,What a magical piece of beauty,11,2024-11-03T19:39:52Z
X4EcUcoo0r4,UgwxLDa1wGpBsd8QO3V4AaABAg,"The approach taken to explore the ""timepiece"" narratives is truly commendable.",0,2025-12-13T13:28:37Z
X4EcUcoo0r4,Ugxd4JVkDZ3zjzZ3aVB4AaABAg,"Ok , your grandpa has repaired the watch for you. 😂",1,2025-07-08T08:56:45Z
X4EcUcoo0r4,UgzxhnwlWO2PlUCPLn14AaABAg,Had another REWIND  of this .....found even more  enjoyment the second  time,5,2025-03-09T10:57:10Z
X4EcUcoo0r4,UgzII77vbV7qCy7HT0Z4AaABAg,An absolutely lovely film !,19,2024-09-19T19:27:34Z
X4EcUcoo0r4,UgwMxfjCVBEIFgrGQ7R4AaABAg,It's very important to remember that it is much easier to communicate with a loved one after they pass because the physical and emotional barriers that they once could erect are no longer at their disposal.,1,2025-11-29T09:34:59Z
X4EcUcoo0r4,UgxLm0ED6WkE-SEPpop4AaABAg,Thank you Noah. Meaningful story.,1,2025-08-21T22:58:12Z
X4EcUcoo0r4,Ugy5dVa2wf_rW22YCGF4AaABAg,5:28 Brioliant actor!!! I choked and nearly cried. I could feel the tears building up. THIS is movie brilliance. Reminds me of opening scene Forest Gump. Brilliant!!,8,2025-01-18T04:04:01Z
X4EcUcoo0r4,UgzBq0XYBYZdQkRf9Ud4AaABAg,Well written and well shot short film❤️,6,2024-09-29T10:38:54Z
X4EcUcoo0r4,UgxMRlJsROOVPqm9jYh4AaABAg,This film made me cry so full of emotion and meaning 🖤,10,2024-11-06T19:50:50Z
X4EcUcoo0r4,Ugxxa_pEil0CS0v6Kkx4AaABAg,He was an Angel. This was such a beautiful little short story.,1,2025-07-27T08:32:04Z
X4EcUcoo0r4,UgyvON_hceGDTJ8n6ix4AaABAg,she had a magical encounter with her late grandfather and he arranged things to make her get on time for her exam. Nice.,1,2025-11-22T17:17:50Z
X4EcUcoo0r4,UgyKPx4o1_XfOP0gTuB4AaABAg,"Perfect story,great end, incredíble meaning, kisses from Puerto Rico 💋💋💋💋",11,2024-11-05T18:59:13Z
X4EcUcoo0r4,Ugxjt4cvMZOAxg7ARSJ4AaABAg,This was very cool 😎 I could watch these all day long😅😅,10,2024-09-16T07:06:50Z
X4EcUcoo0r4,UgzuLVCTo3TUXlmC2YN4AaABAg,"I fully admire these 18 year young Ones making Conscious Films.

Good Job.

Blessings to you both !",11,2025-03-19T20:41:06Z
X4EcUcoo0r4,UgyXjn-MswIEwKELmhJ4AaABAg,Time is a precious gift.,1,2024-12-18T17:36:56Z
X4EcUcoo0r4,UgxV_phmjxH2lRoe2mR4AaABAg,WOW !! This movie has left tears in my eyes! Thank you for making it!!,1,2025-08-20T21:04:44Z
X4EcUcoo0r4,UgxGe3uD0zf-M5TmhVB4AaABAg,"excellent! typical of British classics - not a lot of filler, good story and not over-acted",23,2024-10-08T13:52:45Z
X4EcUcoo0r4,Ugx23Xmj08OD-rPGRAF4AaABAg,Thank you for this lovely film....I bet this happens a lot more than people suspect.,3,2025-04-06T18:42:55Z
X4EcUcoo0r4,UgwswFkLodB-iQMPB0t4AaABAg,This is wonderful! So beautifully filmed and very moving 😍,55,2024-09-07T08:24:58Z
X4EcUcoo0r4,UgyAhmIxhi8asjN7M4p4AaABAg,Heart touching! Timepiece is beautiful story. Highly appreciated,1,2025-08-13T08:28:29Z
X4EcUcoo0r4,UgxbM5IEwSY7N9iPBAp4AaABAg,Nice quote I felt that,0,2026-01-15T05:07:25Z
X4EcUcoo0r4,UgwprofFpW1nKwdvif94AaABAg,"Where is this wonderful place where, if you miss your bus, another comes along 4 minutes later??😂",15,2024-09-26T17:47:12Z
X4EcUcoo0r4,UgxhA3N__ERUnbLWSoJ4AaABAg,Great dialogue script - thanks for the upload!,5,2024-10-05T05:14:13Z
X4EcUcoo0r4,UgyFhL6gVREGZAnd2UN4AaABAg,Thank you that was so touching and very beautiful,9,2024-10-06T10:57:45Z
X4EcUcoo0r4,UgylUKnqx8FXKACgLoh4AaABAg,"Thank you, I really enjoyed that!  I wish my grandpa could come back....",1,2025-11-26T01:44:45Z
X4EcUcoo0r4,Ugy6SWk922Ta4L-_lb54AaABAg,"Simply brilliant, thank you.",2,2025-12-10T13:20:21Z
X4EcUcoo0r4,UgyEOzMEwFkMJ8iwJXZ4AaABAg,"For some funny reason, this short film took me to another long one named Mr Morgan's last love. Check it out, you won't regret it.",7,2024-10-02T14:01:46Z
X4EcUcoo0r4,UgyvHkFfEwwv5hFkcy94AaABAg,This one gave me chills :(((,6,2024-09-30T18:45:35Z
X4EcUcoo0r4,Ugy5tQK2iO9WeD-8yEt4AaABAg,"Thanks, beautiful film ❤",6,2024-10-03T04:15:57Z
X4EcUcoo0r4,Ugwj4w2btDL_8xTxpLh4AaABAg,"Here I am again, Breathing Films. One more time. This short film is my favorite. I rate movies, jokes, and memories according to how many times I remember them. I keep coming back to this film. Thank you.",1,2025-08-29T08:31:43Z
X4EcUcoo0r4,UgzLTMWmxDX5VOEtq_N4AaABAg,Beautiful.  Brought a tear to my eye.  Just realised it was filmed in Bristol - Yay!!,1,2025-11-13T16:47:16Z
X4EcUcoo0r4,Ugxr4MGSePhbs3PrgSR4AaABAg,waaow ! i mssed my grandfather here.,4,2024-10-08T06:59:06Z
X4EcUcoo0r4,UgzNgDyHX0BhjMvudKt4AaABAg,A beautiful film. I enjoyed it very much!,13,2024-09-22T09:46:29Z
X4EcUcoo0r4,Ugzsl0qpLrC4IKhB5z94AaABAg,"I love time travel movies. And then suddenly YouTube recommended me this video. I´m not disappointed. In fact, this is a beautiful film. Great acting, great directing and script. Thanks so much! Much love from Acapulco.",3,2025-04-04T01:47:17Z
X4EcUcoo0r4,UgyLUUvs41S9P4bxTqx4AaABAg,"really liked this, especially that little surprise at the end. so much with so little.",0,2025-05-01T03:20:24Z
X4EcUcoo0r4,Ugz7FYhC9mKHcT0-QVB4AaABAg,Nicely done. Thanks,1,2025-11-29T21:13:52Z
X4EcUcoo0r4,UgzKp1V_QlyZQYefmEZ4AaABAg,"Ahh, how nice of her old granddad to come back from the dead and create a shift in the time-space continuum. 
He watch-ed out for her.
Geddit?!!
I'm here all week.",4,2025-07-04T08:01:49Z
X4EcUcoo0r4,Ugwnh0VP6m1yrjUhidR4AaABAg,1:54 I love how the bike magically changes,7,2024-12-24T18:16:06Z
X4EcUcoo0r4,UgyjkqJYEMZ9WotY-iJ4AaABAg,"That was a beautiful film. My Grandad died before I was born, imagine if that could happen! So heartwarming 😊",5,2024-10-22T10:17:21Z
X4EcUcoo0r4,Ugz_KsRNTb2XBv_Rp5J4AaABAg,She'd better pass that exam now.,1,2025-01-11T21:10:45Z
X4EcUcoo0r4,Ugw0mGizxwNBw-QquYJ4AaABAg,I don’t recall seeing any of the four grandparents as they all passed away before I was five years old. I realise the loss that I suffered as I now play with my 4 grandchildren.,1,2025-08-01T06:39:30Z
X4EcUcoo0r4,UgxYkVl3oxIJpz11CnJ4AaABAg,What a beautiful film. Loved the music too.,3,2025-01-06T12:27:43Z
X4EcUcoo0r4,UgyOB-zwpwaWFCdsTB14AaABAg,"Wonderful film. Beautifully shot, the young ladies hair colour along with the fallen leaves gave this a warm wonderful feel, and of course the story line was brilliant.",29,2024-11-15T19:14:40Z
X4EcUcoo0r4,UgwJDXWRz84Ptp4PtP54AaABAg,Aww! I became emotional. It's a good story as well as performance. Thank you all.,7,2024-10-06T10:13:20Z
X4EcUcoo0r4,UgwGkcbUVlZlFhZwr9t4AaABAg,Oh my! So much emotion rushing in my heart at the end. Well done!!,0,2025-09-30T19:43:37Z
X4EcUcoo0r4,UgwVtkLPLH3Zi2TtX_14AaABAg,beautiful！,2,2025-10-01T13:46:54Z
X4EcUcoo0r4,UgzqwzWLgYn-pDT2zvl4AaABAg,Our most treasured asset in life........Time,3,2024-12-10T09:32:34Z
X4EcUcoo0r4,UgyAzz0rPO_64juAtn94AaABAg,Perfect short film.,4,2024-10-09T13:19:55Z
X4EcUcoo0r4,UgwlMENtFrDhX4pEYsp4AaABAg,"I wear my Grandfathers watches, when I look at them, he still gives me time. 1930's Alprosa, 1950's Hamilton",6,2024-10-29T22:26:18Z
X4EcUcoo0r4,UgwBUL7heOAmBUwDuJh4AaABAg,"Oh wow. That was such a nice piece, thanks a lot to the whole team ❤",0,2025-09-05T11:59:18Z
X4EcUcoo0r4,UgwUB3ueamJFziORQLN4AaABAg,"The day before my dad passed away he did not go to the hospital to visit my mom.
At dinner time he told me he went to the mall to get his watch cleaned.
What did he want to tell us by doing this on the last day of his life on this earth ?
Two weeks left before his anniversary . A beautiful short film . Thank you for sharing !",2,2025-05-27T10:35:00Z
X4EcUcoo0r4,UgwDdC83hAy9SWC-Tlh4AaABAg,Very nice!,7,2024-09-16T20:35:55Z
X4EcUcoo0r4,Ugyrra6BIe9qB4ClQhF4AaABAg,Brilliant video!,5,2024-09-29T18:16:48Z
X4EcUcoo0r4,UgwjLMBZ6Kxqgt9TT1t4AaABAg,What a cute story.,5,2024-10-02T07:13:42Z
X4EcUcoo0r4,UgwEwBrYNICILV5Djzx4AaABAg,I watch this every couple of months because what happened was between only the two of them. And we can only hope that one day we experience a reunion with someone you knew or preceded you in life.,1,2025-02-18T03:52:23Z
X4EcUcoo0r4,UgyDTjZvVt00qJOYt5J4AaABAg,"My grandfather died around 5 years before I was born, at age 74. My mother told me many times that she wished he could have met me.",1,2025-03-30T02:48:00Z
X4EcUcoo0r4,Ugxw3qCAxruLFPqsIed4AaABAg,"Such a neat idea! And everything was handled perfectly. I love watching films like this, cuz it makes me motivated with my own films. Keep it up!",6,2024-10-18T05:26:34Z
X4EcUcoo0r4,UgwrmfV3fo2i0_atNvV4AaABAg,Hermosisimo!! Tengo todavía lagrimas que no se me quieren caer.. de la emoción tan intensa!! Hermoso!! Gracias!! Saludos desde bs as Argentina!!,5,2024-10-06T00:46:49Z
X4EcUcoo0r4,UgyIhSe2PdCz35_8z0h4AaABAg,Well done! 🎉,5,2024-10-06T19:54:44Z
X4EcUcoo0r4,UgxXuVackELGS5RHXo54AaABAg,Very cool. Something in the same realm happened to me,1,2025-05-13T04:35:24Z
X4EcUcoo0r4,UgzvCGj6_E-2uBTlrTh4AaABAg,This was time travel. Felt so connected.....beautiful work of art,0,2025-07-25T07:30:57Z
X4EcUcoo0r4,Ugx65UQs41Q-AsZa3854AaABAg,This is the most wonderful film that I have ever watched with my students. I think my students agree with me.,4,2025-05-26T11:06:00Z
X4EcUcoo0r4,UgwimLF3IOg_Nbr-raZ4AaABAg,I loved this.,7,2024-10-06T21:31:03Z
X4EcUcoo0r4,UgwRBYg61AGQPkiSi1B4AaABAg,Wonderful!,7,2024-09-30T03:37:33Z
X4EcUcoo0r4,Ugw2HRlq4qXIdkHLIk14AaABAg,"Can't tell you how many variations I've seen of short films with 
 this supernatural theme. Sometimes it was someone's departed father or girlfriend, 
and they of course always appear out of nowhere and disappear suddenly, 
but always only after leaving some bit philosophical piece of advice for the living.",1,2024-12-31T04:25:21Z
X4EcUcoo0r4,Ugy6WDUp0fSt5nKtgvR4AaABAg,Beautiful one! Thank you so much! 🌟,0,2025-04-26T16:46:43Z
X4EcUcoo0r4,UgwDv_0yZW2bwK8VAFV4AaABAg,Nice film. And in a part of Bristol i knew very well as a child. Thank you.,4,2024-10-17T05:41:27Z
X4EcUcoo0r4,UgznbGEZadtX8wDSApp4AaABAg,I enjoyed that!,9,2024-09-30T15:05:28Z
X4EcUcoo0r4,Ugz7Nv42NSffaVa7kC14AaABAg,"Brilliantly simple yet incredibly enticing, great sound design ensures for an enjoyable watch😁👍🏻",15,2024-09-10T21:14:30Z
X4EcUcoo0r4,UgxEm950TaLNc4W376F4AaABAg,Lovely. I needed this today.,1,2025-03-08T20:21:28Z
X4EcUcoo0r4,Ugw0Tn8qdkBU8bFbtv14AaABAg,Fine Work,1,2025-06-21T07:02:27Z
X4EcUcoo0r4,Ugx97XcvtYVCifVzLkJ4AaABAg,"Wow, Good Soul, Good Spirit. 🌹🕊️❤️",7,2024-10-06T14:57:05Z
X4EcUcoo0r4,Ugye6DlrHfXbFEt1XeB4AaABAg,So sweet.,6,2024-10-01T18:43:05Z
X4EcUcoo0r4,Ugx8MIEfNhvjtNNNMe94AaABAg,Lastima que no tengo subtitulos en español. Supongo que es un cortometraje no?,4,2024-10-04T17:32:35Z
X4EcUcoo0r4,Ugwyc6XyQ9pLFxsj1Ax4AaABAg,It was well filmed. The plot was noticeable very quickly.,1,2025-03-16T16:45:20Z
X4EcUcoo0r4,Ugw0HGWgS_Ea-I7-_494AaABAg,Uzbekistondan ko'rayotganla bormi,1,2025-06-24T19:29:27Z
X4EcUcoo0r4,UgzuPzncpy_CwwRnv814AaABAg,"Oh, I loved this! Such a poignant short film! Thank you!",13,2024-10-03T22:30:39Z
X4EcUcoo0r4,UgwuMox36Gcba_193UF4AaABAg,"Very nice film, just too much background sound and no subtitles to help the hard of hearing.",48,2024-09-16T08:08:33Z
X4EcUcoo0r4,UgzCq0-CNFtTyaI9v1h4AaABAg,Brilliant!!,7,2024-09-29T20:13:37Z
X4EcUcoo0r4,Ugy0N3-_Zc5Rnf2FzVt4AaABAg,"Man, I bet someone worked really hard to recover the audio from that lav under the man's scarf, but still I can't understand a word. Beautiful film, regardless. Great job everyone!",1,2025-08-24T04:11:05Z
X4EcUcoo0r4,UgyM6yIkFZgndJPQGMJ4AaABAg,Wonderful. A lot of thanks.,1,2025-11-04T18:23:27Z
X4EcUcoo0r4,UgwLoENfxhpcqI7Hw2R4AaABAg,Muy Bien !!! Lindo cortometraje gracias !!!,6,2024-10-05T19:50:05Z
X4EcUcoo0r4,Ugx0O3DFbEpm2ymQfi54AaABAg,Wundervoll und berührend!,3,2025-01-18T05:52:55Z
X4EcUcoo0r4,UgzMDpXL-e9shsxSU4p4AaABAg,Very beautiful film.,5,2024-10-07T03:56:51Z
X4EcUcoo0r4,Ugx_x0wHTnTGwO_xw3R4AaABAg,"A gift of time indeed. The young often think they have so much of it, then with the years, how we really have so little of it...",0,2025-04-19T17:00:20Z
X4EcUcoo0r4,UgyUhAFKh2XDWvWWtUh4AaABAg,This hurts quite a bit because of how significant watches and timeliness are in my family. My gramps was basically my dad and he gave me a watch that eventually stopped ticking that I still keep to this day. And my father also gave me a watch that I never stopped fixing and using until he tore the family apart and it stayed on my drawer because I found it too painful to look at even though I love that watch and him.,0,2025-08-17T08:47:15Z
X4EcUcoo0r4,UgyE-yvNtYi7H8g_W5x4AaABAg,Wonderful short film i ever watched. I appreciate ✨ to all who made this. It has such a deep meaning that touched my heart ♥️,3,2025-05-14T15:21:09Z
X4EcUcoo0r4,UgyE83tFayCfaG7eEG94AaABAg,Sweet. Thanks!,6,2024-10-06T19:09:13Z
X4EcUcoo0r4,Ugxs2xn3Mdrl9o4gmR94AaABAg,"A wonderful film thank you. Made me cry, we all think of someone.
I bet she thought. Oh no I have to do the exam now. Or she was 24 hours early because the note said ‘exam tomorrow’.",5,2024-10-06T09:36:35Z
X4EcUcoo0r4,Ugz9CTavqgYtyml3gXh4AaABAg,Short gem film.  Thank you. ❤,0,2025-02-28T23:25:10Z
X4EcUcoo0r4,UgwI8IR8kEv_Fhtd2F54AaABAg,What a lovely short story!,0,2025-07-27T23:32:21Z
X4EcUcoo0r4,UgwU6E3oEtJpx_0xtU14AaABAg,Very nice film,6,2024-09-30T13:32:58Z
X4EcUcoo0r4,Ugw_2F72UYbGd_af0rx4AaABAg,"the model of bus changes between shots at 6:05. The view of it arriving is an e400mmc, but the view of it leaving is an enviro 400 scania. Then, when she's inside it turns into an enviro 200!!",3,2025-02-22T18:23:27Z
X4EcUcoo0r4,UgxApan9JKimlJ_BVmJ4AaABAg,Very impressive film❤,5,2024-10-05T12:28:31Z
X4EcUcoo0r4,UgyO0vKD3_KusMzqzCx4AaABAg,"Don't unecessarily stop to brush your teeth, make the bus.",0,2025-03-06T14:40:54Z
X4EcUcoo0r4,UgxWj5b2CRL_W1da89V4AaABAg,"Thanks  for this film. It is so simple, yet so profound.",0,2025-02-16T02:37:06Z
X4EcUcoo0r4,UgwTinPeqbnq827g1iN4AaABAg,"I usually dont like these short films but I liked this one. I'd love to see my grandfather again even if only but for a short time. It's been so long and so much to say. If you can, say it now. Life is too short.",3,2025-05-11T02:48:16Z
X4EcUcoo0r4,UgyszBudZTeX5UTS9TB4AaABAg,"Being Catholic and through many of life’s experiences, with the eye of faith, similar but more subtle occurrences are visible to us all.",2,2025-01-13T12:57:26Z
X4EcUcoo0r4,Ugyc3xKO8mXMsXc5l1d4AaABAg,That was lovely. Great job filming.,0,2025-10-18T12:13:42Z
X4EcUcoo0r4,Ugz6rDnNqWdg9JwFMSN4AaABAg,That was really great - well done!,2,2025-01-16T12:57:53Z
X4EcUcoo0r4,UgyEOXoffIhpaNdzrW14AaABAg,Amazing 😍,4,2024-09-21T07:21:44Z
X4EcUcoo0r4,Ugy3_ddHJe_Xu2U95fx4AaABAg,Too bad there’s no subtitles for the hearing impaired.,6,2024-09-25T17:01:22Z
X4EcUcoo0r4,UgyCC03_d0dHLwwAmnh4AaABAg,Beautiful.,2,2025-02-15T19:13:11Z
X4EcUcoo0r4,UgzNtS_7zp3RMN8pX8B4AaABAg,1:09 This is literally how I tie my shoes,1,2025-08-18T08:04:45Z
X4EcUcoo0r4,UgxIbF-YJAWgixf6X3l4AaABAg,very beautiful short film impressive,4,2024-10-07T05:33:48Z
X4EcUcoo0r4,Ugx2zr9y3N1HALCpRYN4AaABAg,Amazing,4,2024-10-05T09:08:02Z
X4EcUcoo0r4,Ugz2WBjotmODbsL6QJZ4AaABAg,Love this!,5,2024-09-10T18:39:29Z
X4EcUcoo0r4,Ugz1KURaZmi2TDphvwN4AaABAg,Beautiful cameo film.,1,2025-08-21T18:14:41Z
X4EcUcoo0r4,UgzfuBbOD6wlMlweYtp4AaABAg,The narration and the filmmaking really lives up to Hollywood!,0,2025-07-16T09:23:59Z
X4EcUcoo0r4,UgzCLiZjEzjc26kxIId4AaABAg,This was lovely. Nice work🪻,17,2024-09-24T01:28:42Z
X4EcUcoo0r4,UgyaKyf2DO21VE-8Zsl4AaABAg,Great! 😍👍👍👍,5,2024-10-05T05:31:40Z
X4EcUcoo0r4,UgwqSg5zngtAmTxBDBN4AaABAg,love it,4,2024-10-08T22:48:55Z
X4EcUcoo0r4,UgzRSGnOC9pXeuXOz3p4AaABAg,"Plot was exquisite!! So magical, LOVE IT!!!",1,2025-05-15T19:46:22Z
X4EcUcoo0r4,Ugw9MPkZC2uKQSkrgBt4AaABAg,"I love when people share something they made, like these movies. I love when they pop up like this one did. 😘",0,2025-10-29T23:25:58Z
X4EcUcoo0r4,UgyNXIpZKLYWJBxeC-h4AaABAg,This was awesome! Loved everything about it! Great job!!,9,2024-10-01T20:31:24Z
X4EcUcoo0r4,UgwaI_IUsv1l5MdTHFh4AaABAg,Cool!,5,2024-09-10T18:57:43Z
X4EcUcoo0r4,UgyFEkGt6gmCBW2TnkV4AaABAg,"Great story,,,🇦🇺",5,2024-10-03T03:19:51Z
X4EcUcoo0r4,Ugx8ad_ely9JM-yt0El4AaABAg,"Everything perfectly done, story,acting , filmography",0,2025-04-19T12:53:57Z
X4EcUcoo0r4,Ugw3AsQPJj0hsO7SXzx4AaABAg,Life is like timepiece.... We found right time if we found it,0,2025-10-04T01:15:42Z
X4EcUcoo0r4,UgwINC02vb_qO3_MXjl4AaABAg,I'm 85. A grandfather. My tears were totally spontaneous - hadn't expected the film to end just there - a little masterpiece.  ❤‍🩹  Thank you . . . . and I still have my father's watch. It hasn't worked within my memory. Maybe I should check it? . . . .,6,2025-02-02T22:03:22Z
X4EcUcoo0r4,UgwgQs6Lk09uZyx8Q7p4AaABAg,Such a sweet film. 🩵🕊️,4,2024-09-26T03:00:49Z
X4EcUcoo0r4,UgzGe-fd7zSCKXhbfvJ4AaABAg,"Btw, this ""505” route number looks like ""SOS""...",6,2024-09-21T16:08:44Z
X4EcUcoo0r4,Ugw-wZcpXYTZ8-feoTh4AaABAg,"Hmm! I saw the magnificent and undeniable love of Christ bringing redemptin into my failures, shorting comings to redeem my time in the evil day. That was an angelic ministration. Thanks for this piece.",3,2025-08-02T09:19:01Z
X4EcUcoo0r4,UgzyQITsFkbU4Y8gDIF4AaABAg,❤❤❤,5,2024-10-08T12:24:54Z
X4EcUcoo0r4,UgwTNKONd4zgLhLPHrV4AaABAg,Spirits can have that power. I've experienced it.,8,2024-10-06T14:27:17Z
X4EcUcoo0r4,UgyHC1ZCX3QY1sKFRIF4AaABAg,i think this is gonna be my favourite for a long time,0,2025-01-22T21:25:13Z
X4EcUcoo0r4,Ugw8txml68kQ-o8Yj3Z4AaABAg,I have occasionally also forgotten to set the alarm clock back one hour after daylight savings time ends.,0,2024-12-13T18:30:38Z
X4EcUcoo0r4,Ugx7Rif8BuwNCIFwzIp4AaABAg,"Good work and storyline. As others said, the dialogue around 5:40 was a little quiet. The opposite side close up angle at 5:17 was a little off putting too, maybe it was intentional. But prior it was set up as if we're sitting between the two and all of a sudden were close up on the outside looking in and then back to the middle.",4,2024-10-03T06:02:07Z
X4EcUcoo0r4,Ugw8UXXDRrCznUHBgvp4AaABAg,Oct2024:  That was her grandfather who passed before she was born.   He gave her some needed time (-1/2 hr).   He also fixed the watch.  DB,552,2024-10-03T10:34:56Z
X4EcUcoo0r4,UgzDzn_G7ie28ze5lwl4AaABAg,que hermoso relato❤❤❤❤😊😊😊👍🙏,4,2024-09-30T18:18:52Z
X4EcUcoo0r4,UgwEDz0qXPMXZj00B2N4AaABAg,Thank you so in tears,0,2025-01-24T20:58:45Z
X4EcUcoo0r4,UgyJw3uFvF9Hn25n-Wh4AaABAg,That's great I like the way the old man came to her life and guided her everything about your time and all . I loved the framing and did not overreact there . You know what as a filmmaker I loved the composition of frames and everything is was really fun to watch and those colours came crunchy while watching those videos. Loved it great 👍 and have a best luck in your success ❤,1,2026-01-12T09:34:12Z
X4EcUcoo0r4,UgwWqR8AqBOSS9oWwMd4AaABAg,"This is THE question, what would you do if you could go back in time?",4,2024-09-29T07:05:51Z
X4EcUcoo0r4,UgxpPHUi262naOlbXwB4AaABAg,"Belíssima história!
Parabéns!",5,2024-10-06T14:18:28Z
X4EcUcoo0r4,Ugx_lzBLa8VHVpHeoFp4AaABAg,"can someone suggest positive short films like these only? it's so well made, i loved it ❤",4,2024-11-05T12:33:57Z
X4EcUcoo0r4,UgzNIilykm9IaYunX_R4AaABAg,Thanks very much.. I loved my grandma so much.. She was everything for me.. 😢😢 it's a beautiful film.. ❤❤,0,2025-11-17T14:53:30Z
X4EcUcoo0r4,UgxhqEyRqYjDx2OyVEJ4AaABAg,Time is important always,0,2025-11-02T05:13:55Z
X4EcUcoo0r4,Ugxy5UnUw9alufJbQht4AaABAg,"Loved this. Shots were amazing. I'm going to film a short film soon and it inspired a lot. ❤
Did you shot it with one camera or more? @BreathingFilms",4,2024-10-03T05:09:14Z
X4EcUcoo0r4,UgwQVNftNTIox4zr7kJ4AaABAg,What was the concept behind...all i understood time went back by 30 min or am i wrong....although i loved it❤,7,2024-09-26T17:13:40Z
X4EcUcoo0r4,Ugy8VDNdRl0S36QbawR4AaABAg,"Now Seventy, probably wont be long, but I like how the older gent made a mark from the bench. 

Ive had unique visits similar, when a very special child of friend was taken by car accident- after the funeral, I walked out of church alone towards my car, and this special little 9 yr old girl performed the coolest whirl wind around me enough to russle the trees nearby. 

I could tell it was her, we spent such special times together when Id stop by to visit the family at small deep woods farm. 

I havent even gotten out of car yet, and she jumps on bicycle to greet me, and when she pulls up I notice both her tires are flat,  What the Hell,, come with me, and in the barn is airtank, and she cant believe how nice it is. Smiling at every crank of pedals... 

So I get request to weld up the cracked engine block on the tractor, And gather tools to remove items, and just about dark, she climbs up sitting on top of tractor, and cant wait to hold Flashlight to assist like any nurse during operation. 

Later, having diner, she'd climb up in my lap for a Fav'd book story and we both fall asleep after a long day. 
And a tough day by morning, rushing 55 miles to the airport to service airliner fleet of L-1011's for another round trip for 350 people back to Mpls Mn. 

Then I just get home and get a call shes just been killed running across the road to the little country store to save her dog.  
I was so devastated, and that was mid eighties. Nothing was ever the same again.  I couldnt go to that little farm again. 
I had to keep her memory alive just as I left that day. 
It changed them as well. 

But, one could make a unique short film - and hopefully duplicate the intense whirlwind that others never noticed. 
How it wrapped you with an energy that gently lifted upward. 
That would be her special style with added  effects of gathering leaves in the mix in gravel parking lot of the  church.  You stand there for a while, just to make sure no detail is missed. 
Cheers",8,2025-01-25T17:56:38Z
X4EcUcoo0r4,UgyICAFoEaVbFRcfTk94AaABAg,That was her grandpa! ❤,1,2025-02-25T12:37:37Z
X4EcUcoo0r4,UgztxcZlqH29xFa63rR4AaABAg,Beautifully conceived and crafted by all involved. That hit right in the feels. I love short stories and short form cinema when they're this well done. Thank you so much!,1,2025-07-20T18:02:44Z
X4EcUcoo0r4,UgxKbthBLbWCIiQ9mgF4AaABAg,"""Sometimes even the most distant memories can be the closest."" What a wonderful film. Lovely in all ways possible. Thank you so much.",6,2024-10-15T20:41:08Z
X4EcUcoo0r4,UgxjOoConXUslQZLpiZ4AaABAg,"Somebody PLEASE explain this to me. I can't be that dumb, I don't get it, like at all",4,2025-03-10T03:23:25Z
X4EcUcoo0r4,UgzybohXS2VjuiyY0454AaABAg,"Sometimes someone or something comes just at the right moment when we need it 😊... never stop believing in miracles, cause I know they do happen, through faith... beautiful, heartwarming story",18,2024-11-09T09:38:39Z
X4EcUcoo0r4,UgxaKa4k7TuRsO1LtjR4AaABAg,"A very nice , heart-warming film. So much said in so little time. Well done.",1,2025-04-28T19:21:25Z
X4EcUcoo0r4,UgwvEzKs-Brjo-ziBGJ4AaABAg,Man. That was beautiful. Thanks 🖤,0,2025-08-24T12:56:32Z
X4EcUcoo0r4,UgzhAXgLd0N56Dg9JYl4AaABAg,"Can anyone tell me what the last word was in the message : Sometimes, even the most distant memories can be the-------. Check your watch.",7,2024-09-21T15:41:32Z
X4EcUcoo0r4,UgzKj65_1J9UvDT5dMJ4AaABAg,"Very well short film, I watch this video the ending time that girl asked that leady ""excuse me have you got the time"" That time look my watch that my watch time 8:30😊😊",8,2024-10-06T01:58:10Z
X4EcUcoo0r4,Ugzi55Jp3Qf2YWPJUHJ4AaABAg,"Her grandpa was happy to see the watch; she kept it for his respect and love. His soul is still by her side, making the impossible possible, rewinding time to make her dreams come true and her future brighter.👍",0,2025-03-30T23:48:21Z
X4EcUcoo0r4,UgwRkN1qVPG_BFScJnh4AaABAg,Grandad was played by Robin Hawdon who was always popping up on British TV in the 60s and 70s. I recognised the face but had to wait till the credits before I got his name.,1,2025-01-22T05:35:11Z
X4EcUcoo0r4,Ugwc7h685UeA5W-YGwR4AaABAg,I did not understand how the time passed while watching. Thank you 🙏,0,2025-11-15T18:04:32Z
X4EcUcoo0r4,UgwQI9Cy36bHtCUPvRd4AaABAg,Thanks for making this and for all the wonderful comments,0,2025-04-24T01:50:09Z
X4EcUcoo0r4,UgyXVFekDhB1heBUAc14AaABAg,"I searched ""you must watch this"" and this appeared. Sometimes YouTube gets things right.",0,2026-01-07T23:03:18Z
X4EcUcoo0r4,UgwNSnNUeETwWYLkiVd4AaABAg,The meaning behind this film MADE ME CRY🤧,1,2025-09-04T02:43:57Z
X4EcUcoo0r4,UgywpcMO5okXw2OvGRx4AaABAg,"Really moving, exquisite in its simplicity. The love of family that is sometimes possible. Thank you for this film.",1,2025-01-23T21:32:21Z
X4EcUcoo0r4,Ugxgwelz1UUN-eb2_7t4AaABAg,Very heartwarming.,1,2024-12-31T00:01:47Z
X4EcUcoo0r4,Ugw9J1G19f_phewSCAJ4AaABAg,"This movie was really moved me, she finally got her time back seeing her grandpa who even never saw him in ages",0,2025-02-11T14:01:40Z
X4EcUcoo0r4,Ugyr40QxFLtrRWFJNM94AaABAg,A PROFOUND VIDEO! THANK YOU!!!,0,2025-11-02T13:49:12Z
X4EcUcoo0r4,UgyQ7-JTeBsA1rPLZoh4AaABAg,"I was feeling a little sad, and this gave me some hope that all is going to be ok.  Thank you.",2,2025-02-06T22:16:00Z
X4EcUcoo0r4,UgwRLaWdFwhpgeq1KO94AaABAg,A connection that should be hold for lifelong ❤,0,2025-05-10T20:27:03Z
X4EcUcoo0r4,Ugwm-iiucgzru4W2zEV4AaABAg,Wonderful,1,2025-07-29T05:21:43Z
X4EcUcoo0r4,UgyQeSVZmfQ6eRvWNd94AaABAg,"Love it. Everything’s relative, ya’ know?!",1,2025-03-09T12:20:02Z
X4EcUcoo0r4,UgxgHmFcgQgZKpADRwJ4AaABAg,I would have skipped brushing my teeth or geared up the bicycling.,1,2024-12-14T19:27:12Z
X4EcUcoo0r4,UgxN1979Qg5cl64uU2t4AaABAg,beautiful.i loved watching it.,1,2025-06-21T15:05:03Z
X4EcUcoo0r4,UgwYiLhaLOGcaI_Lw1t4AaABAg,Donare tempo è più importante di qualsiasi regalo ❤❤❤,1,2024-12-13T23:56:52Z
X4EcUcoo0r4,Ugx775b_vrUGrNWBav94AaABAg,Thanks for Great Short Film,0,2025-04-11T04:01:31Z
X4EcUcoo0r4,UgzMU5MYGifi2eey5Pt4AaABAg,Wow!  Loved this short film.,0,2025-01-20T14:48:17Z
X4EcUcoo0r4,Ugzk-E9yl-zET92O7ed4AaABAg,"Wow, outstanding!",0,2025-05-10T17:16:42Z
X4EcUcoo0r4,Ugw-Pzhk8ZBMBHW2Ytl4AaABAg,Sometimes the most distant memories can be the deepest?,0,2025-07-16T05:00:40Z
X4EcUcoo0r4,Ugy4xMJhCNRiP66RmhJ4AaABAg,What a weird experience.,0,2025-06-02T11:27:13Z
X4EcUcoo0r4,UgxoOxRH_txTKfN3SkB4AaABAg,Nice idea beautiful set and colors keep going ❤,1,2026-01-05T15:37:11Z
X4EcUcoo0r4,UgyRFvn2bD9eqs7NtNd4AaABAg,Short film with lots of good short conversation. Congrats,0,2025-12-06T05:41:24Z
X4EcUcoo0r4,Ugx2_Vz-Np3jg2eLWNt4AaABAg,Very well done!,2,2025-02-20T17:22:46Z
X4EcUcoo0r4,UgxByRThMCIreNROqBl4AaABAg,I always find it funny when people comment life stories after watching a completely unrelated video just because they think it has a message they can somehow relate to.,0,2025-01-27T00:34:09Z
X4EcUcoo0r4,Ugz0FPcgulaJ-WgnP2p4AaABAg,Beautiful short film,1,2025-02-04T17:45:43Z
X4EcUcoo0r4,Ugz4WdbhgrJ_Bj7LLyd4AaABAg,Wow🥰,1,2025-12-31T13:51:54Z
X4EcUcoo0r4,UgxqV08EqIwDbTRZC494AaABAg,"I started watching short films on youtube 2 months ago, and what I love about it is that it always being recommended to you at the right time.",0,2024-12-15T13:11:20Z
X4EcUcoo0r4,UgyE8FO5d_s5lkMmSrp4AaABAg,"I loved it, the main idea is about time which is the most important facet in whole story of cinema.👌
Good job",1,2025-06-04T14:10:59Z
X4EcUcoo0r4,UgyLjwuZGCR7joT7E4N4AaABAg,This was pretty awsome!,0,2025-03-11T20:33:03Z
X4EcUcoo0r4,UgyCgJHENWZFMsXU6oJ4AaABAg,Thank you for this short film. love your work 🤝,0,2025-06-16T23:04:51Z
X4EcUcoo0r4,UgyTwFKo7BNE7JvRlDd4AaABAg,"Wow, that's some clever writing and execution !!",0,2025-03-29T11:44:26Z
X4EcUcoo0r4,Ugw7kIGMZ3w7MFZN0up4AaABAg,beyond amazing❤keep on producing high quality work🎉thx,0,2025-05-11T09:46:21Z
X4EcUcoo0r4,Ugw5jUYiereHTJ4tzzd4AaABAg,Excellent video. Kudos!,0,2025-01-23T14:36:23Z
X4EcUcoo0r4,Ugy-K1TjFbmOPlV6f994AaABAg,Timepiece is a masterpiece. Brilliant!,1,2025-08-18T00:04:41Z
X4EcUcoo0r4,UgyDtkMq99FsqJi404x4AaABAg,"A truly beautiful and profound short film — a soulful connection that transcends time and space. A powerful message, filled with hope and truths we may one day come to understand.",1,2025-07-06T13:41:57Z
X4EcUcoo0r4,UgwhYZy1_JdwmumJKhl4AaABAg,Super short film. 🙏,1,2025-03-25T09:38:34Z
X4EcUcoo0r4,UgybHy2LQW-jB9dQ2Xh4AaABAg,So touching. Beautiful photography.,0,2025-04-28T06:42:40Z
X4EcUcoo0r4,UgwKCB3cR27UW7I8ip54AaABAg,that made me cry :(,0,2025-05-23T20:24:06Z
X4EcUcoo0r4,UgzvkoJLMK59eTLWyoR4AaABAg,And now she is on time for her exam and left with the memory that he was her grandfather.     Beautiful film….   🤗,0,2025-10-26T16:58:05Z
X4EcUcoo0r4,UgyQZdXHtiKY2EbH9ml4AaABAg,tripped across this. looking for more,0,2025-01-17T03:38:42Z
X4EcUcoo0r4,UgwGgfJd2da6hZGjqCh4AaABAg,Excellent 'fell good' short story - so much covered in just 8 minutes.,0,2025-12-11T19:47:59Z
X4EcUcoo0r4,Ugwh4gWuofc7SezWZuF4AaABAg,That was her grandfather mh🤔🤔🥱,1,2025-03-02T07:02:13Z
X4EcUcoo0r4,Ugz1N4kvv1-MM7ig_hR4AaABAg,Thank you,1,2025-07-23T09:59:34Z
X4EcUcoo0r4,UgxgFH-M5yy2wF-d5aN4AaABAg,Helping  my grown son financially to bring up  my granddaughter....this   brilliant short  reinforces  why,1,2025-03-09T11:00:58Z
X4EcUcoo0r4,Ugxhv8LcG7uZOpp6Xz94AaABAg,Thank You So Much ❤🎉,0,2025-07-16T23:53:57Z
X4EcUcoo0r4,UgyZnWzwaCF9rTei8Kl4AaABAg,I miss my grandparents😭,0,2025-09-24T01:45:55Z
X4EcUcoo0r4,Ugxafsd9z9KHQu7Jldx4AaABAg,Well done!,0,2024-12-07T11:46:58Z
X4EcUcoo0r4,UgyTRm88CVCZP17yJZx4AaABAg,I loved this!  Well done.  Thank-you🙂,0,2025-04-03T10:24:24Z
X4EcUcoo0r4,UgynDzyDaNHe4lUU_sh4AaABAg,Very very nice!,0,2025-08-05T14:15:57Z
X4EcUcoo0r4,UgzwTaBR1NPVm0Vcf5B4AaABAg,"Did I know three sentences in this was her grandfather? Yes.
Did I expect him to fix her 'being late' problem? No.",0,2025-05-01T23:27:43Z
X4EcUcoo0r4,UgxlyuMVI3WzyvxKLcl4AaABAg,Just saw long dead grandpa and timetraveled. Good luck focusing on the exam,0,2025-10-20T11:53:07Z
X4EcUcoo0r4,UgyiPHSD6pz163d1WB94AaABAg,Nice vedio,1,2025-10-31T03:56:17Z
X4EcUcoo0r4,UgwisrpdVYA0Nm0xHGR4AaABAg,Someone here..Janvier 2025,1,2025-01-02T09:57:13Z
X4EcUcoo0r4,UgxRxSOwcr8cA24kCmZ4AaABAg,"A masterpiece... of a storyteller, all throughout",1,2025-03-09T05:57:53Z
X4EcUcoo0r4,Ugxkxjd1lMmTJvRsl3J4AaABAg,"Saw the twist coming from a mile away, but the execution was good!",0,2025-05-10T23:01:51Z
X4EcUcoo0r4,Ugwp-zBd8-AGvuUDr_t4AaABAg,"While on the bench, i could hear her too loud and him too quiet. 
Couldnt focus",1,2024-12-16T21:41:59Z
X4EcUcoo0r4,UgywuiFRb8hImZkvXK94AaABAg,Brief but lovely. The idea is that goodness can transcend time's limitations; I like it very much.,0,2025-04-11T02:57:18Z
X4EcUcoo0r4,UgyjXzvagisYnj-u6fB4AaABAg,Im addicted to these short films. Little masterpieces.,0,2024-12-10T03:23:48Z
X4EcUcoo0r4,UgwxeBggDuizRgF6YDJ4AaABAg,Very cool. It was the grandfather!,0,2025-03-21T02:26:55Z
X4EcUcoo0r4,UgyoNnR03pq7cWXajV54AaABAg,That was probably his granddaughter ❤ came to see from paradise 😊,1,2025-02-04T01:49:25Z
X4EcUcoo0r4,UgwCqqjO2_J1kT7yEGR4AaABAg,excellent !,1,2025-03-09T12:09:31Z
X4EcUcoo0r4,UgyAKv2SeP37xqPjSIh4AaABAg,awww Well done !!!! 👏👏👏👏👏👏👏,0,2025-08-01T06:31:31Z
X4EcUcoo0r4,UgwqcEHnxXRtPv8OXMZ4AaABAg,"Wow ! Amazing master""piece"". Thanks for making it. Love from Türkiye.",1,2025-06-24T11:59:47Z
X4EcUcoo0r4,UgxKeSNDx4PYgJH1WCN4AaABAg,We all know that was her grandfather's ghost and that was his watch,0,2025-01-13T01:09:41Z
X4EcUcoo0r4,UgwAig2Cem3pVgVLGot4AaABAg,That was lovely.Well done.,0,2025-06-09T21:47:33Z
X4EcUcoo0r4,Ugw_yfNlwItO-PUIUdV4AaABAg,"I really love the story like this, the file like this. I'm already touched it's not finished yet. Thanks so much!",0,2025-09-26T01:35:27Z
X4EcUcoo0r4,UgxIoTTAttykLa5yHkF4AaABAg,FANTASTIC!!!!,0,2025-05-10T21:49:10Z
X4EcUcoo0r4,Ugy54pVcwVDcrQ1MUSV4AaABAg,Love this. Reminds me of my grandfather. Beautifully done. 🌹,0,2025-06-26T01:22:39Z
X4EcUcoo0r4,Ugzm8lqx-qzz7N1nafl4AaABAg,"If your grandparents are still with you, go visit them.
Mine are gone, and I miss them every day.
I hope they knew how much I love them.",0,2025-03-18T06:37:55Z
X4EcUcoo0r4,UgysW_x8LXzIJrrFyMl4AaABAg,I loved it...Well done!,0,2025-01-11T15:20:37Z
X4EcUcoo0r4,Ugzp66RD_GPq30OwqfB4AaABAg,Nice little story that 😁,1,2025-11-12T15:17:06Z
X4EcUcoo0r4,Ugy9REl3Hxk95BO-bSd4AaABAg,Just one word 'beautiful'.,0,2025-02-25T09:09:57Z
X4EcUcoo0r4,Ugx2JwlDiyT4TKQ3o_F4AaABAg,"This one is really special, just beautiful. It has all the elements compressed in an elegant box. One from the heart.",0,2025-04-08T21:31:56Z
X4EcUcoo0r4,UgxrRjvksgEeP4XFk4Z4AaABAg,lovely,0,2025-11-16T11:10:49Z
X4EcUcoo0r4,UgweTEm76Rcrd4oiS5h4AaABAg,"Very beautiful, well done!",0,2025-05-13T16:03:06Z
X4EcUcoo0r4,UgwhEM3zBkYNevXZhdN4AaABAg,Love it!,2,2025-04-07T18:28:38Z
X4EcUcoo0r4,UgxaUf9tOnZ44jK7Rnx4AaABAg,"I have my fathers Seiko watch from the 70's which does not work anymore, he died in July 2024 - it does make me think of the good times",0,2024-12-15T18:40:55Z
X4EcUcoo0r4,UgwAzY7tc28qGT5oRDh4AaABAg,🥺 i missed my grandfather he is The best man I've ever met in this world... Come one more hug.. Me grandfather i love you 🥺,1,2024-12-07T15:38:47Z
X4EcUcoo0r4,Ugzj_eqL2iXpYlu06wV4AaABAg,"Beautiful, simple n heart touching story.",1,2024-12-28T15:47:06Z
X4EcUcoo0r4,Ugwf-hxgZoQZf4ppNPl4AaABAg,"thank you for this, so beautiful. i love every grandads there especially my grandpa alet 💖",0,2025-03-06T01:53:37Z
X4EcUcoo0r4,UgxOEuvHS_AepQsyLJl4AaABAg,"Just beautifully done, from concept to film. So glad this came up in my feed today.",0,2025-03-19T17:34:19Z
X4EcUcoo0r4,UgxiBYRUIJ7g98RI5rR4AaABAg,"When I was in college,  I studied so hard the night before the final exam that I overslept.  Just like the actress in the movie, I flew through my morning routine but made it to class just as it ended.  My professor allowed me to follow him back to his office where he let me take the exam there.  It’s funny, I don’t remember how I did on the exam and I have had countless dreams throughout my life with similar themes that always left me irritated when I awoke.  I’m in my senior years now.",0,2025-12-15T20:45:11Z
X4EcUcoo0r4,UgyiHHj352WmaBALHzl4AaABAg,The distinction between the past the present and the future is but a stubbornly persistent illusion.,0,2025-04-13T14:43:52Z
X4EcUcoo0r4,UgwHGemEjUTF8jPfAfR4AaABAg,Alguien más viendo esta película en 2025???❤,2,2025-09-15T12:44:39Z
X4EcUcoo0r4,UgxDzrDQzrSinAHT-Ud4AaABAg,Like a happy Twilight Zone episode.,0,2025-04-11T20:51:54Z
X4EcUcoo0r4,Ugz8XANDuvPQG5IfSj94AaABAg,"رائع ....""أحيانًا حتى أكثر الذكريات بُعدًا يمكن أن تكون الأقرب.",0,2025-11-14T09:41:55Z
X4EcUcoo0r4,UgyWoNTDJ7L2rimWXcJ4AaABAg,Short but good set in Bristol .,1,2025-03-09T23:02:56Z
X4EcUcoo0r4,UgzlB8cuKFeghcXhxa54AaABAg,The sound of the traffic was crystal clear. I could hear it perfectly. Could hardly make out a word the people were saying to each other but the traffic was loud and clear.,0,2024-12-20T03:53:43Z
X4EcUcoo0r4,Ugwwtt1vwPvR7bvrWQN4AaABAg,This was a wonderful short film.❤,1,2024-12-27T05:13:36Z
X4EcUcoo0r4,UgzzyHnCRYCeV8GRUll4AaABAg,Very nice.,0,2025-12-07T19:34:25Z
X4EcUcoo0r4,UgwS36jvNNgBqueuW7d4AaABAg,"Sam, where's your bicycle helmet?",0,2025-01-20T16:24:39Z
X4EcUcoo0r4,UgxcrDEd7XmgWOmmTiF4AaABAg,"That was awesome bro , thank you",0,2025-01-07T20:51:50Z
X4EcUcoo0r4,UgzDSaavOKCiISmC6G94AaABAg,"What does that note say ?

: 'Sometimes even the most distant memories can be the closest'
'check your watch'",0,2025-01-29T23:25:19Z
X4EcUcoo0r4,Ugy7Gf5BruHVmXd6Z8N4AaABAg,Loved this. It’s strange how things pop up as recommendations as I loved the film but instantly recognised the location in Clifton where I’ve walked many times. ❤,0,2025-10-19T07:55:03Z
X4EcUcoo0r4,Ugw2LcLzR-pbfDmTnuJ4AaABAg,A very moving short film. Congrats to all of you.,0,2025-02-03T06:38:31Z
X4EcUcoo0r4,Ugy3dysZR_h_r1lQrXB4AaABAg,"So, he could likely be her grandfather who came to visit his grandaughter and deliver a gift.",0,2025-09-23T06:34:08Z
X4EcUcoo0r4,UgwSVVqzEjYw_Wyz__R4AaABAg,"Wow, that's so beautiful!",0,2025-07-22T10:24:41Z
X4EcUcoo0r4,UgyfpO5fKb_bYGa1ba54AaABAg,"Strange,but I love so mutch, thanks!!!!",1,2025-11-11T04:43:51Z
X4EcUcoo0r4,UgywGHnlLFcVHrl6tnV4AaABAg,Thank you. Nice film,1,2024-12-25T20:26:48Z
X4EcUcoo0r4,Ugwloi9et1czPQ7Tosx4AaABAg,That's nice.,1,2025-07-10T21:27:42Z
X4EcUcoo0r4,UgyejqYb_i81HtWhsCx4AaABAg,"I had 3/4 of one grandparent - she was an elderly amputee who had no interest in her grandchildren. The others had died before I was born. My pal once said that grandparents sprinkle stardust on their grandchildren. I would have loved to have had at least one, if only for a while.",0,2024-12-09T07:59:46Z
X4EcUcoo0r4,UgxvAzvzBzOMO5qvuLV4AaABAg,I really do enjoy movies like this and appreciate the people that make them.,0,2025-08-27T19:35:22Z
X4EcUcoo0r4,UgzJyGl5NTnHUaL4WgN4AaABAg,Excelente !,1,2025-02-18T02:46:19Z
X4EcUcoo0r4,UgzVKXTseP4jR2jdrA14AaABAg,"Wow, great production. I hope there will be more of these.",0,2025-07-13T10:57:12Z
X4EcUcoo0r4,Ugyo1gjPkN5t_VgGyP54AaABAg,This watch never not was wrong this work,2,2025-01-25T18:56:35Z
X4EcUcoo0r4,UgwnVzeU08Rx35RF47J4AaABAg,"What a lovely, sweet film! :)",0,2025-12-03T15:56:26Z
X4EcUcoo0r4,UgyUZbmZyCy0KJLhmG94AaABAg,"I spent much of this rare free afternoon criticizing bad shorts which Youtube recommended. I have no criticism of this. You have talent, in a world numb to talent. Thanks for not slowing this down in order to say your movie is ""x"" minutes long, like everyone else does. You alternated fast and slow interestingly, and told an inspiring story succinctly. Thank you.",1,2025-11-24T16:55:42Z
X4EcUcoo0r4,Ugxmi-VykgDa5qQ_DdZ4AaABAg,so impressive and expressive,0,2025-01-07T08:09:29Z
X4EcUcoo0r4,UgxoPC0okwPAET-0GkV4AaABAg,"Amazing short flim.... I missed my colse friend , he is no more in this world .some times even the most distant memories can be the closest .",1,2025-05-11T16:45:13Z
X4EcUcoo0r4,UgzcROCKp0zMYBjiXLh4AaABAg,I couldnt see the words on the note but someone in comments did for me,0,2025-10-19T16:33:45Z
X4EcUcoo0r4,UgyOnXxhIiZOOgeL91V4AaABAg,"Good job, guys. I was especially impressed with Old Man's acting, as well as the directing",0,2025-01-11T06:53:48Z
X4EcUcoo0r4,UgzOpW-vO-zQH8ye97x4AaABAg,我的意思是，我會讓你盡可能長時間地談論我，但我的身體感覺是我所感受的，而不是別人的感覺。,1,2025-02-09T08:26:25Z
X4EcUcoo0r4,UgwFwuLbrd59PBorSP54AaABAg,"What u guys are !! You created a wonderful film, inspired me a lot. I wish I could be a part of your creations. Wish to see u in future.",0,2025-12-08T03:07:03Z
X4EcUcoo0r4,UgzV_8b6sJ2VDDNyIJF4AaABAg,"That was lovely, thankyou.",0,2025-03-06T22:03:00Z
X4EcUcoo0r4,Ugy1POWbUeS6JetIIv94AaABAg,"I really enjoyed that. Before my father died he gave me his pocket watch which goes back to the 1880's and still keeps correct time.
Unfortunately we can time travel back in time in our mind but cannot undo the past but we can make a great future.
""Someday. That's a dangerous word. It's really just a code for 'never.'"".
Make that someday today",0,2026-01-05T12:21:23Z
X4EcUcoo0r4,Ugxtf1IsmIQq9UMsTeh4AaABAg,Time is a like a flowing water in river once it flow away it never come back √ thefore care of your Time,2,2025-10-22T13:37:22Z
X4EcUcoo0r4,UgwX3fFE0KFoUbkJI-x4AaABAg,What a beautiful film. So soft and meaningful. Thank you ❤,0,2025-07-25T07:51:55Z
X4EcUcoo0r4,Ugyd3ymdbmRtjEYWPJB4AaABAg,Amazing ,0,2025-04-30T21:25:35Z
X4EcUcoo0r4,UgzTOpGnJRKTfcXStvN4AaABAg,Quite a moving short story and film   Loved it.,1,2024-12-25T16:44:57Z
X4EcUcoo0r4,Ugw6jGSie0XRXr7RJ694AaABAg,I'm still stuck on the fact that if she didn't brush her teeth she'd have made the bus in the first place...,1,2024-12-11T16:36:26Z
X4EcUcoo0r4,UgxgVY-lNuGbhouKxXN4AaABAg,Very nice. Thank you for making this film and for posting.,0,2024-12-10T22:04:59Z
X4EcUcoo0r4,UgzsXvd_2h0RAOPx45R4AaABAg,"I thought it would end with the bus getting into a wreck, one way or another.",0,2024-12-10T22:03:54Z
X4EcUcoo0r4,Ugxx9bXUkmnEHJ1h76R4AaABAg,A beautiful little story. Thank you.❤,0,2025-01-25T16:01:59Z
X4EcUcoo0r4,UgwaPbEBuCogT2xf3L54AaABAg,"Great film short , really enjoyed this",0,2025-01-02T05:45:42Z
X4EcUcoo0r4,Ugy6Jrcj3PUFUEh3wdB4AaABAg,I've seen this a while ago. This is the second time. I enjoyed it both times. Very nice.,0,2025-08-07T02:30:49Z
X4EcUcoo0r4,UgwlCc8Xy0VPi5qX5314AaABAg,Wow what a place,1,2025-07-07T05:44:50Z
X4EcUcoo0r4,UgxADaviDhlk2mkMmEB4AaABAg,That was really terrific.  Great work on this.,0,2025-03-01T02:42:53Z
X4EcUcoo0r4,UgxvWUwAjZAF09Cf78t4AaABAg,what was written in small letters on the piece of paper ?,0,2026-01-20T15:53:05Z
X4EcUcoo0r4,UgzNsIWBAvGA7jPOmRF4AaABAg,Sweet short! And well acted too!! 👏👏,0,2025-03-11T00:39:21Z
X4EcUcoo0r4,UgyY80V_9_TploYovr94AaABAg,The Best short film I've watched in recent times. Loved it❤,2,2025-04-16T07:59:14Z
X4EcUcoo0r4,UgzumVPYTNwijtUcnPV4AaABAg,Wonderful.,0,2025-05-16T03:29:38Z
X4EcUcoo0r4,Ugz0HILt36wYcA1_NXB4AaABAg,,2,2025-05-09T19:01:00Z
X4EcUcoo0r4,UgxNe0bFqVDOQ6-SeJd4AaABAg,Just lovely. Thank you.,0,2024-12-09T00:21:32Z
X4EcUcoo0r4,Ugya1k-iMAFLsppre454AaABAg,"Oh, so many of us would love to enjoy a few minutes with someone special! I loved it!",0,2025-03-11T05:45:30Z
X4EcUcoo0r4,UgxGPjrmPYqi8mGyP1N4AaABAg,It took me a few beats to get what happened. Beautifully told story. Inspiring and hopeful. Thank you for this masterpiece.,0,2025-04-03T16:49:26Z
X4EcUcoo0r4,UgwUvIrcK5fFnbwCp4x4AaABAg,videos like this make one feel that all is  right with the world and goodness is  still alive.   Thank  you.,0,2025-03-14T19:25:16Z
X4EcUcoo0r4,Ugxfn-WePeSR3UI8m6l4AaABAg,Back ground sounds disturbing,1,2025-03-29T16:49:13Z
X4EcUcoo0r4,UgyQmUfHxHSa1zL1vDF4AaABAg,I love this. A beautiful short film.. Well done . ❤,0,2025-01-28T22:05:06Z
X4EcUcoo0r4,Ugxv3ivpirApDxCaEnR4AaABAg,Very well done. Interesting how other creators have talked about how hard/tedious it is to filter out the background noise over dialogue. Noticed that here at times,0,2025-03-12T07:43:12Z
X4EcUcoo0r4,UgxljfsVKDeGp2EkZ754AaABAg,🙌🏼,0,2025-10-08T21:02:08Z
X4EcUcoo0r4,UgwstnFf52L2B5poszl4AaABAg,"""We are not late; we're just trying to be early.""
That's what I learnt",0,2025-01-08T14:47:57Z
X4EcUcoo0r4,UgziODJaRhdzUzOZq1d4AaABAg,"It made sense that he was her grandfather. The message ""Sometimes the most distant memories can be the closest"" and the clock running with the correct time, combined with the fact that she didn't miss the exam, is really nice❤❤❤",0,2025-02-02T17:35:13Z
X4EcUcoo0r4,UgzswhHeWe8xfsT9hQB4AaABAg,Just lovely. Thank you.,0,2025-01-18T00:20:06Z
X4EcUcoo0r4,UgwQE7B8KPDUF0a8X6J4AaABAg,This made me get up to look for my dad's watch,0,2024-12-31T21:59:55Z
X4EcUcoo0r4,UgxJgIgOpi196uulUlh4AaABAg,"Afterward, long afterword.",0,2025-05-21T19:30:13Z
X4EcUcoo0r4,UgyZdFjHVjM3GH_jQwd4AaABAg,"Amazing , I really liked the idea 🤍🤍🤍👍",0,2025-07-31T03:29:18Z
X4EcUcoo0r4,Ugyk5xFaBV5qnQ7vGDV4AaABAg,Beautiful story,1,2025-01-01T19:25:11Z
X4EcUcoo0r4,Ugz47JjQ5Mgu1UCw3-t4AaABAg,Outstanding.  Brought a tear,0,2025-04-23T14:50:23Z
X4EcUcoo0r4,UgziMzyPHjdRV-SEC414AaABAg,Wow,1,2025-08-02T13:32:04Z
X4EcUcoo0r4,UgxN07qSFnH-nAiXJah4AaABAg,great job !!,0,2025-01-18T14:22:45Z
X4EcUcoo0r4,UgzutHOOZ4V2yqIAVBp4AaABAg,"Simple, and beautiful!",0,2025-08-04T21:21:13Z
X4EcUcoo0r4,UgxjC5o-4ynPut-y8C94AaABAg,"Hatts of to you guyssssss 🎀
I really appreciate ur work 
Damn this line - sometimes even the distant memories can be the closest hits me hard🥹🤞🏻",0,2025-03-29T09:45:49Z
X4EcUcoo0r4,UgzBYPMthL1u_0qciqF4AaABAg,NICE💗,0,2025-11-19T18:04:36Z
X4EcUcoo0r4,Ugx4pbLJc50kXVzFdGl4AaABAg,"He is her grandfather. They are grace both , I love them. My favorite short film",0,2025-02-01T17:50:55Z
X4EcUcoo0r4,UgyI0JCMOAeVsuEwMYN4AaABAg,Very deep and stunning short film I even seen,0,2025-01-21T17:57:08Z
X4EcUcoo0r4,Ugxoh6pbf6f_oc48Xi94AaABAg,Extremely well done.,0,2025-04-08T21:31:14Z
X4EcUcoo0r4,Ugyr-7vOFAbp7Rt2t_R4AaABAg,Thank you so much for this. ❤,0,2024-12-15T08:01:17Z
X4EcUcoo0r4,Ugzhzv2LZYIi8qWk5N14AaABAg,That was beautiful...  the music at the end was gorgeous too..,0,2025-05-03T17:35:08Z
X4EcUcoo0r4,UgyaU28t_cUsEnol4XN4AaABAg,"Beautiful indeed, love how Time bonded them together.",0,2025-04-27T15:18:46Z
X4EcUcoo0r4,UgwuiczQmTIyVdF9Awh4AaABAg,Very good the story 😊,1,2025-04-16T13:25:15Z
X4EcUcoo0r4,Ugx7d_u-duwLlaNOw654AaABAg,L'homme qui remontait le temps...,0,2025-09-29T06:11:32Z
X4EcUcoo0r4,UgzZUdanRbPNDgL4BtR4AaABAg,Nice one.,0,2025-08-13T17:31:46Z
X4EcUcoo0r4,UgzDhqLlZhYW1IGdpl14AaABAg,What a lovely film x,0,2025-01-03T14:00:01Z
X4EcUcoo0r4,Ugy-9tKYpNUgkbMY8WF4AaABAg,great short,0,2024-12-11T20:43:22Z
X4EcUcoo0r4,UgztpguY0sM_QAWxlZ14AaABAg,"Wow, that's a masterpiece!",0,2025-01-12T20:46:55Z
X4EcUcoo0r4,UgziJeBEh-yEP9iDDot4AaABAg,"Beautifully shot, directed, edited and acted.  Outstanding work.",0,2025-01-03T17:17:15Z
X4EcUcoo0r4,UgyLk5922pvFYiSRa8p4AaABAg,This is heartwarming.,0,2025-04-29T21:08:48Z
X4EcUcoo0r4,UgyRd_Rhien0B7elHiR4AaABAg,❤,1,2025-02-17T20:01:53Z
X4EcUcoo0r4,UgwKNXAmWabb5-vXyO94AaABAg,"I had a somewhat similar experience from a relative visiting me once, in the form of a Shadow Person. Look it up. Anyway, it really was fitting that he appeared that way. He was my maternal Grandfather. Quite a shady character indeed!",0,2025-01-11T22:53:36Z
X4EcUcoo0r4,UgzKtQ2sDn_pBaLCxqN4AaABAg,Thank you so much for this breath-taking story full of love and wisdom...,0,2025-08-24T18:51:02Z
X4EcUcoo0r4,UgzvFYOrVwTXIWefzLN4AaABAg,Beautiful. Well done.,0,2025-03-22T21:48:16Z
X4EcUcoo0r4,Ugzot8QVHtTYZqBxYOF4AaABAg,Her grandpa was her angel 🙂,0,2025-01-09T07:05:07Z
X4EcUcoo0r4,Ugw54D7B9tp507K641x4AaABAg,Simply had to rewatch it ( no pun intended) loved it.,1,2025-05-07T05:10:34Z
X4EcUcoo0r4,Ugwqh_sF_ZRcs8T1v3x4AaABAg,Beautiful ❤,1,2025-08-04T18:00:58Z
X4EcUcoo0r4,UgxQRNEHpUBkolasfwx4AaABAg,Beautiful film. Thank you. It made me cry. I wish I could see my Grandparents again. Just for a few minutes.,0,2025-01-16T15:57:35Z
X4EcUcoo0r4,UgwJL4JaTaVQh-1WOy54AaABAg,"I felt so strange. When I finished watching it, it was like there was this energy just rushing through me. I didn't calm down until the subtitles ended, but then, the next second, tears were just streaming down from my eyes. It was so intense! It felt like I'd been pulled into the film and then yanked back out again. It gave me this crazy emotional connection.  The subtitles and fancy fonts did distract me a bit as I’m not a native English speaker, but I still felt the power of the story so strongly!!!",0,2025-05-29T04:44:30Z
X4EcUcoo0r4,UgyGmAXjwaUqc-x8UIV4AaABAg,"Nothing I can say that has not already been said except ""SUPERB"".",0,2025-10-31T22:48:24Z
X4EcUcoo0r4,UgwExIgXIb1F5vZANkV4AaABAg,This short film exceeded my expectations. The acting was superb. I'm inserting this film in my keeper's file. Well done.,0,2025-05-07T01:01:00Z
X4EcUcoo0r4,UgzCHEGa2BvADxh-4sx4AaABAg,best film short 8minut motivation ❤❤❤,0,2025-03-27T21:54:47Z
X4EcUcoo0r4,UgzgodLE5k7bVj95ltV4AaABAg,"Gorgeous, thank you ❤",0,2025-03-05T07:20:10Z
X4EcUcoo0r4,UgzTQnuaxm4j_ymPc4d4AaABAg,"I feel sometimes my mother’s father who passed away when I was 1 year old, stood beside me during troubled times when I was young. I’m 72 now and I don’t sense him that much anymore. But I like to think he was there somewhere when I most needed him as a troubled young man. Before she passed away, my mother told me she saw her Dad in our backyard with a man in a dark suit not long after he died. So I think the sense I felt then was a definite thing. When I was in my 30s after a stressful divorce, a strange woman I had never seen before  came up to me on a city street and told me a family member wanted me to know he was OK. I always thought that was Grandpa.",0,2025-09-17T16:27:15Z
X4EcUcoo0r4,Ugz6zoM1DcaWpXk_kK54AaABAg,❤❤,1,2024-12-10T14:01:34Z
X4EcUcoo0r4,UgxVnqM0VwiPif7t3n54AaABAg,❤,1,2025-07-03T16:21:35Z
X4EcUcoo0r4,Ugx-vmDpx9vBlfUh00h4AaABAg,Nice one,0,2025-01-07T15:04:30Z
X4EcUcoo0r4,UgwY9Kd1uAiswzKH3uh4AaABAg,OMG 😢❤,0,2025-02-02T00:02:44Z
X4EcUcoo0r4,Ugy0vDp77r9O1KnTAFt4AaABAg,thank you,0,2025-05-09T01:20:24Z
X4EcUcoo0r4,Ugxmu9c8qkJLOP7n3pZ4AaABAg,Such a simple yet powerful and sweet at the same movie ! Thank you very much !💖,0,2025-01-31T00:11:03Z
X4EcUcoo0r4,UgwZIk5n7NlyMx6gtE14AaABAg,Delightful.❤❤❤. Thank you.,0,2025-02-14T10:33:02Z
X4EcUcoo0r4,Ugy_tpmnoZaVjL0InYV4AaABAg,"i am not lying ,most of the part of this short film is happened with me ,when i was going to my home at 10:15 pm ,a stranger give me lift and talk me a lot about my future, life ,his mindset is very decent ,and suddenly when we reached near my home ,he disappear and i am very shocked but one thing that i know about him is that ,he exist in this world because i belong to real world, where nothing is fictitious",1,2025-03-30T16:07:30Z
X4EcUcoo0r4,UgySxGqYugqxhLeX7BR4AaABAg,A masterpiece ❤,0,2025-01-31T11:30:46Z
X4EcUcoo0r4,UgyCL5y4S7YeEQmKCF94AaABAg,"I just searched on YouTube ""short film"", and this was one of the first ones to pop up. I love your work!!! How this was filmed, the story, everything. When her watch started working, I got chills. Beautiful story and film. 😊",1,2025-02-16T16:11:34Z
X4EcUcoo0r4,Ugy7mJsr5EKgz3dHcYR4AaABAg,Brilliant and moving flick.  Really enjoyed.  Thank you for sharing this.,0,2025-08-31T19:51:20Z
X4EcUcoo0r4,UgxTWTNzOb2F451Q8YV4AaABAg,"A charming story... Beautifully conceived and told... Full of deep meaning, hope and love...",0,2025-05-07T02:08:11Z
X4EcUcoo0r4,UgzBJvEC1hRtiDt5Zyp4AaABAg,"Cool piece, it put a smile on my old face.",0,2025-05-01T19:16:49Z
X4EcUcoo0r4,UgzkeGK6icmVChZeS6h4AaABAg,"I wish i could meet my Grandpa just one more time. I was very little when i last met him , too tongue tied to answer all his questions.  I would like to answer all of them now",0,2025-05-30T09:58:05Z
X4EcUcoo0r4,UgyGM_ebnVHjez1yHgV4AaABAg,Nice job. Really liked the drumming at the beginning too.,0,2025-01-01T14:01:21Z
X4EcUcoo0r4,UgxGTGGdAEuBAAeFZHV4AaABAg,Thank you.,0,2024-12-12T18:09:38Z
X4EcUcoo0r4,Ugwa6g7eXKpoHh6Z9j14AaABAg,Acctually did we run out of short movies? Why is there no new ones,0,2025-07-11T00:32:44Z
X4EcUcoo0r4,UgynTn2WhJcCf2kyb1d4AaABAg,Lovely. 🥰,0,2025-08-02T15:52:37Z
X4EcUcoo0r4,Ugy4HALF3fuzT5A3wcF4AaABAg,he a time traveler ❤,0,2025-04-03T15:36:48Z
X4EcUcoo0r4,UgwbXP8QPaxVpO0WvBx4AaABAg,"Beautiful story, characters, tempo...thank you❤",0,2025-02-24T16:06:33Z
X4EcUcoo0r4,Ugy6xSbURLBWCoUm0HJ4AaABAg,Excellent! Top level acting as well. Thank you for sharing.,0,2025-03-22T06:07:16Z
X4EcUcoo0r4,UgzxhmY98BXdDb1tXYB4AaABAg,"メモの文字が読みにくいですが、""Sometimes the most distant memories can be the closest.""と
書いてあるようです。「最も遠い記憶が最も近いものになることがある」。",1,2025-06-17T15:28:09Z
X4EcUcoo0r4,UgwV_6h4FvrKRCnpyuJ4AaABAg,Hey .. i am from india and want to say that this film have  beautiful cinematographer and most imp.. a feel good story in just few minutes .. ❤ .. its great .. all the very best .. now i am subscribe you for more such heartfull content 🎉,1,2025-08-12T08:05:26Z
X4EcUcoo0r4,UgzaG522-LJOaJCddXx4AaABAg,Precioso. El hablar bien y recordar a las personas que fueron buenas hace que las personas que no las conocieron tengan un buen recuerdo.  Es muy bonito. El Amor es esencial en la vida.,2,2025-01-15T11:37:04Z
X4EcUcoo0r4,UgwZITIQETmyxK6ciGJ4AaABAg,exelente,1,2025-05-24T08:42:35Z
X4EcUcoo0r4,UgwyWlI6KT-_6Pjh50J4AaABAg,Wat mooi!,1,2024-12-08T15:01:12Z
X4EcUcoo0r4,UgytI9LMb-p8NEVa4hV4AaABAg,Thank you so much,0,2025-01-24T20:50:23Z
X4EcUcoo0r4,UgwaRgKdAVrZ5vIuJXR4AaABAg,That was not an old watch. It was just a recent quartz.,0,2025-12-19T10:38:04Z
X4EcUcoo0r4,Ugxmh_FGg13-LAd9f6R4AaABAg,"Very nice, I love the story, and the atmosphere tru out the entire film. Thank you for that. ❤️👍🏻",1,2024-12-31T15:09:33Z
X4EcUcoo0r4,Ugwl7f8CKUBpH2bUoFJ4AaABAg,beautiful:),1,2025-02-06T08:13:59Z
X4EcUcoo0r4,UgyIZnzbtto38N6rWRt4AaABAg,"눈물짓게하는 너무 좋은 영화네요, 감독님 천재같아요ㅎ 
보면서, 몇년전 약부작용으로 전신마비가되어 병원에 누워있는 아빠가 생각났어요, 타임머신이 있다면 아프기전으로 되돌아가 그 주사 맞지 말라고 막을텐데 하고 늘상 생각하지만 그런일은 없겠죠..",0,2025-01-24T10:35:33Z
X4EcUcoo0r4,Ugyq75MOe4TJJ_Q_Lkh4AaABAg,Such a lovely gentle short film & makes us realise that time us Ever So precious 💖,0,2025-10-14T12:10:13Z
X4EcUcoo0r4,UgxKopX0Y8FysgK-Pn94AaABAg,"Love this! If you don't mind sharing, does this storyline follow a specific order for example, intro, exposition/inciting incident, climax, falling action, and denouement? I'm just curious, my son and I are getting more into writing, therefore I wanted to share with him some examples of how the plot looks within visuals! THANKS!!!! ❤",2,2025-10-03T00:30:53Z
X4EcUcoo0r4,UgyeBD_K0TpMuXMbVCJ4AaABAg,Good one,1,2025-07-25T09:22:21Z
X4EcUcoo0r4,Ugy1tUBVU4CY355R3cx4AaABAg,"This is why youtube was created for 
Amazing cinematography 👏 nice story writing ✍",0,2025-12-14T14:22:02Z
X4EcUcoo0r4,UgySid3Jgy2iQUrY1pl4AaABAg,Is it just me or do All the time movies start with the alarm clock ?,0,2025-03-05T04:53:35Z
X4EcUcoo0r4,Ugy_cLOJrrmZUG1W1ex4AaABAg,Great film and good production team work! So nice to see so many great short films on YouTube.,0,2025-05-06T06:04:02Z
X4EcUcoo0r4,Ugx3Qm48OW-2MM6WcUV4AaABAg,Brilliant,0,2025-05-01T07:40:24Z
X4EcUcoo0r4,UgzaZQY2-EgVeADF3Wl4AaABAg,Well done. So meaningful and powerful. Really enjoyed it!,0,2025-04-29T00:08:01Z
X4EcUcoo0r4,Ugzy7MeR6RoFjmDuolN4AaABAg,I am very glad that YT suggested this short movie to me - I would have missed this precious little piece otherwise. I really liked it.,0,2024-12-15T15:06:19Z
X4EcUcoo0r4,Ugx2FwEaPtl2HdN1sYp4AaABAg,Brilliant! Thankyou.,0,2024-12-25T23:35:40Z
X4EcUcoo0r4,UgwXjc5s4-yCjiaMmqx4AaABAg,Magnificent  ❤ ! Thank you 🙏,0,2024-12-11T01:37:43Z
X4EcUcoo0r4,UgwFFz0LsM1LLvnn42x4AaABAg,Nice,0,2025-01-31T21:33:29Z
X4EcUcoo0r4,UgyXKl57RxamJj_7IBd4AaABAg,Love this story ❤,0,2026-01-09T03:53:18Z
X4EcUcoo0r4,UgxRjFSoTFrVbgyWM2J4AaABAg,"That was nice, thank you. 😊",0,2025-03-16T22:26:18Z
X4EcUcoo0r4,UgynNge1VyGzbAjVvPB4AaABAg,The old man is her grandpa?,1,2025-05-21T09:17:02Z
X4EcUcoo0r4,UgzWFnUlkCz1SAK2Yll4AaABAg,I looked for something to watch having supper on the fly and now I'm chocking tearing up over my raviolis - 10/10,0,2025-09-15T19:38:00Z
X4EcUcoo0r4,Ugyp59FfUdv3xtGBzmd4AaABAg,What a nice Story ! ❤,0,2025-01-28T14:09:39Z
X4EcUcoo0r4,Ugxj7xMV-v1KrMaDffV4AaABAg,"luv the open ends, bc everyone has the chance to interpretate that end as they want, and that end i`ll be ok¡ for me, that was her grand pa, the clock owner but he ran out of time, he said¡ he past away he means¡ very nice story telling¡ congrats¡",0,2025-07-25T20:46:54Z
X4EcUcoo0r4,UgyC-qN7yncwLU_-p-J4AaABAg,That was such a sweet little story 🥹,0,2025-01-05T16:37:18Z
X4EcUcoo0r4,Ugzhdx4TTYVA9PBKayR4AaABAg,"특정해 둔 꿈없이 60을 넘겨 모쏠로 살지만
아직 살아있음에 감사해할만큼
이 삶은 경이롭고 아름답다죠
모두 비슷한 깨임의 기회갖기를요",2,2025-10-29T10:15:59Z
X4EcUcoo0r4,UgwbSSCucEYOnshfGmF4AaABAg,i like your efforts for this movie,0,2026-01-02T13:00:57Z
X4EcUcoo0r4,UgzW540kwAdXWO6fusx4AaABAg,Thank you that was lovely really made me smile,0,2025-03-16T02:03:00Z
X4EcUcoo0r4,UgwNo-eIeskIIIv8RGx4AaABAg,lovely film,1,2024-12-18T14:39:57Z
X4EcUcoo0r4,UgyidADPp4wJaOyT8bp4AaABAg,This short film really hard working because colour grading film look and location to good 😍🎥,1,2025-07-19T05:20:19Z
X4EcUcoo0r4,Ugy8XWbn2sfXU3-bccl4AaABAg,🕊️🌹🕊️,1,2025-01-29T01:35:00Z
X4EcUcoo0r4,UgxEPPJSLKcrKxFbGm14AaABAg,Beautiful piece,0,2025-12-10T02:37:35Z
X4EcUcoo0r4,UgxEYO7EEt-zIGax0EV4AaABAg,Lovely story,0,2025-05-01T08:06:23Z
X4EcUcoo0r4,Ugzb8X6a_J1pkj776pR4AaABAg,Why am I crying?,1,2024-12-08T18:10:32Z
X4EcUcoo0r4,UgzH9X1GDi2BqmV1m314AaABAg,The way you gave a sweet mesg through this short film was impressing❤,0,2025-04-11T13:36:59Z
X4EcUcoo0r4,UgzWgtthsrdtqUtkLWh4AaABAg,what a touching wonderful film!,0,2025-10-23T05:54:07Z
X4EcUcoo0r4,UgxpXm7H-AWs0ISj-oV4AaABAg,I am watching this at 8:30 only🤔,0,2026-01-17T03:01:12Z
X4EcUcoo0r4,UgwDQB1Ss1AtLVOm7r94AaABAg,Lovely ❤,0,2025-03-23T10:36:39Z
X4EcUcoo0r4,UgwMw7nUcR9uOj4nkDt4AaABAg,just wow,0,2025-11-01T17:45:04Z
X4EcUcoo0r4,UgzcpajKn2ULit6EPRx4AaABAg,"In this busy and complex world, when I pause and look around, I realize my precious family is right there with me in Bangladesh. That gives me strength. I felt a lot from watching this film. Thank you",0,2025-08-06T06:04:59Z
X4EcUcoo0r4,UgzfYFvCDFMsRblfExx4AaABAg,now she gets the chance to take her exam,0,2025-10-17T14:39:57Z
X4EcUcoo0r4,UgzwLQX-1jgvxMXmQ7B4AaABAg,"20 people, cast of 3.. This is great...could do an entire series.....",0,2025-11-15T20:56:55Z
X4EcUcoo0r4,UgxgiXVy0STrRP-MPtt4AaABAg,"She said exam is on 9 am , and after when she gets into his bus and realised it's only 8 :30  , and the old man make her realise, 
Not to rush , and you have such a great value ie, the time 🫠 and she felt happy for it and showed gratitude by smiling at the end",0,2026-01-10T17:20:48Z
X4EcUcoo0r4,UgwDq44P8KN6EKxY5ml4AaABAg,"I could read the lower part of the message that the old man left for her, but I can't read the text at the top.",0,2025-10-26T12:21:35Z
X4EcUcoo0r4,Ugwn9JiYX0bcO8z0U2x4AaABAg,"Wow, well written, the plot somehow makes me think about my life time 🥹",1,2025-01-18T11:32:57Z
X4EcUcoo0r4,UgxoyvKbhgfeco3WTEd4AaABAg,"very nice, thank you",1,2025-04-22T13:33:14Z
X4EcUcoo0r4,Ugwa0h4WMwSbt4xZfi14AaABAg,This made me cry and made me think of my beloved grandpa. It is splendid. Thank you,0,2025-03-12T12:28:06Z
X4EcUcoo0r4,UgxJ7V162P_mHM4nWRV4AaABAg,Fascinating ❤😊,0,2025-02-03T02:01:05Z
X4EcUcoo0r4,Ugy01mlMxcmpjg0SXCt4AaABAg,❤❤ magic,1,2025-06-16T07:29:13Z
X4EcUcoo0r4,Ugy38UexrLT6LenCput4AaABAg,Wow! I really enjoyed this film!  Well done!,0,2025-08-01T00:41:59Z
X4EcUcoo0r4,UgyOE7xjG7FJ-jYW9Vh4AaABAg,Nice story 👌,0,2025-03-26T09:44:33Z
X4EcUcoo0r4,UgzFk7eq1nC5XHpmy0J4AaABAg,There is a someone who always cares about you ❤❤just keep going ❤what a great message ❤,0,2025-12-14T10:08:30Z
X4EcUcoo0r4,UgwOPRP-pBnxGcwDg4N4AaABAg,❤❤❤,0,2025-11-13T13:30:16Z
X4EcUcoo0r4,UgxE6dJ0kt292Suww0h4AaABAg,Timepiece's a masterpiece ❤️,0,2025-03-23T16:18:48Z
X4EcUcoo0r4,UgxSoclZF34qx3pVN0h4AaABAg,Beautiful and Thought Provoking.,0,2024-12-12T08:57:46Z
X4EcUcoo0r4,UgwwJs5lCm80xWa_XSB4AaABAg,🙌🙌🙌,0,2025-02-24T08:53:19Z
X4EcUcoo0r4,UgzWzd83zVYohyzG3-p4AaABAg,Do you mean the Timepiece from Rusty Lake Roots?,1,2025-05-27T14:13:18Z
X4EcUcoo0r4,UgyLRGAFgvRC-hjD1BZ4AaABAg,I got tears in my eyes...,0,2025-04-24T13:14:02Z
X4EcUcoo0r4,UgwTG7xXtJySggI6N5Z4AaABAg,hit soo deep ❤️,0,2024-12-17T03:36:17Z
X4EcUcoo0r4,UgzHU35f7ETLHd6UmSV4AaABAg,Which is movie name?,0,2026-01-22T04:02:49Z
X4EcUcoo0r4,Ugz6LikjijXYdiVQ8TN4AaABAg,I really liked this!,0,2025-01-17T03:32:10Z
X4EcUcoo0r4,UgxHGxR8c4p0sM_uKbN4AaABAg,Beautiful!,0,2025-02-15T11:31:02Z
X4EcUcoo0r4,Ugy8Z4cVII8nTXGHkEd4AaABAg,INTERESTING -LOVE IT AS I AM VERY FASCINATED WITH TIME TRAVEL!,1,2025-03-09T20:23:00Z
X4EcUcoo0r4,UgzHJ86IdTqDEwgUTMp4AaABAg,Best ❤❤,1,2025-08-23T06:12:26Z
X4EcUcoo0r4,Ugyge0YUUkrV1QAHNE54AaABAg,That was her grandfather ... I liked the idea of the movie,0,2025-04-14T10:50:45Z
W86P_FX6PdI,UgyVBjCc6VUcbjC0sl94AaABAg,My essay will be due within an hour and I'm still thinking what to write for my intro 🙄🙄🤔,35,2019-03-19T13:52:24Z
W86P_FX6PdI,Uggg7pGxjlwQkngCoAEC,Who else is in college English ,81,2014-02-24T23:47:15Z
W86P_FX6PdI,UgjrGKyezI99-3gCoAEC,I think school does this too because it makes you sit for 6 hrs. and you have to learn 6 subjects everyday.,30,2015-03-21T08:45:05Z
W86P_FX6PdI,Ugyqkbng9fEKeVVEbVZ4AaABAg,its not making us stupid its rewiring our brain to process information differently which makes it difficult to do things that we did before.,7,2013-05-19T14:17:12Z
W86P_FX6PdI,UgwwqRIinNEA_zctzYp4AaABAg,"I actually have an assignment to read his book at my college, but I'm watching the video instead..",3,2012-02-08T21:07:41Z
W86P_FX6PdI,UggFtZf6b6ffPHgCoAEC,"nice, gave me good information for my homework for college",7,2014-05-01T02:38:03Z
W86P_FX6PdI,UgiZOVmgByVD3HgCoAEC,this video was too long i couldn't concentrate lol!! can you make a 30 second one?? thankq!!,28,2016-09-02T23:49:21Z
W86P_FX6PdI,UgyzVRmsGJ7RQjt7Rnl4AaABAg,"lol even at this moment, im laughing reading the comments i can even watch the video!",2,2012-11-19T19:21:34Z
W86P_FX6PdI,UgzJ-ZK-lemgLgUpOE94AaABAg,"I've wondered about this, but not ascribing the reason for our ""learned"" ADHD to Google (or other search engines) or even the internet itself... I've considered more that the combined electronic media in general is causing this - we have too much information thrown at us at any given time, all of it begging for ""importance in consideration"". I have wondered whether we become inured to ""importance"", all in the quest to sell more commercial advertisements. Perhaps I am only cynical, however.",5,2011-01-01T01:40:20Z
W86P_FX6PdI,UgirrzCBndAdf3gCoAEC,today am doing this assignment writing about it 😞😒..,11,2015-08-26T00:28:47Z
W86P_FX6PdI,UgxPmRAiiA0J0dqktk54AaABAg,"my college english class sent me here.
",5,2012-09-16T16:31:44Z
W86P_FX6PdI,UgwBHHO9NRSEsmbA3Mt4AaABAg,Can't believe this doesn't have that many views,2,2011-01-14T06:29:43Z
W86P_FX6PdI,UgzkAXt4F2TU-XmjcOt4AaABAg,"heck yea, it gave me ideas that I couldnt find from simply reading the book.",0,2012-08-27T00:44:08Z
W86P_FX6PdI,Ugz5C5g3KZpUWIiuVsd4AaABAg,"lmao trying to watch this but i keep getting on facebook and tuning it out, reality check haha well im in school 8 hours a day i guess i use my mind enough ",0,2011-11-09T00:37:50Z
W86P_FX6PdI,Ugg_loKwRQX_bXgCoAEC,Thank u 4ur details explanation,0,2017-06-23T04:32:00Z
W86P_FX6PdI,UgwYlmn01NAaOI7dPDJ4AaABAg,"Having more information than ever, being able to use it immediately and reading more than ever is making you stupid? Right...

Tell you what Nicholas, the reason why your brain is changing and your behaviour patterns is changing is just because you're getting old, that's all. You look exactly like the kind of interested and intelligent guy that get terrorized when you start to feel going downhill. Then something must be at fault. I remember these BS arguments about TV too. ",2,2011-06-23T15:43:43Z
W86P_FX6PdI,UgzYyeNdSo1P-fKaEAl4AaABAg,wait a minute... this isnt family guy funny moments #31,0,2021-06-10T09:59:30Z
W86P_FX6PdI,Uggd37E6E2HR9ngCoAEC,Yes sometime,1,2016-05-19T22:27:25Z
W86P_FX6PdI,Ugi1PUXallFkg3gCoAEC,YES,1,2014-01-07T19:57:02Z
W86P_FX6PdI,UgymPlC7eAs4ia6NjRB4AaABAg,Yes,0,2013-07-21T17:03:41Z
W86P_FX6PdI,UgiQVcjo93ivCXgCoAEC,Video games help us focus deeply into a topic.  ,0,2015-03-21T08:46:44Z
W86P_FX6PdI,UgyXvMc3YnVDuY-zPkd4AaABAg,word me too,0,2012-11-10T21:00:54Z
W86P_FX6PdI,UgxpEoag-7S2wr9VZeh4AaABAg,If you want to read the transcript instead of watching the video here it is. https://www.pbs.org/newshour/arts/conversation-nicholas-carrs-the-shallows-what-the-internet-is-doing-to-our-brains,0,2018-02-23T03:29:40Z
W86P_FX6PdI,UgySCMFo890OMnFR_654AaABAg,Google is making us stupid,0,2018-12-05T04:04:23Z
W86P_FX6PdI,UgwMIL4KbRMJbH9J6m14AaABAg,Yes. For sure.,0,2020-06-04T12:27:07Z
W86P_FX6PdI,UgxKMmfqbpVTYQ4x8Yp4AaABAg,"Focus, Focus, Focus -----We are losing it in this day and age. ",0,2012-06-11T03:53:33Z
W86P_FX6PdI,UgzJBM_PSri_rrev1iJ4AaABAg,@mark95427 I guess you missed the point. People that watch TV 24/7 don't read books. TV didn't do it. They watch TV because they are unwilling to do other stuff from the start. Not the other way around.,0,2011-07-16T21:37:07Z
W86P_FX6PdI,Ugzkr9OiFzD5bJ7tSZJ4AaABAg,me too is this any help,0,2012-08-27T00:37:06Z
W86P_FX6PdI,UgxF1FCfamBxVgJ_hAV4AaABAg,Loooool ya me too,0,2012-11-12T02:01:15Z
W86P_FX6PdI,UgwYPI1xRhB5RYjkaTF4AaABAg,George Romero wasn't far off the mark.,0,2012-01-14T14:22:50Z
W86P_FX6PdI,Ugi_udzxIvnAUHgCoAEC,why would you put this on the internet if u don't like the internet,3,2015-11-21T12:54:23Z
W86P_FX6PdI,Ugze4w-Oti8sYAPs5Et4AaABAg,I agree and I'm only in year 7.,0,2013-04-30T03:40:50Z
W86P_FX6PdI,UghGzSKo8kkVhngCoAEC,Driving is a HUGE fucking deal.,1,2014-03-21T05:38:52Z
W86P_FX6PdI,UgzSu4rqUQiXju2yAHd4AaABAg,It is a choice to be distracted and technology is not responsible for your decision.,11,2018-10-20T23:37:22Z
W86P_FX6PdI,UgyXjcK-38smbl7qVf54AaABAg,u kinda look like obama ngl,0,2021-06-10T10:01:52Z
W86P_FX6PdI,UgxcFCccQIWKghKzW914AaABAg,"...what if its just him not being able to be independent from the internet? being, you know, ""stupid""?",2,2013-03-11T23:47:51Z
W86P_FX6PdI,Ugxw3QWovTneezvALC94AaABAg,"He's right. Never depend on G, it cannot be trusted and dishonest",0,2021-04-28T07:44:24Z
W86P_FX6PdI,UgzFd4ciM8pfed-bo8J4AaABAg,"This such bullshit! i'm part of a generation that has grown up on computers i use the internet all the time i'm a massive gamer and my computer is my life.. sounds sad yes, but i find it really easy to ""reflect"" on my life and can use my brain to have deep meaningful thoughts for prolonged periods. The internet is a great source for information. It's sad to see the bitterness older generations have on us younger generations when it comes to technology! Peace out!",3,2012-09-16T23:32:06Z
W86P_FX6PdI,Ugwnl_b9KumURGKwYq14AaABAg,Left at about 4pm retail is closed must be attending his white power meetings.,0,2024-03-17T07:59:56Z
zN-rElTzR_4,UgyRBuOlHM1hUFp_g7F4AaABAg,it's no longer social. It's just media,17543,2025-08-25T10:04:17Z
zN-rElTzR_4,UgxvwqYvHHwf0Gp8MFR4AaABAg,Offline is the new luxury.,1699,2025-10-10T21:15:54Z
zN-rElTzR_4,Ugz-KCDK_tQsmWqVukp4AaABAg,"It’s not social anymore. It’s just performance, surveillance, and sponsored content",1216,2025-11-10T14:18:57Z
zN-rElTzR_4,UgyIcXB1PGsKtp3T5qR4AaABAg,"Social media is just flooded with misinformation, trolls, and really stupid people. Not worth using.",954,2025-10-16T09:18:19Z
zN-rElTzR_4,UgwhCyuMan8eOBE4IEd4AaABAg,"I'm tired of privacy concerns, ads, predators, grifters and Ai invading every space.",5935,2025-08-22T21:29:36Z
zN-rElTzR_4,UgxerZxWodTWQ1i1yBd4AaABAg,"Social media went downhill when we stopped emphasizing the ""social"" part of it.",13148,2025-08-21T22:31:39Z
zN-rElTzR_4,UgwXHKH8Ugf6rCXkj_d4AaABAg,"If it's free, you are the product!",6982,2025-08-23T15:44:50Z
zN-rElTzR_4,UgxjL-zHhA6Jk-Zd6tN4AaABAg,"I got only depression from social media, I cut off immediately except YouTube because I actually learn from YouTube",298,2025-11-05T12:45:06Z
zN-rElTzR_4,Ugw9TgyMh-T7gMguOf14AaABAg,"Every time I tell someone that I’m not on social media anymore, their only response is “wow, good for you. I wish I could do that” and I feel like that speaks volumes",16342,2025-08-24T14:37:57Z
zN-rElTzR_4,UgwXn8Cc4O_IiQh0XR94AaABAg,I really hope that in 5 - 10 years hardly anyone uses social media anymore and start to interact with each other again in real life,7234,2025-08-22T10:27:25Z
zN-rElTzR_4,UgwyOLknhFzKaUA1IgB4AaABAg,"Negative content spreads 6x faster than positive content.
That’s not an accident — that’s the business model.",12986,2025-08-22T13:22:35Z
zN-rElTzR_4,UgzwR3J5Etk7-P14DL54AaABAg,6 months without Instagram. Not missing anything. If you still read books you're a real Champ!,2819,2025-08-31T15:07:06Z
zN-rElTzR_4,Ugz9ZzADWhaCxo4yawt4AaABAg,I quit scrolling 2 months ago. It’s very uncomfortable at first but now I wouldn’t dream of going back. My mood has never been more balanced and I started reading books in my spare moments🤓,2247,2025-09-05T13:02:41Z
zN-rElTzR_4,Ugy21vvMOePXYM-wH194AaABAg,I quit social media a year and a half ago. I regret nothing.,3298,2025-08-21T23:13:05Z
zN-rElTzR_4,UgwsRXeJL8glg1WNQWZ4AaABAg,"I rather be in Pinterest than instagram, facebook, twitter, and snap. Less drama, cool ideas for just about anything, and no need to seek validation from strangers.",63,2025-11-11T02:24:59Z
zN-rElTzR_4,UgwcWSLSC_SJ7yvNjIJ4AaABAg,"It’s been about 10 days I quit Instagram. The change in my mental clarity and focus is gradually increasing, it’s like I used to feel back in 2010 when I started using YouTube and learning so many things. It’s good to be back in this metal state.",1344,2025-09-22T05:38:04Z
zN-rElTzR_4,Ugyz44L6YmcoURp3Ti14AaABAg,"Its just ads, influencers and content now, not social and a lot of people are burnt out",720,2025-09-02T16:29:15Z
zN-rElTzR_4,UgzFejJ07Kxc5VpLHfB4AaABAg,I’m super thankful that this conversation is being had. Long overdue,1171,2025-08-27T02:55:24Z
zN-rElTzR_4,UgxLu0Qy6gx-x-XFW2h4AaABAg,"I've deactivated all my social media except YouTube.
But the problem is that YT has also followed the ""ForYou"" trends with the algorithm and doom-scrolling with shorts.

_This is the 3rd time I'm writing this comment because the auto moderation system kept taking it down._",33,2025-12-03T02:34:34Z
zN-rElTzR_4,UgwBlmn1yG3rSaL-0Nl4AaABAg,Social media addiction has ruined my life. Stay away from social media guys.,3155,2025-08-21T22:22:07Z
zN-rElTzR_4,UgwntoesSOf6hgcYTQR4AaABAg,"For me, it’s because I am SICK of everything being tailored to me. A major part of socializing is being challenged and experiencing other point of views. On social media, it is just a constant feed of “You might like this…”, when all I want is to see what OTHER people like. I don’t want a computer telling me what I’ll like because it is almost always incorrect.",6732,2025-08-22T00:05:57Z
zN-rElTzR_4,UgwB8EEXe2AED3khyp94AaABAg,"I quit Instagram because I unknowing started comparing my life to others. I have a good life. I live in a beautiful place. Decent job. Yet somehow I always felt like i wasn’t doing enough. Instagram is a highlight reel of others lives. People don’t post their mundane Tuesdays, doing dishes just like you and me. We forget most people are living similar lives.",1313,2025-08-22T04:41:25Z
zN-rElTzR_4,UgzKWWJhiIHCsln7Pzp4AaABAg,I deleted every social media apps today! You should too!,6,2026-01-19T15:12:23Z
zN-rElTzR_4,Ugyk5-Zrdd6qgfiganJ4AaABAg,"“Advertising is ruining society”, brought to you by Headspace our sponsor!",3629,2025-08-25T09:54:59Z
zN-rElTzR_4,UgzqGGZCeyz4PYD73ER4AaABAg,"Today it’s not ”social media”. It’s ”viral media”. And it made me stop using internet (other than YouTube, as of now at least)",1302,2025-08-22T06:45:36Z
zN-rElTzR_4,UgyOTwJBMHLpcpE_HSl4AaABAg,"I only watch YouTube, because other social apps or websites not only waste time, but people don’t even remember what they were watching 10 minutes ago, let alone if you ask what they watched two days ago. But YouTube, with its long videos and educational content, stays in memory and even teaches useful life skills.",1976,2025-08-24T06:26:28Z
zN-rElTzR_4,UgxSOFkDXHb6l_iv6jF4AaABAg,"I quit all social media plattforms gradualy over the last months. When I deleted the last one I felt so happy - like I quit an awful job or something. And it actually gave me so much time and energy, that it was like quitting a job. The first thing I thought was „I have so much time now“ and felt so excited about it. And it‘s true, I have much more time for friends, family, hobbies and myself. I don‘t feel burned out anymore all the time. But the other effect was my relation to the world. I can have joy over the small things again, I see the magic in nature again and life makes sense again. I thought quitting social media makes me miss it, makes me bored and not informed. But I haven‘t missed it a single time. I watch Youtube on my Ipad, but it‘s content that encourages me to do things, to connect and to think. Life feels like 2014 right now",69,2025-10-17T10:09:01Z
zN-rElTzR_4,UgzzE0oM2mlUntfwBc14AaABAg,“There is a difference between what we value and what we attend to.” This is going in my quote book for today.,888,2025-08-21T23:36:51Z
zN-rElTzR_4,UgytuJcgiJYMKCWloWJ4AaABAg,"In 2014 I dated a guy who would scroll to the “end” of instagram every morning (until he got to the posts he had already seen on his chronological feed). It took him maybe 10-15 minutes and I remember thinking, this guy is ADDICTED to instagram. I didn’t know anyone who had to see every single post on their feed and spending that long on it first thing was truly weird behavior. Now, that would be no big deal. That might even be considered to be a healthy amount of social media. Things have changed a lot.",872,2025-08-22T04:33:20Z
zN-rElTzR_4,Ugwqw6dw7eMWhYkpKrt4AaABAg,"Social media will never end, as long as people have egos. People want validation and social media gives them the sense of that even if is fake.",865,2025-08-22T21:04:48Z
zN-rElTzR_4,UgxMztVLA8tHoYrBSl14AaABAg,YouTube is my only social media and its too much already.,8,2026-01-03T17:04:51Z
zN-rElTzR_4,UgzvgvRTt5OAeBZeBx94AaABAg,I am starting to limit my social media. I re-read a lot of books to the point I brought a physical book everywhere. I love that.,523,2025-08-21T22:44:13Z
zN-rElTzR_4,UgwgGjCdcGN5VHDDj-R4AaABAg,"I quit social media altogether about 10 years ago. For a long time, YouTube felt like a safe space... right until they introduced Shorts. Now I’m contemplating quitting YouTube, too, which would really suck, since there are great people like you on this site with amazing content. But because there’s no way to turn off Shorts, I end up wasting too much time on them.",997,2025-08-22T03:15:30Z
zN-rElTzR_4,Ugwd96K3wIK5T0CA6194AaABAg,It all boils down to one thing: GREED is destroying our world.,1080,2025-08-26T12:43:06Z
zN-rElTzR_4,UgwhmwSt822c2M8exTt4AaABAg,Learning this is what got me off social media. I looked at the last 10 years with my kids and realized how much time was being stolen from them and me by these apps desperate for our attention and money. I refused to waste any more time on the apps and deleted it all. Its the best thing I have ever done for my life and my kids.,2,2026-01-20T18:11:39Z
zN-rElTzR_4,Ugy2Bp_CEcZPOoYPUWN4AaABAg,"The irony of this video being created purely for social media, to target people via social media who are sick of social media, and designed to keep my attention long enough to try and sell me a Headspace subscription.",136,2025-09-17T09:10:21Z
zN-rElTzR_4,Ugwq89xtbGiwGprScax4AaABAg,"I got to the farmers market every Saturday and this time there was 3 times as many people there!! It made me so happy to see so many people shopping local and talking to each other!! Went to the park like I always to do for a nice walk after and same thing. PEOPLE. Playing with their dogs, exercising, listening to the birds, etc. Usually these two places aren't that busy. It made me so happy  :)  GO TO YOUR LOCAL FARMERS MARKET!! SHOP SMALL!! SHOP LOCAL!! REBUILD YOUR COMMUNITY!!! REBEL AGAINST CONVENIENCE CONSUMERISM!! I watched some bees go ape shit on some flowers at the park FOR FREE!! No adds. Just sunshine and peace.",573,2025-09-06T18:48:53Z
zN-rElTzR_4,UgwoOMTVMMTOXfsxeut4AaABAg,"I've replaced my social media with reading books. 10/10 would recommend. 

When I do open up social media I have a rule to ignore anything that triggers: hate, fear, disgust, or lust.",241,2025-08-22T02:30:53Z
zN-rElTzR_4,UgwkDu1AC9R6tSz3z6N4AaABAg,"I was introduced to social media by a classmate back in 6th grade, and I’ve had a terrible addiction for the rest of my time. It ruined my focus, attention span, memory, mental health. I didn’t study, nearly completely failing school. My entire life was around social media, varying from trying to make content to comparing myself to the people I saw online. I’m 19 now. I deleted TikTok a year ago, but moved to Instagram which I, too, deleted just a couple of months ago. I still scroll for about an hour or two a day on Pinterest, mostly when I’m searching for something specific, but I no longer feel that addiction. While it feels weird and unfamiliar, I would not wish to go back. 
I got myself into reading lately, which I’ve not been doing ever before. Love it. 
And as for the failure of studies, I will be retaking my 12th grade next year. Right now I’m taking a gap year to refresh from the brainrot and prepare myself as best I can.",4,2025-11-27T10:16:00Z
zN-rElTzR_4,UgxyXgd1fetB_8XIJvh4AaABAg,I'm deleting all my accounts as of midnight tonight and going totally dark. My mental health can't take anymore of it.,81,2025-12-07T20:59:17Z
zN-rElTzR_4,UgwBHEMBbC4PZN2sKaF4AaABAg,The ad in the middle proves that we are all now stuck,247,2025-09-03T15:57:05Z
zN-rElTzR_4,UgxMLi1mmKFLAIEUc7B4AaABAg,"I’ve stopped every kind of social media except longer YouTube videos (like these) and Netflix. Just like when I was younger, and I love it. And it is so ironic because videos like these warning and talking about the consequences of social media, will never get watched by people scrolling right now with ruined feeds and attention spans… but i feel like it’s moving in the right direction, videos like these really help. Thank you!",270,2025-09-15T17:00:35Z
zN-rElTzR_4,UgwwOninmDgGECKg8794AaABAg,There is no balance in social media. Get rid of it,140,2025-08-21T23:53:50Z
zN-rElTzR_4,UgzETnoRmot3I2Pv3gR4AaABAg,"It's just media now, not social anymore",5,2025-11-07T02:42:40Z
zN-rElTzR_4,UgzCZGiN32A0j7os23x4AaABAg,"Two more social points to discuss:
You isolate much more from your people because you don't need to meet any longer. Just by watching their reels, you know what they are doing.

You get obsessed with which moment of your life you can post. That concert, your holidays, that party, even buying a new flavoured coffee. We stopped enjoying things by the own pleasure of joy. Now we try to create content with it.",158,2025-08-29T08:37:45Z
zN-rElTzR_4,UgzLkZ6r7f5Hx6l9Xk94AaABAg,"I just hate how I didn't realise how much my phone consumed my free time. Wondering why I felt so empty, anxious, frustrated and how unproductive I had become. I deleted social media off my phone. 

It's weird being the only person in the room not staring at their phone. What happened to us?",365,2025-08-22T09:28:35Z
zN-rElTzR_4,UgzsUcSLq3GBYWV_awl4AaABAg,"It's been 2 years since I had quit social media,no comparison  & no distraction ,Life feels good  :)",138,2025-09-17T13:12:29Z
zN-rElTzR_4,UgyL4C-9yTFflUOl5Zd4AaABAg,"Builds a stronger case for the dead internet theory. If most people are ditching, or even spending a little less time on social media, then begs the question who are all these ""users"" engaging with content? So many bot accounts holding up the system.",6,2025-10-20T01:11:11Z
zN-rElTzR_4,UgxR1YfX2chT5IyXd4F4AaABAg,"its no longer social media , its corporate controled advertising space disguised as social media,but its miles apart from what things like MySpace offered. why allow people to express themselves when you could market to them instead",245,2025-08-27T23:05:16Z
zN-rElTzR_4,UgwINDu9ctSvHw7_hvR4AaABAg,"The irony of a well-placed, unskippable advertisement in this video was not lost on me.",94,2025-09-02T16:28:54Z
zN-rElTzR_4,UgzgNCHzFK0LtP719Ql4AaABAg,"4:52 - if he wouldn't come up with it, someone else would",46,2025-08-29T18:12:27Z
zN-rElTzR_4,UgwEdgh6QzD0q-89ANd4AaABAg,Our phone destroyed our life when it was less about connecting with our friends and more about being a consumer for companies and influencers who don’t care about us,2,2026-01-15T06:40:59Z
zN-rElTzR_4,UgxIVACdlqmLAIvZMqN4AaABAg,It all went downhill wen we stopped using phones to call friends to see each other IRL,210,2025-08-22T01:30:29Z
zN-rElTzR_4,UgwmepkCEt8LbmBtxRV4AaABAg,"I’m sick of all the untruths, hate, and a total lack of compassion and privacy concerns on social media, mostly on fb and X.",138,2025-08-26T13:22:17Z
zN-rElTzR_4,UgxHOH9jnCWPHgcinDh4AaABAg,This is why I only focus on my YouTube channel. I have never used TikTok and I don't like Instagram anymore. However when I go to YouTube I can still find value and learn something. I want to contribute to this platform and try and make it even better.,285,2025-08-22T03:42:09Z
zN-rElTzR_4,UgzZGjWJq81LYcGWtGt4AaABAg,"I’m an Astrophysics student at UofT. I see brilliant people every day who can solve complex calculus but can’t sit still for 15 minutes without checking Reels. We aren't 'lazy'—we are fighting a supercomputer that has biologically down-regulated our dopamine.

I literally had to build a 'Digital Bunker' (code-level blocking) to get my ambition back. If you are a student reading this: stop blaming yourself and start blocking the signal. (I broke down the method on my channel if anyone needs the protocol).",9,2025-12-20T18:34:33Z
zN-rElTzR_4,Ugzth50i1n3WmSSZxHZ4AaABAg,"I remember a viral tweet from earlier this year during the whole TikTok ban fiasco when people started moving to Rednote. An American posted their family's holiday photos on Rednote and someone in China left a comment saying that their family was beautiful and wished them a happy new year. I remember looking at it and feeling shocked. No one ever talks like that on the internet anymore, especially not to strangers. It reminded me of old school Facebook. Honestly, if those photos had been posted on Twitter instead, they probably would’ve been ignored at best or torn apart at worst. 

That moment really drove home how toxic social media has become in recent years. I can't imagine how much worse it's going to get in the future. Unfortunately, I don't see any light at the end of this tunnel.",126,2025-08-25T21:57:30Z
zN-rElTzR_4,UgxS9J_dnOnfrROXSQJ4AaABAg,"I rejoined the real world. My phone is black and white (grayscale). I have a home tablet for YouTube, banking etc. it does not leave the house. My phone has a pocket in my car that it hides in.  Social media is gone, my books are printed on paper, my music is in a cd case. I have paid YouTube to avoid ads, if a video contains ads in the content I click off. .... Life is so much better",270,2025-08-22T06:28:44Z
zN-rElTzR_4,UgyMHl-30C4vSZop_jh4AaABAg,"Social media has traumatized me, is what I observed.
After leaving social media I grew more patient again, started working on my hobbies on my own pace and noticed improvement and my own style. I also have no constant anxiety anymore.

In just one month.",352,2025-08-21T23:59:41Z
zN-rElTzR_4,Ugw665wlR5HEAGL8E8t4AaABAg,Every time i make ANY post. People find a reason to fight about it and personally attack me. They always feel somehow that i attacked them first somehow even with the most innocent comments. It is social warfare really,4,2025-10-21T10:23:28Z
zN-rElTzR_4,UgzgV5xxIyfjSquUtLB4AaABAg,I could never stand TV for the ads and when the internet came along I felt a sense of peace from it for a time. Now the internet is what TV and Cable used to be. And it is absolutely all by neuromarketing design. I always say WALL-E is a documentary about the future.,176,2025-08-24T08:01:13Z
zN-rElTzR_4,Ugzi2TMljEifaZiHkpd4AaABAg,Not hating but the irony of a video like this with an advert half way through for a paid app that promises to fix your mental health is crazy,1825,2025-08-23T23:18:37Z
zN-rElTzR_4,Ugw1l_oF7eYORCs_t2t4AaABAg,been off instagram for almost 2 months now. so refreshing,92,2025-08-26T19:42:15Z
zN-rElTzR_4,UgwYKokPLoaPaKWWQx14AaABAg,Just deactivated my social accounts and deleted the apps yesterday. Great video,1,2026-01-18T17:53:00Z
zN-rElTzR_4,UgwDfVsobHBIxHNd2Xh4AaABAg,Its laughable that i use instagram way less now that it doesnt show me pics of my friends and has ad breaks,42,2025-08-27T15:37:09Z
zN-rElTzR_4,UgwyK4m21wrobBfCO9t4AaABAg,"13:34 It’s literally addiction, nothing more",54,2025-08-25T11:37:40Z
zN-rElTzR_4,UgxGlw4NCbGgFnXAS2J4AaABAg,I deleted instagram (the worst social media imo) 2 years ago and it took me a weirdly long time for the urge to post on my story to go away away completely. talk about withdrawals! I hope this movement grows bigger,103,2025-08-21T23:33:07Z
zN-rElTzR_4,Ugxou-7hHZlX5lVglbp4AaABAg,I quit social media in 2016 and felt liberated. I've never used a modern dating app. Life is good and I encourage you to join me!,283,2025-08-22T20:49:32Z
zN-rElTzR_4,UgzLirevdZ1MUjnm80Z4AaABAg,YouTube has been the only “social media” I really enjoy,42,2025-08-23T23:05:53Z
zN-rElTzR_4,UgxJS9v8Qo_YDSrDn9t4AaABAg,"9:26 I'm I the only one that heard  ""it designed to produce stress.....""😂😂",44,2025-08-22T05:46:55Z
zN-rElTzR_4,UgxapYdLOjN_iMwOqWd4AaABAg,the way i watched almost all of the video clips you used throughout the video esp at the end.,0,2025-12-25T03:15:02Z
zN-rElTzR_4,UgxuP1X13NSOE7ibPFN4AaABAg,1:25 mark zuckerberg bought it and destroyed it,59,2025-09-21T17:52:17Z
zN-rElTzR_4,Ugw3J8n03kkqtA-0boZ4AaABAg,I deleted all social media apps on 1st January 2025 as part of my new year resolution. I used to scroll through reels for several hours a day up until that point. I used to feel so sad and not in control of my life. Deleting social media apps has been life altering. The best thing I ever did.,118,2025-08-22T07:20:49Z
zN-rElTzR_4,UgytSwon9lQv8GNoiSJ4AaABAg,6:57  exactly why I left TikTok. The other algos don’t even come close.,28,2025-08-22T17:49:11Z
zN-rElTzR_4,Ugy3npGpvRjkQvt8NeV4AaABAg,"Awesome video man, thank you :)",0,2025-10-31T02:03:18Z
zN-rElTzR_4,Ugylo41eBtyAoTpVFTx4AaABAg,"""Put your F***ing phone away""

Crowd cheers while pointing their phones at him xD",36,2025-08-22T03:29:58Z
zN-rElTzR_4,UgwdvTl1XzeaEaO8WyZ4AaABAg,"9:18 and with that, you probably just explained why all of this is happening",30,2025-08-25T15:49:58Z
zN-rElTzR_4,UgyjRSpHhdXBJn2YBP54AaABAg,"I'm so tired of being monetized and being told I'm worth so much, then being treated like I'm worthless.",68,2025-08-23T16:49:00Z
zN-rElTzR_4,UgwuOtxxp9NrISSE8aZ4AaABAg,What a wonderful video. This is amazing!,0,2025-11-10T03:46:02Z
zN-rElTzR_4,Ugx7tlyFTiWhgWYUe-R4AaABAg,"They're not social media platforms anymore; they're ad platforms.
I think social media also kills creativity. I can't imagine Georgia O'Keeffe, Frida Kahlo, Jackson Pollock, Jack Kerouac, Picasso, The Brontes or any other writer or artist would have created and then headed over to Instagram or Reddit for feedback and validation.",342,2025-08-22T12:41:52Z
zN-rElTzR_4,UgwML-bPbCH7-lF4S5V4AaABAg,Social media is a massive time waster and I realized this many years ago that's why I deleted all of it,53,2025-09-04T14:50:27Z
zN-rElTzR_4,Ugz4sNcNccfL9EjYA9Z4AaABAg,Every moment I spent outside or with other people gives me a thousand percent more energy and happiness instead of losing energy and hope watching pixels light up. Such an important message to all!,42,2025-08-22T05:24:32Z
zN-rElTzR_4,Ugy5z5hMxvEY9QI7tGp4AaABAg,"Im so relieved to hear young people are detaching from social media.
Perhaps there is hope for humanity, after all.
The trajectory we’ve been on, has been one of disturbing disconnection from reality and each other.",1,2025-12-28T09:18:21Z
zN-rElTzR_4,Ugy340ZtX9ZNjufW48t4AaABAg,"social media is an unnecessary middle man.   all you need is a search engine, email and websites.",57,2025-08-21T23:24:44Z
zN-rElTzR_4,UgywiZ_YnbpklIQO2bt4AaABAg,"I quit most social media sites minus youtube because there is too much hate, rage bait, negativity and trolling on social media. I can't stand the comment sections anymore. I was constantly depressed and angry and I'm much happier without social media.",113,2025-08-23T13:14:17Z
zN-rElTzR_4,Ugy2r3z53sKE-Dx96hN4AaABAg,I just don’t give a shit about anything other than YouTube. I come here for long form content. I’m quite annoyed by the new thing YouTube did. When you pause a video an ad pops up if you’re not clicked into the comments. It’s maddening.,121,2025-08-22T02:09:12Z
zN-rElTzR_4,UgxwkX5NGO6t8nsapOV4AaABAg,"so true, social media can be exhausting",0,2025-11-19T17:33:44Z
zN-rElTzR_4,UgylkhHCsZMW81TTbk14AaABAg,"For the longest time I was able to use Instagram in moderation but the last 12 months I find myself 'doom scrolling' to a greater extent, it's not good. I don't touch TikTok, because that seems like a whole other level of brain rot. Who is the guy giving the Ted Talk at 13:02?",45,2025-08-23T06:57:56Z
zN-rElTzR_4,UgwrV-un4GVoerhz8Ap4AaABAg,"I was a ""social game designer"" for 10 years of my 20 year career and I know so many dirty secrets about the industry. The dirtiest is that social games were never social. It was always about maximizing engagement, retention, and monetization. We had a saying ""your friends are why you join, but our tricks are why you stay."" That was 2014 in the Facebook/MySpace era. I made a career out of designing dark patterns. Now I am using that knowledge to help people unplug.",115,2025-08-22T03:39:17Z
zN-rElTzR_4,UgyNvEXuDS0IF3hnjSN4AaABAg,"Not against sponsorship.. but in this video.... it made the whole thing even more ironic. Even if I pay a premium to support and thus avoid ads, I still being shoved products down my throat. The world we live in.",326,2025-08-23T22:13:50Z
zN-rElTzR_4,Ugyo-GdafJbDSLF5qqV4AaABAg,This was really informative. Thank You,0,2025-11-04T21:25:29Z
zN-rElTzR_4,UgznuiS3dqDkPfd8pgR4AaABAg,I have been Social Media free for the past 2 months and my only regret is not doing it sooner.,20,2025-08-22T03:38:51Z
zN-rElTzR_4,UgwbpVJIMvEWpvIiM0d4AaABAg,"I quit 2018 when I realized I opened up ig after literally just closing it. I instantly deleted that crap and never looked back. I dislike the world we live in now were 99% of the people around us are glued to their phone, and you can’t tell them anything or else they’ll go off on you. I bet you have friends you sit to eat with and can’t hold a conversation because they’re on ig. Thanks 🦎",20,2025-09-07T12:24:38Z
zN-rElTzR_4,UgxxVsFv1Dls6hcvOnB4AaABAg,Social Media isn’t about connecting you with your family and friends. The corporate incentive is to connect you to advertisers and ultimately to get you to buy anything.,75,2025-08-22T08:41:26Z
zN-rElTzR_4,UgyqNFEH8JPvqc51csp4AaABAg,0:19 really liked the creative way of doing that segment by cropping the phone overlay over horizontal material and not going for copied blur background or handheld phone shot,1,2025-12-10T13:18:48Z
zN-rElTzR_4,UgxCDaOoF60GbeTlU194AaABAg,"1:56 That's not entirely true. We had a lot of chat rooms and forums before social media came along where you could connect with friends and strangers. It was not only websites and reading news, we had fan pages and communitiew built around them, not to mention blogs. There was so much more going on the internet before social media than ""readin the news""",38,2025-09-08T17:23:27Z
zN-rElTzR_4,UgzRbqWSUaZ-X5XwcwR4AaABAg,"I had to do some self reflection a while back to think ""How on earth did I spend my time before the endless scrolling on social media..."" but I caught myself thinking ""How did I have so much time for so many different activities when I was a teenager and in college? I was involved in a lot!"" It made me realize how much of my time was being used up doomscrolling...",13,2025-08-25T03:11:20Z
zN-rElTzR_4,UgymQFtx5dH44laXYad4AaABAg,"2:09 okay. Hold up. Elder millennial here. What this dude is saying about the internet before Web 2.0 is demonstrably false. Personal websites and web rings were absolutely a thing and how we all connected with each other. It wasn’t just news websites. Geocities, angelfire, fortunecities, and personal hosting were a thing that a bunch of us used.",102,2025-08-26T13:36:20Z
zN-rElTzR_4,UgxDSpPGk5INBC_CjaN4AaABAg,"this is so true, i keep thinking about it",0,2025-11-04T09:22:31Z
zN-rElTzR_4,UgyfUfAZRnqurMThkP14AaABAg,we lost our way when we lost our touch with ppl and feel in love with their platform,19,2025-08-28T02:05:27Z
zN-rElTzR_4,Ugxn64gD30ga2q_Ljnh4AaABAg,"Social media peaked in the early 2010s. Remember Facebook in that era? It was finite. When you were out of updates from your friends, your feed ended. Then they started padding it out with content from pages that you never followed and people you didn't know. Then EVERY social media started doing that. Facebook is hardly relevant anymore, but everyone is using the same strategy now. Everything is tuned for gaining clout from strangers, not connecting with people you actually know.",44,2025-08-24T14:18:42Z
zN-rElTzR_4,UgwhQYifEeJy9n5Axbh4AaABAg,"I personally decided to get off everything besides YouTube after the election last year and it's been the best thing I've ever done. Even if I'm not infinitely more productive, I am definitely less distracted and filled with anxiety. And I've even discovered new hobbies that I definitely would have never given the time to before.",26,2025-08-23T12:41:44Z
zN-rElTzR_4,Ugy50loxi9QNFpXxpIF4AaABAg,Thank you for the Video!,0,2025-11-25T13:39:27Z
zN-rElTzR_4,UgyAwX7qHUlypEwn7L94AaABAg,My instagram account got banned for no reason and it finally means I can’t redownload it when I feel like it. Thanks meta!,12,2025-08-22T09:09:56Z
zN-rElTzR_4,Ugzt0VpCzghgcrvpv7J4AaABAg,"You have no idea how many people that ik and have on ig, has deactivated their accounts, like sooo many, or they delete all their posts, even removing their profile picture; it's a clear sign of fatigue",20,2025-08-28T18:34:43Z
zN-rElTzR_4,UgxobsnnTCUX60O1eHF4AaABAg,"Excellent video man and great to see Jack Conte still going strong.
It's been disconcerting witnessing this both as a guy who's been consuming content on social media since 2005 and someone who's been producing videos 13 years on Youtube. Facebook and Twitter are completely and utterly unusable, while Instagram has turned from a genuinely good, social photo sharing app into a wannabe Tiktok. 
While Youtube is the best of the bunch, it's in danger of going down the same path. Shorts are being rammed everywhere. Meanwhile, it feels like subscribing to a channel has become redundant, as it's no guarantee you'll see that content on your feed.
On a creator level, where once all your videos were shared with your viewers organically, these days you've got to battle for the privilege. You need to ensure your video has a high click-through rate immediately. As a Youtuber this means the incentive to take risks on niche projects or ideas has disappeared, as you know a low click through rate will bury your video on the platform. Risk taking and originality is growing ever harder to justify with each passing year.
All this has certainly sapped the magic out of Youtube these last 3 years for me. As for the other socials, using them far less has made me a lot happier. It's better time spend walking, watching films or reading!",110,2025-08-28T19:40:50Z
zN-rElTzR_4,Ugx5FlQJK9BaxENZ1PR4AaABAg,The irony of this video having many external ads and sponsor internal ad is sublime.,0,2025-11-06T08:02:05Z
zN-rElTzR_4,Ugwdldj4xnj3DKDc-2d4AaABAg,Some years ago living in Lake Tahoe social media really hit me. I watched this guy spend two hours setting up a paddle board and extensive LED lighting to take a quick two minute picture at sunset. I found him later on Instagram as a huge influencer. He made a comment with the photo about living the paddleboard life and all the good exercise and blah blah blah and reading through the comments it made people hate their lives. But I still tolerated Instagram. But more recently…….. no way,32,2025-08-22T08:02:34Z
zN-rElTzR_4,UgzYMeu2Q2SwfoiyYeN4AaABAg,I switched to a flip phone and quit all socials when I did. I feel clarity and freedom like I never thought I'd feel.,9,2025-08-22T16:55:59Z
zN-rElTzR_4,UgzHuNp8usniLRHAOVV4AaABAg,"Social networks are abducting us without realizing it, I realized my addiction. And the important thing is to do it and put tools in place so that they are not the problem. Your videos help within this world of crazy social networks.",89,2025-08-21T22:24:45Z
zN-rElTzR_4,UgwoW_erqZD51i4zVPR4AaABAg,this video hit home for real,0,2025-11-17T15:19:24Z
zN-rElTzR_4,UgzYQlQTkgySzy9RITl4AaABAg,"I’m not just quitting social media. I’m quitting my smart phone, because the problem goes beyond social media. I really think things started going south the moment we had ALL the information available to humanity in our pockets and that technology became widely available.

There is benefit - maybe even critical importance - in allowing a little bit of friction in our lives. There being an app for everything has short circuited our ability to allow for a bit of frustration and slow down - to enable us to disconnect. We’re so caught up in how “convenient” it is to have everything on our phones that we’ve learned helplessness. We’re don’t just embrace the convenience, we’re DEPENDENT on our phones for everything from spatial awareness, to concentration, to basic math. It’s a ball and chain - an anchor. I’m moving on.

Our phones fill our lives with so much noise - literal and figurative - that we can’t think anymore. We can’t tolerate boredom or silence. If it’s not social media, it’s videos, or music, or literally just mindlessly scrolling a web browser. It numbs the pleasure centers of our brains and makes it impossible to even enjoy life in the few moments when we are disconnected.

The AI nonsense started to really turn me off of technology. But one day I looked around while I was out with my kids and every parent was locked in on their phones… myself included. It was bone chilling.",27,2025-08-22T14:15:58Z
zN-rElTzR_4,UgzwFL1pIcPPApB4R3V4AaABAg,"5:51 ""talented""? you sure?",33,2025-08-24T08:16:00Z
zN-rElTzR_4,Ugyh2nSLcSxz_lzVl0J4AaABAg,We need this reminder very often cos we go for distraction there and then we end up having anxiety,0,2025-12-07T04:09:08Z
zN-rElTzR_4,UgxAoViwG6x20a2tvCF4AaABAg,I'm liking this recent pivot in your content a lot. Keep it up!,13,2025-08-21T23:22:59Z
zN-rElTzR_4,Ugw8a-im4evtcR9NJvp4AaABAg,"I quit social media on April. I have a time of my life. I don't compare my life with perfect staged profiles, just being in real time and truly grateful for everything I have. Highly recommended!",29,2025-08-22T11:06:00Z
zN-rElTzR_4,UgzrCLKcb0KsKABc1jJ4AaABAg,"Love this type of format you have been doing! It’s like a documentary/commentary style, I like it!",15,2025-08-22T01:33:09Z
zN-rElTzR_4,UgyY44Zliu_oIgqKnax4AaABAg,I quit a month ago now and it’s amazing how much peace and clarity I’ve developed,0,2025-11-06T10:59:41Z
zN-rElTzR_4,UgzC0KZKwfnd5QfhPMR4AaABAg,"I always had a complicated relationship with social media. I finally got rid of it last year and there has definitely been a pull back to it, but I always remember the horrible feelings I had towards it. I'm glad more people are realizing this and are taking ownership of their privacy and time.",6,2025-08-22T21:27:27Z
zN-rElTzR_4,Ugxti_n_GCi3MxwQj-N4AaABAg,"5:10 they always ‘regret’ after they’ve made their money, and realize their legacy will be horrible. Like the Nobel Prize guy, or you know Bill Gates. 😂",94,2025-08-24T08:03:21Z
zN-rElTzR_4,UgzgBsWpefLDtcfAuIZ4AaABAg,"Matt, for me this is your best work in years. Everything from the pacing and graphics to the way you break down complex topics without dumbing them down shows what a pro you are at video making and storytelling",10,2025-08-22T03:31:23Z
zN-rElTzR_4,Ugy2UM222ZsAj7QrPct4AaABAg,Now its more like everyone is on a tv in media,0,2026-01-14T13:07:26Z
zN-rElTzR_4,UgzVX-7rI-p73ceojw94AaABAg,"All social media, especially Tik Tok, needs to be either shut down or moderated for the good of our future generations. It's bad when people would rather be on their phones rather than going outside meeting new people or going on dates and meeting up with friends.",70,2025-08-22T21:17:05Z
zN-rElTzR_4,UgynIb3NrZeBUiP1t8x4AaABAg,"My wife and I quit Facebook and Instagram back in 2021, and honestly, it’s been a huge relief. These days even YouTube feels pointless, and we’ve stepped out of all the WhatsApp groups — family, friends, even spiritual ones. Life feels so much more peaceful now. Of course, we still value being social and building strong relationships, but we’ve realized it doesn’t require being glued to these platforms.",30,2025-09-10T08:28:22Z
zN-rElTzR_4,UgyI8K0xC4gL5FrDcvp4AaABAg,We didn’t quit social media—we just got tired of losing ourselves in it.,5,2025-08-28T01:05:01Z
zN-rElTzR_4,UgxhQLybNqEjas_8xEh4AaABAg,"The fact that this video also has an ad, and that ad being for Headspace 😅",1,2026-01-05T19:01:40Z
zN-rElTzR_4,UgwK2IFr37mK_uFHQ5R4AaABAg,The irony of talking about how social media companies monopolize your attention just to sell ads while you include a paid sponsorship ad in this video is quite hilarious.,18,2025-08-25T11:47:02Z
zN-rElTzR_4,UgxxYPYxiA1GXo3WP9Z4AaABAg,lmao the irony of making this video and it includes a paid promotion.,71,2025-08-27T13:18:50Z
zN-rElTzR_4,Ugw4oD89S6WFfIlKZCV4AaABAg,It's such a relief not to work in marketing any more and to no longer have to care or know about this brain-rotting cancer.,14,2025-10-11T02:01:16Z
zN-rElTzR_4,UgyugnCjlcgW_GZy0_J4AaABAg,Addicts always come back when the cravings kick in.,5,2025-12-05T13:27:16Z
zN-rElTzR_4,UgzfBY1ZQNyyJ0wNS4l4AaABAg,"Both me and my roommate woke up the same time, he was looking at his phone, i did my laundry, practice guitar, went for a walk. 4 hours later from my walk he was still on his phone! He looked up and asked what time is it! I told him you just wasted 4 hours, and if you want to go for a walk and enjoy good luck cause' it started raining!",249,2025-08-24T01:52:07Z
zN-rElTzR_4,UgzCx4owsyJxItC7ZQZ4AaABAg,"Thank you Matt, this is such a concise, eye-opening and really a shocking revelation that so many of us felt, but has never been so clearly and concisely articulated as you have here. Vital for everyone to watch.",12,2025-08-21T22:28:27Z
zN-rElTzR_4,Ugz40bGUFHtoZZXdMsx4AaABAg,"Strangely (and a bit scarily), I completely zoned out at 13:48 and didn’t hear a single word (although I really wanted to) until the TikTok content ended. That’s honestly kind of frightening.",7,2025-08-29T15:00:54Z
zN-rElTzR_4,UgwpnPHQ8iNEpe35Vcd4AaABAg,"I’m so glad I gave it all up a few years back, it really was trapping me mentally and feeding into everything I wanted, main thing ( what I wanted) and that’s when I realised enough is enough, I have gone back to doing normal hobbies and ye that age old favourite, getting out for a walk, even on here I limit it to max 50-60 mins a day",0,2025-10-29T13:06:22Z
zN-rElTzR_4,Ugzlisszef00vVTFeI54AaABAg,I gave up on social media years ago without understanding the why. Everyone should watch this.,44,2025-09-07T12:09:06Z
zN-rElTzR_4,Ugy2VTZfdCt9HB7PJdh4AaABAg,"It’s not social media. 
It’s addiction media.",4,2025-09-01T08:17:33Z
zN-rElTzR_4,UgyU6Ca1WDLW5UaTsvR4AaABAg,This is such a great content. It’s definitely worth to be made into a documentary. There’s so much about social media that has gone down and up and we need more than 16 minutes of content.,8,2025-08-22T01:08:34Z
zN-rElTzR_4,UgxUsg5z6zx51eOejE94AaABAg,"hey Matt, I’ve followed for a while, I think since back in 2018 when you tried the social media detox (like you mentioned in the video). Around that time I didn’t feel the need to detox because my world and the people that live in it were so small. But around that time until now I’ve realized that I’ve somewhat stepped away from my internet life. I’ve done many amazing things and had the privilege to travel around the world, but never fully posted my trips/albums. I think I just felt too pressured to and it’s been a lot better since. I feel less bothered to post and I’m really happy to know that the likes and interactions I get, (or don’t), don’t seem to have a hold on me as much as it did before. great work, great to see another well thought out video.",0,2025-10-21T07:10:02Z
zN-rElTzR_4,Ugz-CMgbx2nPLwm-pkp4AaABAg,"If I could send one video to everyone that I know, to really pay attention to it, and start noticing the bad stuff that we consume, would be this one. Amazing as always, Matt.",6,2025-08-22T02:57:41Z
zN-rElTzR_4,Ugx-wtB2Enn-rlZYE1J4AaABAg,"What's crazy, is how close Vine was to the perfect formula, years before tiktok and the rest.",42,2025-08-22T03:34:29Z
zN-rElTzR_4,UgwfCxoapHbZZ2TfaHt4AaABAg,"Imo. social media is not only harmful for an individual, it is also dangerous for society itself. By only pushing out content tailored to you and your beliefs it creates bubbles of interest isolated from one another and thereby supports extremist thinking and the distancing between these artificially created groups.",37,2025-08-22T08:06:05Z
zN-rElTzR_4,UgzUHtDkN-lSjeJZosh4AaABAg,been thinking about this a lot lately,0,2025-11-17T18:30:20Z
zN-rElTzR_4,UgxZ-3YKDNnqPGZtPJh4AaABAg,"by ""everyone"" you mean an online trend of a few hundred people, whilst the ramaining 5 BILLION remain more hooked than ever",8,2025-08-22T04:51:27Z
zN-rElTzR_4,UgwtNdtttWA0OYoLusR4AaABAg,"TikTok was the final nail in the coffin. A lot of “post pandemic” issues is really post introduction to TikTok issues. Other apps influenced kids, this app influenced parents and grandparents. It’s bad enough politics has done it on Facebook, but people are more insufferable in many aspects now.",13,2025-08-21T22:54:06Z
zN-rElTzR_4,UgygfmD01LbWBXZrvcp4AaABAg,"I just deactivated my IG.
I spend too much time on it and I don’t even miss it because I am usually there mindlessly, as compared to YouTube where I am actively looking for specific things.",6,2025-10-09T02:06:54Z
zN-rElTzR_4,UgxLzW89g0RsfUJ9utl4AaABAg,wow i never thought about it like this,0,2025-11-04T09:22:30Z
zN-rElTzR_4,UgzIWDnjl7TGBc59Tkh4AaABAg,I never used social media in my entire life. It has been an interesting journey to see how it changed people and how my predictions came true.,7,2025-08-22T03:40:02Z
zN-rElTzR_4,UgyRAOMKvJiar-ZiqsF4AaABAg,"9:43 this is not “pretty awesome  deal”, it’s predatory dumping practice where company gets users addicted to service and then only forces them to pay full price. This ad-read automatically invalidates integrity of your video…",56,2025-09-01T05:21:03Z
zN-rElTzR_4,Ugw-1m-bPGXiI8Hywml4AaABAg,"Great video, Matt!",8,2025-08-22T06:39:26Z
zN-rElTzR_4,UgxbddAzeZg87VHvcwV4AaABAg,Thank you!!  This was a FANTASTIC video and helped me clarify my feelings about social media and my recent decision to delete my accounts on all of them.  More people really need to do the same,0,2025-10-13T18:44:24Z
zN-rElTzR_4,UgzNWCmFg3J1WfI2QAB4AaABAg,"As someone living disabled alone, often social media is my connection to the outside world, with only a few outings a month. I try to mostly connect with support groups, but catch myself mindlessly scrolling often",45,2025-08-22T22:09:57Z
zN-rElTzR_4,UgyiZAY48bY2iegybZN4AaABAg,its not social media anymore... just ads...,21,2025-08-28T06:34:04Z
zN-rElTzR_4,UgyJyMPdaBi5KUyWZXp4AaABAg,"It's honestly about time people quit social media and replace it with something more positive like meditation! when i first started my meditation journey i went from being constantly exhausted mentally, to the point where i couldn't even leave my bedroom for 5 days other than necessity. I lost all hope that anything would be different. 1 year later i now have 3 friends (yes i know this is not much). I am leaving the house to socialise a lot more and i am no longer ""stuck"" in my own thoughts and feelings.",243,2025-08-27T13:00:50Z
zN-rElTzR_4,UgyFrELZePsr2FwQxlJ4AaABAg,"Dude! I just tuned in after a very, very long time. I knew about you and your channel when you first started this YouTube thing. And every now and then I saw videos of you and had a glimpse of what has happened and it was like catching up with you. The quality of your videos increased over time, but you just mentioned that you have become a dad as well. That is huge, Matt. Congrats. Your life has changed so much. I hope you are doing alright with the dad thing. And nice video about a current media issue. Well done! See you in the next update!",1,2025-10-27T18:35:23Z
zN-rElTzR_4,UgzAQBaRwB06NVfaxaZ4AaABAg,"Such an amazing video Matt, one of the best videos I've seen on YouTube in a while",19,2025-08-26T10:51:30Z
zN-rElTzR_4,UgyYXaw3HOnpU4Ey3614AaABAg,"The only social media account I ever had (apart from YouTube if that counts) was Facebook, from 2012 to 2015. No need for it. I like to think I was pretty early on this.",11,2025-08-21T23:10:45Z
zN-rElTzR_4,UgyxPFR5e4mdpgLAP-J4AaABAg,"16:23 He has ""a lot of hope,"" well beats me. I lost my faith in humanity years ago. Lol!",9,2025-10-03T02:21:27Z
zN-rElTzR_4,UgwbvwkR9nz8e0yyxc94AaABAg,"Your editing is so sick, Matt!",0,2025-10-28T07:39:20Z
zN-rElTzR_4,UgwhBMbmKzP1bnmi9yl4AaABAg,"I’m glad I’m not the only one who stepped away from social media. Honestly, I’ve been so much happier since I left. The only exception I’ve kept is YouTube; I don’t really consider it the same as other platforms. At least with YouTube, you actually have some control: you can subscribe to what you like, block what you don’t, and the content leans more toward your actual interests. Plus, the longer videos help retrain your brain to move away from the short-attention-span stuff.

Most of Gen Z’s struggles trace back to social media. I used to think of myself as introverted, antisocial, and painfully awkward—like I could only interact with people online. But since I’ve been off those apps, it’s changed everything. I don’t obsess about my looks or body image anymore. When I go out, I see actual people—not filtered versions of them—and it feels real. I can interact with others more naturally now. I’m not suddenly an extrovert, but I do feel more “normal.” I don't think we're all as introverted as we think.

I’ve stopped focusing on what I don’t have or comparing myself to fake lives online. Instead, I’m working on myself, and the people around me have noticed a night-and-day difference. It’s not easy at first, but leaving social media for me was the key to actually living.",61,2025-08-24T18:38:26Z
zN-rElTzR_4,UgxJMy84Ntp7gh9M7hp4AaABAg,"It feels like the whole point of socializing went wrong. People have become silent viewers, not interacting anymore (I am not talking about likes). I almost do not scoll through my feed cause it is 80% ads and suggested content. I do not see the posts of my friends. And people not getting interaction and engagement on their posts makes them not post at all. This is all so sad.",36,2025-08-22T08:50:15Z
zN-rElTzR_4,UgzqiQ8ulNfQ3e5_4994AaABAg,"My personal problem is the difficulty of being both a creator and a consumer. I'm constantly trying to reach views, audiences and more subs in the hope that something works out, but at the same time, I don't do trendy or viral style content that I see on tiktok and youtube. We are literally being fed videos that say ""use this sound and you'll become viral"", ""make a video that's so short, you will get lots of views because of it"" or literally using the word viral to make something viral. 
As a consumer, it's really boring me to see the lack of original content being pushed on these platforms. As a creator, it's completely messed with how I view my own content. I'm constantly checking views, likes, comments on all the platforms in the hope something just works. What that's ended up doing is creating a bad mentality that focuses on numbers and pleasing the algorithm instead of just being proud of what I made in the first place without seeking viral attention. 

I've ended up deleting all of my apps of social media, with the intention of just uploading videos and content when I want, but not giving myself the ability to see stats. The current system causes so many problems, including anxiety, OCD and depression that wasn't there before. I've felt the worst I've been in years after realising that what I'm doing and being fed is a cocktail of digital cringe and viral success overnight. 
Hopefully, I can get that time back that I usually waste on social media to do something more productive. Making more music, making tracks that don't even need to be released (but just for fun), coming up with fun video idea's that I want to do without thinking of its success, or even putting more time towards trying to learn Japanese over the next few years.

Social media is no longer the cool and amazing thing it once was. Our friends don't realise that they don't care about what we post, as they doom scroll until they see something that might be funny to share, send it, then continue. Growing up with it didn't seem as bad, but the last couple of years has just had a dramatic decline on my mental heath, which I have already worked on so hard to keep in a good place.

Here's hoping that things change, but seeing these companies in an infinite loop of trying to get more cash grabs and data out of us makes me wonder if they have realised how bad they've gotten.",5,2025-08-30T22:31:40Z
zN-rElTzR_4,Ugy-yEvXnNS7dS62-bh4AaABAg,Netflix Documentary: The Social Dilemma is a must watch. It changed my perspective of Social Media forever about 5yrs ago.,0,2025-10-29T12:20:13Z
zN-rElTzR_4,UgyvRDh2aTQUbvqHhU14AaABAg,"Negativity like never before, the most anxiety inducing service there is.",4,2025-08-27T21:30:29Z
zN-rElTzR_4,Ugx1Hx64pXsiFMfdC_x4AaABAg,"Masterpiece, filled with gems. Appreciate this 1 Matt 💎",6,2025-08-22T01:19:46Z
zN-rElTzR_4,UgyIeAGSJFts3WEtF0V4AaABAg,"My 22 and 26 year old sons aren’t on any social media at all. They watch videos on YouTube, but no FB, Instagram, TikTok, etc…",11,2025-09-26T18:52:21Z
zN-rElTzR_4,UgwXC_HYtyTd2EkvJpZ4AaABAg,i love how real you are about this stuff,0,2025-10-31T23:18:18Z
zN-rElTzR_4,Ugz6Oka-UcXrF7q4O5N4AaABAg,Hi Matt! Thanks for using my clip around 15:38! Great video & you're right on all topics. Social media has its ebbs and flows and we'll all continue evolving with it.,24,2025-08-22T15:45:57Z
zN-rElTzR_4,Ugy_Rz9h7ha04iHpBzB4AaABAg,I used to be obsessed with all the platforms and now I have deleted 90% of my accounts. I hope many others follow suit.,7,2025-08-24T12:35:54Z
zN-rElTzR_4,Ugzdh_1mmwZl2IQWwkh4AaABAg,"As a creator that has benefited massively from the for you feed, I still cant deny the power its had over attention spans. Having said that I do stand by my content as positively encouraging and ""good"" for people. Now the mission is to shine above the brain rot and a.i garbage! Original creators making good content are out there and like Jack, I have hope that the internet can still flourish and be a positive experience for all of us.",6,2025-08-22T07:58:47Z
zN-rElTzR_4,UgzDclHIeK3cPAyIA7J4AaABAg,"Timely video. I decided to take a break for the rest of the year from SoMe. I am currently reading The Chaos Machine, and it is actually terrifying to see what social media is doing to us. We are literally being rewired. The polarization we are facing as a society is literally disintegrating humanity from the inside out. I knew it was there, but it became so prominent to me back at the 2016 election and even more so during CO*ID. I hate it. I hate that I have spent as much time involved with it as I have. At this point, I am not sure if I will go back to it, but I am curious how I will feel at the end of the year without it. Great video, thank you for sharing!",0,2025-11-12T12:02:56Z
zN-rElTzR_4,Ugylf2HIpLMwYUqpe_R4AaABAg,If you delete and remove social media but make a post about it you’re still hooked on the attention.,11,2025-08-31T14:28:01Z
zN-rElTzR_4,Ugx4D7evdkVptBOceXZ4AaABAg,"One funny thing that is happening is people are bragging that they quit social media, on social media sites.  They don’t realize how pervasive these sites are and what is technically a social media site.",4,2025-08-30T18:49:44Z
zN-rElTzR_4,UgwcERO5ncUSHCoUo2p4AaABAg,Nobody is socializing. I m just posting and not talking to anyone over there.,5,2025-08-30T18:14:50Z
zN-rElTzR_4,UgyGEqhiNld37cJEnit4AaABAg,I love this video. Let’s spread this!,0,2025-11-02T08:34:58Z
zN-rElTzR_4,UgwNULrddBYa3LU0cB14AaABAg,"I felt like my brain was hijacked by short form video content and algorithms. Took yt, IG, and fb all off my phone and it’s almost like my brain was having dopamine withdrawal symptoms. I was irritable and my brain was hunting for ways to be entertained immediately. I’m not saying removing them solved my problems completely, but I can channel the energy into more productive things like crosswords and other things that require critical thinking and deeper engagement rather than passive consumption.",4,2025-08-21T23:44:35Z
zN-rElTzR_4,Ugxh7gpl6gcVGRQ15WN4AaABAg,"More and more people discover there is a beautiful world outside where they can chill and actually meet people and have fun, and they also realize that social media just steals that time for them and it's getting annoying and uncomfortable to just stay glued to a device that only shows you pixels on the screen.",6,2025-08-30T13:04:02Z
zN-rElTzR_4,Ugz5NWSwIRK6fvYkpy14AaABAg,We need to ALL BOYCOTT INSTAGRAM!,31,2025-08-22T01:55:27Z
zN-rElTzR_4,Ugzutj5zd5dlUTip2Cp4AaABAg,I deleted my social media accounts about 2 years ago..It just feeling hollow and soulless,20,2025-08-21T22:24:10Z
zN-rElTzR_4,UgymooJ3vQX9lkrcIj94AaABAg,"A lot of people are quitting not because social media is “dead,” but because they feel invisible on it. When you post for months with zero traction, it kills motivation. That’s why tools like Lyftgram exist — not as a magic fix, but to help you actually get seen so you don’t feel like you’re shouting into the void.",1471,2025-10-01T13:48:50Z
zN-rElTzR_4,Ugzc8IeEe5hOmJDgPH94AaABAg,"This video is edited exactly to hold your attention and please the algorithms - quickly changing b-rolls, sound effects, cliffhangers, ads👏👏

Why not to just sit there and talk podcast style like a TRUE MINIMALIST?",11,2025-08-22T22:12:38Z
zN-rElTzR_4,UgxaV-t3pwkw3LlUcPx4AaABAg,"As is happening with most media outlets (TV, streaming services, social media, etc.), it is excessive greed that will end up bringing them down or until something new comes along.",0,2025-11-14T13:55:31Z
zN-rElTzR_4,UgzqakfU6HkSTVEoBHt4AaABAg,"Deleted Reddit and then uninstalled Facebook and I feel so much better. Constant negativity and Constant notifications. You can post about anything that shouldn't cause cynical remarks and yet they happen anyway by different people. ""I am looking forward to this game"". Then I get called a shill. I say that I Like a new album by a band and I get called a fake fan. Stuff like that. Goodbye ! 👋",6,2025-09-15T12:38:38Z
zN-rElTzR_4,Ugz-EawLCC44phege5p4AaABAg,"I saw it on Facebook, people posting where they ate, where they had dinner, what they did in their lives, people giving likes, I realized that it was toxic and I didn't go back",16,2025-08-22T08:31:15Z
zN-rElTzR_4,UgyXw1VafYzVAT2ZbAR4AaABAg,"i still use instagram but no longer scrolling reels. i do no longer watching reels and like them. i only use social media to connect with my school/college alumni, family, work connections, etc., and not trash/viral things. after i read the comment section of this video, i've realized that the effects are worse than i was expecting. it's true that the word ""social"" is like being deleted from ""social media""—and to be honest, this is distressing because if you use that ""media"" to follow many people, do you still like the posts of people you follow, or do you prefer to like viral trash?",1,2025-12-25T19:20:39Z
zN-rElTzR_4,UgzILzsAEIUqBQh13qB4AaABAg,"I've never used TikTok (seems like a true dumpster fire). I deleted FB almost 12 years ago and Instagram almost 5 years ago. Never miss it nor do I have regrets. I was one of the early users of Instagram when it released, I loved it. It definitely started to change after it was acquired by FB. Year after year Instagram grew further way from its OG feel and closer to the mess it is today.  The brain-rot feeling (for me) comes from the ""endless scrolling format"" that most (if not all) social media platforms pride themselves on. The actual social media ""content"" (most of the time) is a whole other issue and reason enough to step away or not even signup. I enjoy Youtube and love long-form content so here I am, haha. 😊",9,2025-08-21T23:51:54Z
zN-rElTzR_4,UgzY1-ixS_GCUphTFIZ4AaABAg,Social media is the cigarettes of this century,7,2025-09-03T12:44:27Z
zN-rElTzR_4,UgxZxICm7rEARA7aN4l4AaABAg,"Honestly.. this video describes almost EXACTLY why I just stopped posting videos to YouTube about 4 months ago! 

I really started to believe that I was taking so much time and putting so much effort into posting content that served my audience however, I mostly didn't TRULY believe I was connected! There was almost NOTHING social about the media I was producing! 

I know that balance is the key and I believe part of that balance is NOT falling into the trap of mandatory posting! Thanks for this great video, it was actually very inspirational! 
Keep up the great work! 👍🏾",8,2025-08-31T02:47:21Z
zN-rElTzR_4,Ugws8I0IXHYiS2Ci6I14AaABAg,Youtube video? more like a freakin phenomenal documentary. Such great quality! welcome back!!,0,2025-11-26T17:27:18Z
zN-rElTzR_4,UgxmJOHgNDvvJ_dR88h4AaABAg,"I gave up Facebook well over 10 years ago, gave up instagram about 3 years ago, have been logging in less and less to TikTok. I’ll be completely off it by the end of the year. I keep YouTube around for this type of content.",4,2025-08-25T04:50:18Z
zN-rElTzR_4,Ugz4nuQFhBZf-b9VFpB4AaABAg,"I’m 25 now,
I deleted EVERY app of social media when I was 22
And to this day never came back

Best decision I have ever made in my life so far

My sleep has improved to 100%
Friendships are actually real now
No more depression 

I wake up happy and motivated 
And I’m actually super healthier",63,2025-09-12T10:26:36Z
zN-rElTzR_4,UgxxVd-htYzGVGkwVEN4AaABAg,"I miss the ""read-only"" internet; it felt much more fun and mysterious...like an adventure. 
Now? I just want to pull my hair out.",5,2025-08-23T21:52:09Z
zN-rElTzR_4,Ugw6BHn7K1Nrse1lw994AaABAg,"Social media stopped working for me when I stopped seeing posts from my friends and interests. I could tolerate an ad or two, but when it's 8 suggested posts for every 1 I want to see, that's a problem.",0,2025-11-26T06:44:28Z
zN-rElTzR_4,UgzWSoFSJ3Zn8KlA7i14AaABAg,"I've gotten away from most socail media except for YouTube, but I've found recently that disabling my watch history and just using my Subscribed list is working well. That way its just the channels I want to follow and no an algorithm.",7,2025-08-22T02:35:57Z
zN-rElTzR_4,UgxP_O9vViqSGzf5Hu14AaABAg,I love Matt’s videos but it feels like this one barely scratched the surface of the problem. He just said the basic things and cherried it on a top with the funny promotion of a brand,34,2025-08-23T18:50:36Z
zN-rElTzR_4,UgxPsTdksq06y2eC6AJ4AaABAg,the thing i hate is that they wont even give me the freedom to disable youtube shorts in here. that way i just keep falling into the black hole which is exactly what they want i guess,5,2025-09-12T08:53:56Z
zN-rElTzR_4,Ugy9fgxQ-j-UCT80Wwt4AaABAg,Social media drains me so much,0,2025-11-11T14:38:12Z
zN-rElTzR_4,Ugzf5mMQsLiulccz_tp4AaABAg,this really hit home for me,0,2025-11-19T10:55:44Z
zN-rElTzR_4,UgwS2iP4NybvhjAknnV4AaABAg,"I quit everything except YouTube to watch a few special interest videos and movies. I am constantly pressed by people to join fb, x, tik tok and instagram but I don’t. My life is so much better now. Time is precious and life is short. I am busy enough with work and every day life and don’t need to destruct myself any further. Highly recommend! 👍🏻",4,2025-08-29T04:57:11Z
zN-rElTzR_4,Ugx48xDSc_RkIsc0rbB4AaABAg,"Please have a talk with Louis Rossman. He also does not like surveillance capitalism, enshittification and treating humans as commodities.",25,2025-08-22T10:30:33Z
zN-rElTzR_4,Ugy_GP6Rr-LRW_HHxrd4AaABAg,"what used to be a platform where people could connect with each other from all over the world and bring everyone closer together has become a tool to keep us divided, isolated and resentful and insecure of not only each other but ourselves... i have left instagram since halloween of this year and for the first time in my life im starting to feel free and in control of what i do...",1,2025-11-08T17:00:06Z
zN-rElTzR_4,UgzFNRPdhO5C5oz6qJ94AaABAg,10:41 for a moment there I thought I was watchin a Weezy Waiter video! 😆,4,2025-08-23T09:14:27Z
zN-rElTzR_4,Ugxno8q2pmweo-GmgaF4AaABAg,"I quit social media years ago and it was the best decision ever. I noticed that I started to pay attention to things in real life rather than a screen. The sad thing is the the only one left ""YouTube"" is heading down the same rabbit hole with the new algorithm and AI. A lot of my favorite YouTubers are quitting and I'm noticing my fees is filled with videos not from my subscriptions and more ads and ads. I guess that's Capatilism at its best.",8,2025-09-12T15:30:14Z
zN-rElTzR_4,UgyO17xoo8unLa9oxUJ4AaABAg,When I tell people I don't have tiktok they look at me like I have 3 heads.,5,2025-11-09T10:54:47Z
zN-rElTzR_4,UgysXZork0dMp7BZIoh4AaABAg,It’s a bit ironic that I had to watch an ad before the video and then was inundated with ads throughout my viewing process.,0,2025-10-27T18:27:41Z
zN-rElTzR_4,Ugy9Z34i8uXtfJJm3Q94AaABAg,i am EARLYY. thank you Matt. awesome as always,4,2025-08-21T22:21:23Z
zN-rElTzR_4,UgwAYq3K8cOFa7MF8GZ4AaABAg,I’m going to give you the nugget that this video is missing that was addressed 7 months ago on Diary of a CEO: dopamine. How our brain processes dopamine is why we have trouble giving up these systems.,4,2025-08-27T16:48:10Z
zN-rElTzR_4,UgyLuzKSVRRlbQa-r3R4AaABAg,A bit contradictory that your posting this on YouTube (a social media app) with sponsored ads (that you earn more based on viewership). Good video though.,6,2025-08-25T00:19:45Z
zN-rElTzR_4,Ugyaj-EYUVSt8JVkqGh4AaABAg,A meaningful video. I feel grateful seeing this and has more reasons to get out of the scrolling addiction ❤,0,2025-11-15T12:14:42Z
zN-rElTzR_4,Ugyz-xwaPptS3aeY5_N4AaABAg,"What’s really sad, is when you observe a grandparent(s) with their grandkids at a restaurant, and the kids have their faces buried in their phones. I wish Smartphones would never have been invented 😢",4,2025-09-14T20:41:08Z
zN-rElTzR_4,Ugzg6SHOcgJLJvnOtj94AaABAg,The irony advetising an app for mental health on this. You are as bad as the rest of them sir.,5,2025-09-18T07:22:45Z
zN-rElTzR_4,UgyotsdZu2gBXOFHFsB4AaABAg,"Youtube is the only social media that i still use, because following is still possible and not a for you system.",8,2025-08-22T02:31:17Z
zN-rElTzR_4,UgxgFyVi7QVqDWWf0qZ4AaABAg,wow this hit home for me,0,2025-11-15T08:27:09Z
zN-rElTzR_4,UgxFSq6UougikE-2SJB4AaABAg,"Great video.  I highly recommend the book Digital Minimalism by Cal Newport (author of Deep Work) for anyone interested in diving deeper on this.  He talks about the harms of social media and also provides tips and a system for making the tech in our world improve our lives, rather than make us more stressed and distracted as they currently do.  It's helped my health tremendously.",7,2025-08-22T00:22:23Z
zN-rElTzR_4,Ugw8Lzv4dzC0B0Q7pvd4AaABAg,"It’s because I don’t need to know what’s happening in your life everyday. If I wanted to, I’d call you.",4,2025-09-07T13:04:54Z
zN-rElTzR_4,UgzxxexwimvyYeqsnix4AaABAg,What was that at 13:54 ???,11,2025-08-22T11:15:38Z
zN-rElTzR_4,UgyOWGcNNagypOc1Kz14AaABAg,"Social media in the past was fun. It was like this underground world that only you knew, and everyone was having fun with it. Whether it was my space, old-school YouTube, retro games, weird little forums. Everyone was just kind of being goofy and fun. Now… It’s just a monster. It’s a bunch of people lying about their lives, filtering everything to filth, posting things that are not even real that are not even happening to sell you a product. Everything’s about money and engagement. There’s so much rage baiting especially on YouTube while on every social media app. It’s not even about getting information anymore. It’s about playing on people‘s emotions to keep them engaged. And since people are in a stressed response, they like feeling stressed.So having social media makes their nervous system system feel normal in a sense because they’re always in a stressed out condition. It’s horrible. The friends that I have that are obsessed with social media, I just feel bad for them. I feel like they need a lot of validation to live their lives and they can actually sit with themselves, which is horrible.",1,2025-11-04T13:29:45Z
zN-rElTzR_4,UgyRvRheEbXvwT-oZH54AaABAg,"I wish everyone was quitting! In real life these apps are still growing, or at least still making more money :(",4,2025-08-22T04:44:11Z
zN-rElTzR_4,Ugw_y96KK9niM8xdNQx4AaABAg,"I have very busy schedule with a little toddler around, work, chores etc. The very little time I have left was often stolen by my phone so now I have 2 phones. My regular iPhone is sitting in the drawer, no sim card, just wifi, basically it's a mini tablet. I use it once a day for a couple of minutes to ""catch up"" with the world. My second phone is an old Android phone, it has my sim card, it has phone app, messages, and google maps for car navigation. I basically  use it  to communicate with my wife and my parents. I still can check something on the Internet if needed but I don't have the urge to doom scroll. I think it's a better setup than a clamshell dumbphone.",4,2025-08-22T07:20:55Z
zN-rElTzR_4,UgwMm1wBidfsCJsL5Fh4AaABAg,"You have to look for the good on YouTube - but YouTube is basically lots of crap + selling useless courses + ads. 

People creating a 'video' but it is just a long wind up for an ad. Like this one.",4,2025-08-24T19:06:55Z
zN-rElTzR_4,Ugy7ymfwkCT29jEgH3F4AaABAg,Beheading videos of the 2010s  were  awesome.,0,2026-01-21T19:01:09Z
zN-rElTzR_4,UgywhAsEuOOJ9T2E2TV4AaABAg,"It's ironic that the people ""quitting"" social media have to tell you they ""quit"" on YouTube or another media platform.",17,2025-08-29T18:02:40Z
zN-rElTzR_4,UgzuE1Er2Yzpe_e4yyh4AaABAg,"I quit Instagram, and feel good about it! I began reading books on my iPad mini and already completed 7 books in 2025 (that’s lot for me!) But still can’t stop watching YouTube :) I limited YouTube to 40 minutes a day. And that’s comfortable for me. Thanks, Matt!",13,2025-08-22T09:05:28Z
zN-rElTzR_4,UgyM4puxmldL3RfaqeF4AaABAg,They should rename it 'trigger media'.,4,2025-10-14T03:10:12Z
zN-rElTzR_4,Ugxkjcxws1aqp5dd98l4AaABAg,I got off all social media in 2023 and it did wonders for my  mental health,0,2025-11-06T19:04:20Z
zN-rElTzR_4,UgwXfGOE7ts8rgxwCn14AaABAg,"Oh look AI, ads and algorithms are killing the very platforms they were meant to enhance. Didn't see that one coming 😅",3,2025-10-20T04:21:08Z
zN-rElTzR_4,UgylpjUuw0QoGAqFxhV4AaABAg,I think it’s great that people are waking up to social media's issues. I’ve found success with Rumora-genuine comments that resonate!,18,2025-11-19T17:33:41Z
zN-rElTzR_4,UgyBC85WOHK5JyicAOZ4AaABAg,AI is not helping... I don't want to be inundated by fake fake fake. Say no to AI music and AI art.,7,2025-08-27T19:28:28Z
zN-rElTzR_4,UgyTV_jvdmyqxW_6-vJ4AaABAg,"I wonder what's next. If we're quitting social media, are we still going to be online or are we going offline? Big media, things like books, magazines and newspapers are gatekeeping, and even if we use them, we'll still need a direct way of communicating and sharing whatever we want. I wonder if social media platforms are going to change or if there will be some new ways of connecting. Are we going ""back"" to creating websites and sharing information there?",0,2026-01-19T12:22:28Z
zN-rElTzR_4,Ugzv8AKVB8GgoPE0Gt14AaABAg,Just did a 10 day silent meditation retreat. In doing this retreat you realize how noisy our minds have become. It takes about 4 days for the mind to become quiet enough before you can even begin doing deeper meditation.  It made me realize how social media content just fills my mind up with nonsense which blocks our ability for true insight and truth about ourselves and the world. Deleted all social media from my phone. But yes there is still youtube.. One step at a time.,5,2025-08-31T19:40:09Z
zN-rElTzR_4,UgypfQ3OZ6SdA2YwbQ54AaABAg,"Reading everybody’s comments and I’m logging off YouTube. I never did Facebook, instagram, nor TikTok but I’m wasting time watching silly videos on YouTube. I need to get back to my life and take care of stuff in my home. Bye.",8,2025-09-12T15:11:12Z
zN-rElTzR_4,UgzzQS7a0dv4J0ChskF4AaABAg,"And that's why, I mostly watch YouTube, now!
Note: YouTube for me is long form, not shorts. This fast-paced stuff literally hurts my brain.
My phone screentime is now, max, 2h per day, mostly from YouTube or answering friends and family.

Thank you for this video Matt!
These last videos have been very eye-opening and real! ❤️",8,2025-08-22T00:21:33Z
zN-rElTzR_4,UgzHU_cFw3V3a1iL-VN4AaABAg,"I quit social media today. I found myself being a prisoner of it. Too addicting. I'm focusing on learning Italian, continue reading books, spending time outside and making art. I will journal my thoughts each day and hopefully learn to take control of my life again.",0,2026-01-15T01:39:33Z
zN-rElTzR_4,UgwETCWjO8XoixeucYd4AaABAg,I never had a FB or Twitter and people were calling me dumb. Now they are deleting the apps and boast about it. I’m living in the future😂,8,2025-10-14T19:52:47Z
zN-rElTzR_4,UgwN7g_snQnYQrMIyeV4AaABAg,"Fact-check: Instagram has grown ~20% in reach compared to past years; TikTok continues to grow year over year as well…

Dude, even though I personally really wanted this to be true, after a simple research is possible to fact-check that Social Media IS NOT DECLINING.

Sure, maybe Facebook declined, but not social media as a concept or overall. That’s unfortunately only sensationalism.",5,2025-08-26T16:04:30Z
zN-rElTzR_4,UgyoLVuchbr0Al-9xK14AaABAg,"In order, I went minimalist, carnivore, Stoic, and two months ago quit FB, and, sorry Matt, stopped all of my YouTube notifications. Feels great! 💯❤😁",22,2025-08-21T22:36:02Z
zN-rElTzR_4,UgyT_6I40QJVoQJlcrx4AaABAg,I deleted my Facebook today and I’ve had it for over 16 years 😭😭 I literally feel like someone has died but I’m trying to stay strong and let it go completely. It was taking up too much of my time.,0,2025-12-03T20:18:51Z
zN-rElTzR_4,UgwjS2DVQCJ520wMeLx4AaABAg,"Because it's juvenile, empty, repetitive, stupid, and a waste of time?",5,2025-09-05T19:59:50Z
zN-rElTzR_4,UgwvvRasoaXGDnXdEd14AaABAg,"I have been struggling with social media addiction for few years now. It has really impacted my life in a huge negative way.
I recently deleted all short content apps and force myself to use social media only on my laptop or watch it on my TV where I can't scroll short form as easy.

The Patreon founder seems like such a genuine guy. I've been a member of Patreon since the beginning and now I'm even more inclined to ramp up my use of Patreon knowing a guy like him is running it.",11,2025-08-23T07:04:23Z
zN-rElTzR_4,UgyXfORsbwGqgKTxwVB4AaABAg,"Contrary to what this video says around 4:30, The shift from discrete web pages to the “never-ending feed” wasn’t the brainchild of a single person, but rather a convergence of design philosophies and technical innovations—most notably the rise of Ajax and Web 2.0 around the mid 2000s.",5,2025-08-28T15:16:18Z
zN-rElTzR_4,UgzkhQQbRg8g125dCXh4AaABAg,"Quanto mais evoluídos estamos, mais queremos voltar ao princípio, o que é insano.",0,2025-10-30T15:58:20Z
zN-rElTzR_4,UgwU-n4-twCxP1xI-k94AaABAg,Social media is full of negativity and just waste of time. That’s why I quit everything three years ago and I’m happy with it.,26,2025-08-23T07:14:34Z
zN-rElTzR_4,UgzERcQmwooxGNbubxZ4AaABAg,I got another ad at 1:36 holy hell,13,2025-08-24T13:49:52Z
zN-rElTzR_4,UgwdEM4Dqn5pm7s5fUx4AaABAg,"“No Instagram, no TikTok, no anything”  ::posts on YouTube::",13,2025-08-22T04:45:58Z
zN-rElTzR_4,UgyQzb1T_VNILak-vQR4AaABAg,I've been dropping off of social media more and more with each passing day. I'm just completely sick of it and my mind is desperate for peace to the point where dead boredom feels *refreshing*.,0,2025-11-10T07:53:22Z
zN-rElTzR_4,UgwUN3cxpO0TEG1UVm54AaABAg,the video start answering the question in the title at 12:07 minutes,11,2025-08-23T22:39:28Z
zN-rElTzR_4,UgzWmoPCG1HiKVLgVrZ4AaABAg,"This confirms what I've felt for a long time, that the algorithm ruined social media. It turned us into products/consumers. And now with AI on top of that , I feel it's time to leave the Internet altogether. It's turning into pure poison. As someone who grew up in the 80's and 90's, this new world is heartbreaking to watch and experience. I miss that REAL world so much.",5,2025-09-06T00:46:12Z
zN-rElTzR_4,UgxEYU5Jq__Dp6usjoF4AaABAg,"This guy is such a balance bro, nuance and balance in everything except politics returning to centre. Any course correction back to the right is the ''rise of fascism'' lol",5,2025-08-22T09:44:57Z
zN-rElTzR_4,UgzZLlu-5_wS1fo7rfp4AaABAg,"I got off all social media, except for my business account, and I only touch that once a day, scheduling out all my posts for the week. I have a Substack that I write on and occasionally scroll, but it's a lot harder to doomscroll over there. I have YouTube too, but I try not to watch Shorts (long form only). Working on that last bit. And my life, mental health, and just overall wellbeing have DRASTICALLY improved. No plans to go back",0,2025-11-14T02:11:47Z
zN-rElTzR_4,Ugw2Ejuh6E_LQBNVJhB4AaABAg,"What shocked me the most wasn’t even the content, it was the absence of content about it. Black Algorithm: How to Escape Money Matrix is treated like a banned book, hidden away on purpose. Every line felt like it was something I shouldn’t be reading, but couldn’t stop. It put into words the quiet frustration I’ve lived with for years working, paying, obeying. If this book were mainstream, entire industries would collapse.",407,2025-08-23T19:34:30Z
zN-rElTzR_4,UgyRgmpUOHBCVFd6SsB4AaABAg,"I always wanted to be that divine feminine magnetic woman. 🌹 For years I thought it meant trying harder, looking better, doing more… until I found The Silent Feminine Power by Lana Cressel. This book flipped everything I believed about femininity and showed me how true power comes from presence, not effort. If you’ve been craving that inner shift, this is the book that will awaken it. ✨",1326,2025-09-14T11:07:43Z
zN-rElTzR_4,UgwImztIHIzExMDxQu14AaABAg,"Everyone is poor, and unattractive now. People are losing their image and millennials are physically falling apart, this is why they're quitting social media in droves.",4,2025-12-14T10:50:36Z
zN-rElTzR_4,Ugxvktkel0FlVnP5Pg94AaABAg,"deleted all social media app except youtube for years (idk how long I've been off social media) 

i made an educational youtube account for myself and another for entertainment (mostly anime)

gained and preserved my ability to read books and becoming aware of the time and energy i have

generally felt calmer and have little to none mental clutter, 

p.s. add in good habits like journaling, exercising, and meditations, it also improved my work ethic in my job",0,2026-01-08T14:42:14Z
zN-rElTzR_4,UgxBr81UC343PDYhQn94AaABAg,Everything was perfect! Till 9:05 🙄🙄🙄,7,2025-08-21T22:33:49Z
zN-rElTzR_4,Ugx6_INlgvlztVjF1AB4AaABAg,"1 hour a day = 365 hours a year. 

Divide that by an 8 hours working day. 

Gives you the equivalent of 45 workings days a year (365/8=45). From just 1 hour a day. That’s what 1 hour a day costs you from your life. Imagine if you did 2 or more hours a day. 

Make a good choice.",8,2025-08-23T15:31:27Z
zN-rElTzR_4,UgzRv0BH5uXaXmfe_Zl4AaABAg,"Am I the only one, who´s irony alarm is going off, when I see people sharing videos ON SOCIAL MEDIA about QUITTING social media?! 15:25 I get the idea and sharing a time and place for your offline book club is valid, but creating content about leaving is ironic to me... Matt, I actually don´t count your 30 days experiments about social media to that, because sharing these had an actual value for your audience as well :).",5,2025-08-23T10:56:22Z
zN-rElTzR_4,UgzltlznSKV4zQ6RlEZ4AaABAg,This got recommended to me at a strange time. I deleted all my app but YouTube 3 days ago. I already feel better,0,2025-11-15T12:19:38Z
zN-rElTzR_4,UgykkwMyXk5MMyyYZjl4AaABAg,"Lots of zombies in the subway looking at Tik Tok, Instagram and Facebook",5,2025-11-21T18:46:33Z
zN-rElTzR_4,Ugy6OsfOSKqHgwlJhKB4AaABAg,I deleted Instagram a year ago because I seriously realized it was doing me more harm than good.,1,2026-01-12T13:17:05Z
zN-rElTzR_4,UgzaRcNLnJaCApZwNnF4AaABAg,Watching this video while stopping for YouTube ad breaks and sponsorship interruptions is a wild feeling,0,2025-12-07T19:32:10Z
zN-rElTzR_4,UgwqlPkMdhf-LVDIw2J4AaABAg,I been off for 2 years now and doing great!,2,2025-12-28T09:47:33Z
zN-rElTzR_4,UgzqG76BZUF3EhvZICF4AaABAg,"Such a beautiful video. I was unable to quit Instagram originally because I looked at it as a space to express myself. But I could never go public because I did not have the mental bandwidth to handle the negativity or exposing myself to random people. So I kept private and was writing my thoughts. There was still one big problem, scrolling. I would try to watch positive content to change the feed pattern. but one triggering video and the feed would again switch to all triggering content. All these reels were triggering my old emotional woulds, not allowing me to actually heal from them.

I finally removed the application. Thank God I did not have any other social media to tackle.",0,2025-11-17T18:02:06Z
zN-rElTzR_4,UgzVj_lS-eV0do_vViF4AaABAg,"When I was last on social media, all I saw were people who were vile, hateful and dehumanizing to each other. I can't imagine how much worse it is now, but I know it isn't better",0,2025-12-01T02:55:39Z
zN-rElTzR_4,UgwByLO-PFk0dhrkch54AaABAg,"Greetings from Germany. This is a very good video. 
I've been observing for a long time that people on social media are becoming increasingly aggressive and no longer behave respectfully at all. This behavior has now also spread to real life; people have forgotten how to discuss things and listen to each other.",1,2025-11-23T19:44:06Z
zN-rElTzR_4,UgzZwlZmaCDr6axeLBd4AaABAg,"I really enjoyed this video. As the video went on though, there was one thing that bothered me. It's that YouTube isn't mentioned as one of the problem platforms.",1,2025-10-27T01:49:28Z
zN-rElTzR_4,UgyOtZL1rRWbyvZtuC54AaABAg,"My birthday is in 3 days. I will be turning 29 years old. I feel like it’s time to take my life back and stay away from social media. It definitely make me feel overwhelmed, miserable and consumed. Offline is the new luxury. Wish me luck ❣️",0,2026-01-22T05:50:00Z
zN-rElTzR_4,Ugz_2XF20btdt98Q3_Z4AaABAg,"Great video which contains so many important points. It feels like we have been in the ‘wild west’. For parents we obviously have the added dimension of trying to safeguard our children's use of technology.

As Rutger Bregman says: “If a political party or religious sect had even a fraction of the influence that the advertising industry has on us and our children, we would be up in arms..”.

The note of optimisation at the end is really important too. Through detox, timers, dumb phones and leaving our phones at home we learn to reduce distractions. Through investing in our offline life we focus back on reality. 

Ultimately it's about getting the balance though and not looking to completely eliminate technology?",0,2026-01-20T10:02:13Z
zN-rElTzR_4,UgwEGU7H3sePEiV5rxp4AaABAg,"No more FB for me-last straw was when they banned me from commenting for a month over a picture, they didn't even showed me!",0,2025-12-14T08:24:37Z
zN-rElTzR_4,Ugws17yUbFCVH2imeUN4AaABAg,"A major change that occurred, is my friends now just share reels in group and consider it staying in touch, which is not sufficient according to me. Earlier we used to call and talk for a long time which was so much better.",0,2025-11-28T16:24:56Z
zN-rElTzR_4,Ugyv4VqBKMpDVEnr-q14AaABAg,Social media is endless ads & now taken over by A.I. People go to social media to escape commercials & computer generated lies but every company chases money at the expense of their customers.,1,2025-12-02T13:33:17Z
zN-rElTzR_4,Ugz_LLY7aIMm-6IaogF4AaABAg,"I think it is really interesting in this video that every person presented, whether it was a content creator or somebody who was saying they are quitting or reducing their social media use, look like they were under the age of 30 or 35. I think there’s a huge demographic of people on social media apps that are over the age of 40 they have a real problem with their addiction to social media, especially senior citizens.",0,2025-11-02T15:53:04Z
zN-rElTzR_4,UgxOjPFaSVkMzXoYGZl4AaABAg,"Anyone watch the social dilemma? These ideas aren’t new, but this is a great refresher.",0,2025-11-29T02:22:39Z
zN-rElTzR_4,UgzqjXTrfQY6Bl4koK54AaABAg,"Purpose, meaning and get clarity. This is EXACTLY what people need. The algorithm pushes stimulation, not fulfillment. Stepping back is often the first moment people actually hear themselves again.",0,2025-11-30T17:06:07Z
zN-rElTzR_4,UgyAQwZaB_5vsmIKJ4F4AaABAg,"I'm quitting technology period, I quit social media 15 years ago, shit ain't getting any better.",2,2025-12-21T16:08:47Z
zN-rElTzR_4,UgyA72Pc-Rym_zZ_IJZ4AaABAg,"Social media has absolutely no value for me, first time I used the internet and I have to say I am considering cutting it entirely.",1,2025-11-25T00:55:47Z
zN-rElTzR_4,Ugx9_bif2rygNwId_X94AaABAg,Celebrating sobriety from Instagram and pintrest for over a year now.  Never has a Facebook nor a tikky account and I can tell you life is so much more quieter.  That 10 minute timer on socials is a very good rule to have.,0,2025-11-08T10:13:36Z
zN-rElTzR_4,UgzNaoU-DCaOTsD6AcZ4AaABAg,"It has 1 week i deleted Instagram and Facebook and i have never been happier. 
I felt like my mind was about to burst because of hate, comparison and what not. Even after doing really well in my life i felt like i was lagging behind. But after deleting, i feel i have more time, my focus time and so is attention span has increased and i feel my life is getting back to normal.",0,2025-11-07T03:53:48Z
zN-rElTzR_4,Ugya43r24coW-3CBqyl4AaABAg,"And the worst part is that we still use social media for texting, so it lures you when you're just trying to respond to your friends.",1,2025-10-28T08:00:18Z
zN-rElTzR_4,UgzzNtguYOSeBxYme-V4AaABAg,I love the sleepcasts in Headspace ❤,0,2025-12-19T17:28:12Z
zN-rElTzR_4,Ugw5q18Z6deuU3CeRP54AaABAg,People have ego problems and are horrendously entitled and insufferable on the platforms,1,2025-12-22T23:21:15Z
zN-rElTzR_4,Ugxs8fKULv-_bV0vJHF4AaABAg,"Apart from this anonymous youtube-account I absolutely never created a social media account at all. I use youtube only on my laptop. I have a smartphone but my screentime is literally under 2 - 3 minutes a week, I use it  only for communicating with government websites, insurance companies and the bank. I use a separate simple cell phone for calling and texting. For me this works excellent. Social media is just a bunch of bs. My whole family stays clear of social media, thank god.",1,2026-01-17T14:31:09Z
zN-rElTzR_4,UgyXbSqSF24PXldM-DB4AaABAg,I just read comments on random YouTube for my social interaction at this point. My c-PTSD is exhausting and I don’t want to bleed on folks I used to love.,0,2025-12-05T23:52:08Z
zN-rElTzR_4,UgxYLrz8PbjPPEyHjcB4AaABAg,I confused - quitting social media while watch this content - I assume this content creator is not quitting.,0,2026-01-19T03:34:13Z
zN-rElTzR_4,UgwHA-ycQ2nNK_XY8IN4AaABAg,I like your editing style and commentary. I subbed after 1 video. Keep it up 👍,0,2025-12-12T18:20:00Z
zN-rElTzR_4,UgxPWeuNTfdE2ihbcKt4AaABAg,left social media almost 2 years back. life is at peace. best ever decision of my life,0,2025-11-12T11:49:02Z
zN-rElTzR_4,Ugwba0jOyOkuXs1A99Z4AaABAg,Never been happier as I am not feeling the pressure to put myself out there in order to be seen by unimportant people.,0,2025-12-02T16:16:49Z
zN-rElTzR_4,UgwlXywTbW_ctokHErB4AaABAg,"I'm done with social media, i deleted tiktok a few months ago and instagram a week ago. I stopped seeing the added value of these platforms, felt like a waste of time.",1,2025-10-14T10:24:49Z
zN-rElTzR_4,UgxdmqpoKxgNtSNws5d4AaABAg,"Reddit has been ishitified too. So much reposts, spam bots, AI slop, and advertisements up the wahoo. You also can't delete your account with out creating a new account.",0,2025-12-22T19:23:05Z
zN-rElTzR_4,Ugxqxs4zM1JM7Y04I0Z4AaABAg,I'm one of the people that quit social media like half a year ago now i only use it to send links to my gf through discord and ngl the amount of focus you can have is amazing and my mindspace is really healthy now. I really think that these days they are only for extracting your soul out of you which is pretty sad,0,2025-11-07T13:26:18Z
zN-rElTzR_4,Ugx2Z9vtfDYGr2cmzrx4AaABAg,"I deleted it for the third time in 4th time in 6 years, in the past it was for depresion and focusing in myself , now I am 29 and I did it because there is a lot of shit there and as time passes even if you look at a friend's profile you see ads , now I don't have time for it and there are things one does not need to be aware of",0,2025-10-14T18:09:00Z
zN-rElTzR_4,UgzR-cyIdZIBDQ8PS694AaABAg,this video popped on my feed and it speaks volume because i haven't opened Tiktok since December 2025 and I am planning to quit soon because life feels so much better,0,2026-01-18T15:38:21Z
zN-rElTzR_4,UgytOOVPQSnhcPtj7jV4AaABAg,I'm doing no social media November and the first day was hard! But i already feel better. I went to an event today and didn't pull my phone out once!,0,2025-11-07T04:03:48Z
zN-rElTzR_4,Ugywib4PfjKiQiM_8JR4AaABAg,I miss the social aspect of social media,0,2025-10-24T15:10:41Z
zN-rElTzR_4,UgwE3fWJ2gN-aIyM3EV4AaABAg,Your lighting set up is so good it looks like AI,0,2025-10-25T14:15:16Z
zN-rElTzR_4,UgyHcpuDDwka96xQrH54AaABAg,God I love the irony of a headspace advertisement in a video like this.,0,2025-12-13T16:54:10Z
zN-rElTzR_4,UgxkrSSI2uP3ZI7K0394AaABAg,I quit social media over a year ago when I scrolled on mobile and counted posts. Out of every 10 I was shown it was like 1/3 were an ad. 1/3 was suggested bs. It was like 1/10 was a post from a friend I had OR a page I followed. The other 9/10 was complete garbage I wasn’t there to see.,0,2025-11-27T12:23:29Z
zN-rElTzR_4,Ugzapr1y7prJ22knyw94AaABAg,"I was there when social media started, and it felt truly un-natural. It shouldn't exist.",0,2026-01-08T20:05:01Z
zN-rElTzR_4,UgwgpI-sEB-wCGADL9l4AaABAg,Hmm.. I'm glad to have come across Matt and other essential/ minimalist individuals. They helped me pull my life away from TikTok then be more intentional on how I use these media platforms,0,2025-11-26T19:20:38Z
zN-rElTzR_4,UgxqEjkgNIq8JmdhuXh4AaABAg,One word.. ADDICTED,1,2025-12-03T18:32:50Z
zN-rElTzR_4,UgyjuMEZ_BFGrNmPgaR4AaABAg,"Honestly I’m about to quit YouTube at this point, too. The ads are every two minutes, and it’s out of control.",1,2025-11-06T23:03:53Z
zN-rElTzR_4,UgyIoOPGQfHRI8qQKgR4AaABAg,I quit social media when it first started getting super popular… I always felt like I had an old soul and I don’t like having to post and keep up with my pics and likes because it’s honestly pointlessly stressful. I love my peace. I’m also considered gorgeous and alot of people don’t understand why I don’t have it. It’s bc I don’t want to stress about the fact that I had 100 likes on 1 photo and 1k on the next. What’s crazy too is people used to think I was insecure and that’s why I don’t post but it’s wayyyy deeper than that. I would rather be called beautiful and amazing by someone in public who sees me for who I am than a bunch of people on social media telling me that and they haven’t even seen me in person.,1,2025-12-01T18:30:43Z
zN-rElTzR_4,Ugy4-9Pkf_N1TPReVL14AaABAg,"The implementation of ads, number of views and subs in different platforms which they can earn money, internet now is exploited, everyone go nuts in it specially on Facebook and YouTube",0,2026-01-03T19:27:38Z
zN-rElTzR_4,UgyZfRklLppYJhzpbPJ4AaABAg,Love your videos man,0,2025-12-27T16:58:00Z
zN-rElTzR_4,Ugx6XMq1z-d1Z3G5JL54AaABAg,I don't carry a phone anymore.,2,2025-10-21T03:39:46Z
zN-rElTzR_4,Ugyt9jBQgVX7b1pcRWd4AaABAg,"I hope we can all realize why we do what we do, and find what makes us happy",0,2025-11-23T10:11:18Z
zN-rElTzR_4,UgyJz0kwEj1mOnmnHUR4AaABAg,"for me, it's because the prevalence of 'dunking' has made even simple conversation impossible.",0,2025-12-02T14:22:42Z
zN-rElTzR_4,UgzqFrcE1ut2Q6WHzE94AaABAg,when it came out i found out pretty fast that our ideas our perception our values could never live with each other and it made us release that some areas of the world had no moral code.,0,2025-11-11T01:53:18Z
zN-rElTzR_4,UgykWmErQs0HhyOJPA94AaABAg,I’m almost completely off social media for almost 5 months I only use YouTube and sometimes discord but rarely. And it’s the best decision I’ve made. The only problem I have is if you’re off social media people reach out less.,0,2026-01-22T16:06:48Z
zN-rElTzR_4,UgxyjqmnIsHZ1gWNmYt4AaABAg,"Driving home from work one day recently i saw a young couple walking down the street. Both of them scrolling on their phones, about three feet apart from each other, no interaction between them. 
And that was the moment for me. I was tired of it all already but I don't want to be part of that. But I see people i know just doom scrolling through hundreds of clips a day. Watching all these different videos and yet i look at their faces and they are completely blank. Like zombies. I only want to use youtube from now on as it still feels like you can look for what you want.",0,2026-01-14T22:34:50Z
zN-rElTzR_4,UgwnU57CbO-8uIpa9R54AaABAg,"In YouTube, I was able to turn off my watch history and now I only see videos from my subscribers. sometimes I see recommendations based on the video that I am currently watching. Best thing I have done. And it is my favorite app to watch media now.",0,2025-11-07T14:42:48Z
zN-rElTzR_4,Ugz6y_2p8Q2dx4HHXKx4AaABAg,"Oh, it’s Pomplamoose guy! What an unexpected but fun twist!",0,2025-11-12T07:23:19Z
zN-rElTzR_4,Ugy-re8xFTb7sHMuauV4AaABAg,Thanks a lot ❤,0,2025-12-02T12:43:05Z
zN-rElTzR_4,UgybyUCvzRU9DXrSww14AaABAg,"Left social media for an year now, and m drastically different person mentally tbh. I really don’t care what my acquaintances are doing cause the ones who are really close to me still call me and update me about their life. Its better than being on social media",0,2026-01-12T04:34:08Z
zN-rElTzR_4,UgwCDDbg6o9XQG_oMQ54AaABAg,Great video,0,2025-12-15T11:23:39Z
zN-rElTzR_4,UgyyOGlDzzLqZ480n1d4AaABAg,Such a great Video,0,2025-11-18T19:32:37Z
zN-rElTzR_4,Ugzjn_uF_NXiKCkLm314AaABAg,"Every platform was originally a champion of choice. YOU chose what would show up and YOUR choices would be lined up to show you what YOU chose to see. 

Now it’s just random cable TV in sequences of 60 second bursts. And the only thing keeping us hooked is the little hope that something we actually like may show up eventually.",0,2025-12-03T04:52:21Z
zN-rElTzR_4,UgwTWoGi93Pe4ZbVhiJ4AaABAg,"Getting a TikTok was the beginning to end for me on social media. I had it so I could talk to my nieces and would like make up things sometimes. Tell me why I got videos of pdflic groups? And every time I flagged TikTok said it wasn’t going against guidelines. Deleted TikTok, two months later deleted instagram, I had already deleted Facebook. Now I have this AS OF NOW. 

The craziest was my friend telling me I was now “invisible” and just “couldn’t exist without social media like instagram” and I just went “it’s just an app, not life”",0,2025-11-03T22:31:11Z
zN-rElTzR_4,Ugz4eZPGBFlG7Uzr1wl4AaABAg,"i had to turn off my social media notifications because i would get 20-25 useless notifications that had nothing to do with me or anything i cared about, i swear its modern spam mail.",1,2025-10-20T02:17:22Z
zN-rElTzR_4,UgxxJmk8-9Wsxc0HXVF4AaABAg,One of my favorite channels.,0,2025-12-05T08:45:28Z
zN-rElTzR_4,UgzXrICq6medVxn0Hux4AaABAg,"Social media are being used to spread fake news, disinformation, and propaganda; they also push people toward extreme left and right ideologies, creating social unrest and conflict.",2,2025-12-03T10:32:00Z
zN-rElTzR_4,Ugyq23KDh_9_nipx4G14AaABAg,"I miss the old Instagram. I tried to befriend someone recently and got told ""I'm not here to make friends""... Weird how many people feel the need to show people their lives but when a person shows real care and interest, they suddenly back down. Theres nothing social about social media anymore :(",0,2025-11-08T16:12:13Z
zN-rElTzR_4,UgzRvwKbjcxf0E2dBfl4AaABAg,"I work as a bartender.  Kids aged 21 - 25 are hardly seen going out in the last 2 years.  Vendors say less people are drinking (might be a good thing lol) but that correlates strongly with people simply just not going out and socializing anymore.  A lot of kids of drinking age are chosing to stay home with their apps.  You could make a case that costs are too high, but this also comes from chatting with the younger employees I work with.  Like the idea of grabbing beers after work as a big group like we used to do is foreign to them.",0,2026-01-02T07:00:24Z
zN-rElTzR_4,UgyMSv0mQjYKjRfecml4AaABAg,"Its been a week I quit Facebook and Instagram, the mental clarity is real... I am now not reaching for my phone for a quick hit of dopamine, no more trying to keeping up with whatever was that I thought it was important...",0,2025-11-19T21:07:00Z
zN-rElTzR_4,UgwW0yrN88er5D3uiG94AaABAg,"I quitted after watching it 
Gave me the power to finally get out of this loop",0,2025-12-01T09:01:41Z
zN-rElTzR_4,Ugw1EwrVzKjjs12i_5l4AaABAg,"I have an active FB account but I never go on there. I don’t post anything and I don’t use it to connect with people.  I had a quick look the other week after about 5 years of staying away and it was full of ads for things I’m not interested in.  WTF?  The only other social media I have is YT.  But nothing else.  I’ve never been interested in it, so I never bothered with it.  It just sounds like a lot of noise and hard work.  It baffles me how people get addicted to it.",1,2025-10-21T10:34:56Z
zN-rElTzR_4,UgxWlvWw-Hyp7DgZCqV4AaABAg,Social media is under the thumb of corporations.  They only want our eyeballs and personal data.  Don't give it to them.,1,2025-12-04T09:41:59Z
zN-rElTzR_4,Ugziveex0r1RgiZ2wjF4AaABAg,"The only social media that offers any value is Youtube, and even then, avoid the shorts! Great video",1,2025-11-05T06:51:35Z
zN-rElTzR_4,Ugw-8WBHRof_JSVYHX54AaABAg,"I quit FB in 2020, never joined any other ""social"" media apps. I don't feel like i'm missing anything.",0,2025-11-09T15:02:36Z
zN-rElTzR_4,UgylAGtO3dwQ32J5v_94AaABAg,Now social media became what our parents said to us back then,0,2026-01-15T08:05:54Z
zN-rElTzR_4,Ugw-TqH6e5gXCJYbOGN4AaABAg,"I started using Facebook in January 2013 when I was 16 years old (on the laptop then of course) and I was on it for over 4 years until the beginning of June 2017. But I relapsed in the middle of August 2017, but quit again at the end of April 2018. However, it didn’t work out. So, I relapsed again at the beginning of June 2019 and quit yet again at the end of June 2023. And ever since then, although it was a really tough journey, I feel a lot whole lot better.

I only watch YouTube on TV instead of my iPhone because it's fun. I'm so fed up with all those social media influencers around and it annoys me quite a lot. They need to come clean if they have reached a breaking point like I did.",1,2025-10-19T23:08:36Z
zN-rElTzR_4,UgwDAFBR3qRXE0bo7ch4AaABAg,I just deactived my gram a few hours ago. Loved this video and more on this please!!! I feel like the next question that's gonna arise is much like when people are vegans and get asked how they get their protein intake in.... then next big Q is gonna be how do you run a biz without IG ... hey maybe have some guests or a mash up of people succeeding without the dang gram! Get episode and thank you again!!!,0,2026-01-04T05:01:48Z
zN-rElTzR_4,Ugxd-yT9RJz9qe9tb414AaABAg,Sometimes leaving social media isn’t about disconnection — it’s about finding yourself again.,0,2025-11-05T03:14:07Z
zN-rElTzR_4,UgyyL85PvfX-QYWzUJ54AaABAg,I wouldn't mind social media if they'd get rid of the negativity,1,2025-12-10T05:12:42Z
zN-rElTzR_4,UgyPDQW22dAb5xFhsaJ4AaABAg,"I’m always wondered if I was just delusional when I noticed I was not seeing my friends post or the people I follow. Turned out to be true. I liked it better then. Most of the time it just feels like isolation. They put a barrier between me and my friends, took their attention and then disappeared altogether. I do feel like social media disconnected people from real connections and it is only about money making.",0,2025-10-16T03:42:16Z
zN-rElTzR_4,UgwS1-fk5lsDvR30i6t4AaABAg,AI killed it for me,2,2025-11-07T14:57:13Z
zN-rElTzR_4,Ugxabu6tQnH-W3GFu-l4AaABAg,This is a fucking masterpiece,0,2025-11-15T21:04:25Z
zN-rElTzR_4,UgyYulmv0AbObWbwZYN4AaABAg,"Jack's quote at 13:38 gave me pause - ""There is a difference between what we value and what we attend to."" We should all learn how to close that gap to improve quality of life.",1,2025-11-24T21:22:57Z
zN-rElTzR_4,UgxPCzEze-EMDfHPloR4AaABAg,"People like Jenna Marbles & Bo Burnham give me hope for humanity. Jenna did the right thing and Bo is a genius who blends entertainment with powerful messages. E.g. his song, “That Funny Feeling,” was incredibly moving and deep. I don’t have any faith in the new generations that are being raised by social media. I blame parents who give 2 year olds iPads because it shuts them up, but I have empathy for the parents whose children beg and scream for what their friends at school are all addicted to. It would be best for the new gens if it were illegal for them to use anything other than an old Nokia phone that calls/texts and nothing more. Those poor teachers having to deal with such idiocy like hearing “67” on a daily basis… it would seem trends that are completely stupid and meaningless and super cringe seem to resonate with the younger gens. That tells me all I need to know about the future of humanity.",1,2025-11-04T01:04:37Z
zN-rElTzR_4,Ugxcs6iNI6Y4Vz2cTLp4AaABAg,"Easiest way for me was deleting the apps, starting with instagram and Tiktok. 
Not deactivating account, but rather just deleting the apps. And i quickly forgot about them and they got replaced by other apps. 
I noticed i got more productive. My brain was constantly looking and yearning for something to click/watch on the phone but when since it didn’t find those apps, it had to find something else. So i started reading more. And also writing. My Notes app got filled with ideas.",1,2025-11-10T09:50:21Z
zN-rElTzR_4,UgyFRTkc7ABLjlp67mN4AaABAg,"Okay, social media has brought some advantages however , I think the disadvantages outweigh the advantages.",1,2026-01-19T12:23:05Z
zN-rElTzR_4,UgySShTkz4v5pjqUDxN4AaABAg,"Thanks. I had deleted Instagram earlier, now I deleted Tiktok too.",0,2025-11-13T13:38:12Z
zN-rElTzR_4,UgxEahvNf2RLKdNv-ch4AaABAg,Omg. I want to do this. So bad. Been really debating leaving. I just realized I don’t need it. But I’m comprised to use it.,0,2025-12-18T12:21:34Z
zN-rElTzR_4,UgyfFhrJjVerwRynLil4AaABAg,"I believe, it's because social media has affected our mental health in a really bad way. Plus, it became so fake and full of immature people.",1,2026-01-03T20:03:53Z
zN-rElTzR_4,UgzNgz56NTtKXyNeZvB4AaABAg,I haven't been using ig for a year  and I gonna say that's actually one of the best decisions I have ever made. Hope to keep going forward with this decision and hopefully I could.,0,2025-11-15T06:25:02Z
zN-rElTzR_4,UgyNLcbrCX3l-VSs9_14AaABAg,"It's maddening when a family member has an event but doesn't invite me.  ""I posted it on Facebook "".  KNOWING  that not all of us use face!",0,2025-10-26T12:32:15Z
zN-rElTzR_4,UgwbL7N-aft1T6-eV-14AaABAg,Glad to see they’re other like-minded individuals ❤️,0,2026-01-07T08:52:26Z
zN-rElTzR_4,UgxKZocHffSbbnojjyV4AaABAg,It’s an addiction. Why do you think we are called users? I deleted Facebook and the rest years ago and I have never looked back. I hated it.,1,2025-11-07T08:59:25Z
zN-rElTzR_4,UgyQvhYqVcZ-8648dZd4AaABAg,"I saw a documentary that said that all social media today is trying to do is commoditize your attention. They don’t care what you do or who you are, they just want to learn about everything that makes you up for the sole purpose of targeting ads and holding your attention for that much longer.",0,2025-10-28T14:56:46Z
zN-rElTzR_4,UgyAKh1KrP5jGzRRGYp4AaABAg,I literally had to delete TikTok off my phone and put a timer on how long I’m on it. I have to be so strict. To the point I have no social media on my phone. Only on my IPad at home. But because it looks differently on my iPad my brain takes little comfort in it because I make sure to logout everytime so I have to sign in each time which is annoying WHICH IS THE POINT - the more of a nuisance it is to scroll the less I want to do it .,0,2025-10-21T14:11:12Z
zN-rElTzR_4,Ugy3nAY6i8w3kRvMMTh4AaABAg,Cant wait for this to happen. Social media is a cancer.,2,2025-11-05T12:25:04Z
zN-rElTzR_4,Ugxsnh6zwmv9h5ZQxzV4AaABAg,This has to be harmful for us to continually be watching social media just walk down a street and see how many people are glued to their phones not paying attention to where they are walking! Great video Matt,0,2025-12-05T23:47:52Z
zN-rElTzR_4,UgzqoJR3FNbC-KYZQhR4AaABAg,And watching this on social media! 😂😂😅,0,2025-11-28T13:50:36Z
zN-rElTzR_4,UgzUsALRIMamUKDap1Z4AaABAg,"Already the best video i saw the last couple of weeks. Saying this without facebook since 5 years, no instagram 2 years. No snap, no tiktok. Thank god.",0,2025-11-08T21:20:35Z
zN-rElTzR_4,UgyBan9VpP6svnYaz3F4AaABAg,I quit instagram the moment they added videos. I've never regretted it,0,2025-11-06T09:06:59Z
zN-rElTzR_4,UgzLdLdteB6yew_-Wsl4AaABAg,I'm quitting because I get slews of targeted ads that are dehumanizing,1,2026-01-02T19:23:41Z
zN-rElTzR_4,Ugzchw4j33b7GfPGuBp4AaABAg,"I got so tired watching strangers doing things. I got tired to ""build"" a career in writing. All of these bubbles people put themselves in (cars, art, cooking, animals - basically any hobby) has a toxic side and haters. You will find yourself arguing with strangers or worse bots. I got so tired spending my limited time on earth doing basically sh*t. I deleted IG (never used Tiktok, deleted FB 10 years ago, don't use any other social media. I don'tcount YT as social media btw. I use it for learning stuff, listening to music and follow only selected channels that inspire me). I'm free now, spending my time reading non fiction books, annotating, learning. I'm going out, playing table tennis, meeting new people there. I want to learn Cello, I want to live my life offline now, it's amazing ❤",1,2025-12-08T14:32:25Z
zN-rElTzR_4,Ugy-8osly3GxLBb6F-l4AaABAg,i thought i was the only one feeling this,0,2025-10-31T17:13:24Z
zN-rElTzR_4,UgwpD88ciebfoKYIW794AaABAg,I uninstalled twitter since a month ago for the first time in 5 years. Also instagram and tiktok. Now I only use website when I need to check something on twitter & use insta lite to prevent scrolling. Damn it feels so peaceful. Reduces a huge amount of anxiety and negativity on me. I can study 5-8 hours a day and gaining some new skills. Things that I never imagine possible before. Social media is literally non kinetic war zone now.,0,2025-11-13T23:20:41Z
zN-rElTzR_4,UgwYMIFIHaCs_mA5XTd4AaABAg,They need to make an option to turn off the explore page if you want. That could be a big step.,0,2025-10-28T16:12:07Z
zN-rElTzR_4,UgwE-0OACDJsCq65AkV4AaABAg,"It's not social media anymore. It's algorithm media. I have to jump through so many hoops on Facebook just to try to only see friends' posts, yet it isn't even chronological and of course still riddled with ads.  The Facebook algorithm is deciding what Facebook wants me to see rather than any kind of logical order. Fuck so-called ""social"" media.",1,2025-11-23T21:43:00Z
zN-rElTzR_4,Ugwphev3pr3nYpCqyBh4AaABAg,Another great video! Anyone know the source channel of the Black girl at the end he references?,0,2025-11-03T10:53:47Z
zN-rElTzR_4,Ugzp9Vt1xU6QxRap10x4AaABAg,A year ago I deleted instagram because I didn’t want to see some friends who went on a trip without me. I just never picked it back up. Who would’ve guessed that I feel massive relief not having it around?,0,2025-11-03T18:45:10Z
zN-rElTzR_4,UgxVfzQXfZlN7m_oh0Z4AaABAg,I got off facebook months ago and I do not miss it whatsoever.  I also quit television.  My life is much much better now.,0,2025-11-04T17:43:34Z
zN-rElTzR_4,UgzInA4wR-85MTbrAht4AaABAg,"let this topic go, we get it bro ✌️😭",0,2025-11-16T13:05:46Z
zN-rElTzR_4,Ugy4GYqWnh_VVK8JSpV4AaABAg,The intelligent people never joined up in the first place....,1,2026-01-12T02:08:56Z
zN-rElTzR_4,UgwEPJ19F0_2-HN0jNl4AaABAg,Glad i found this <3,1,2025-11-12T08:55:54Z
zN-rElTzR_4,UgwbJjrFdLkLct6quZ94AaABAg,Were all on youtube still... dont delude yourself were still all stuck.,1,2025-10-24T13:31:10Z
zN-rElTzR_4,UgwxbrJlv00ocJ11CxR4AaABAg,I literally just deactivated Facebook for probably the 20th time. It's so hard to permanently walk away,0,2025-11-13T07:24:01Z
zN-rElTzR_4,UgzMpMkz9eySday_C0Z4AaABAg,The best way to have less problems is to stay offline as much as you can and to limit time online and to have less accounts,1,2025-12-17T16:02:49Z
zN-rElTzR_4,UgzWNl0cLPezj5rOc_B4AaABAg,There is a reason we live in the communities and have the friends we have. We choose to exist with these people. Instead we allow the people we deliberately separate ourselves from to control our emotions by exposing ourselves to a nonstop feeds of their opinions.,0,2025-12-03T21:16:29Z
zN-rElTzR_4,UgwwAiUBs8czftsIVAh4AaABAg,"After quitting social media a year ago, I started reading books, but now I’m a full time student at a community college, so now I don’t even have time to read lol, imagine if I still used social media.",0,2025-10-28T04:46:43Z
zN-rElTzR_4,Ugxew7U8TUv8RaV4sU14AaABAg,"The infinite scroll is genius and tragic at the same time. It eliminated the pause that used to belong to our consciousness. Without that moment to stop, we forget how to choose.",0,2025-10-29T01:50:14Z
zN-rElTzR_4,UgwzfCW6JqrTCtjCand4AaABAg,"Dies anyone else find it ironic that this video is littered with ads, both interstitial and algorithmic?",1,2025-11-27T13:39:45Z
zN-rElTzR_4,UgyArE4OOrUQrIeUXLB4AaABAg,"The other side of social media from my perspective as an IT admin that bothers me the most, is the security risks. It’s increasingly used by hackers and bad actors to attack businesses systems, to gain unlawful access to personal and business accounts.",0,2025-11-06T06:56:10Z
zN-rElTzR_4,Ugz2Oyq66XM6jUF9b9h4AaABAg,Social media has never interested me for some reason I got facebook but I never go on it ever lol .,0,2026-01-18T15:34:25Z
zN-rElTzR_4,UgxPza0MpIvjtwYimb54AaABAg,"Never was on it. Too many negatives. Doesn't help me pay my bills, full of misinformation, and sharing your photos only means that someone else will steal them.",1,2025-10-18T14:14:21Z
zN-rElTzR_4,UgzLcrvvsqIDIu7xYzJ4AaABAg,"i quit all social media (not including youtube, pinterest, and discord for the ONE online friend i have lmao) and OH MY GOSH-i am 18 this year, i refuse to waste anymore of my life online in toxicity",0,2025-11-05T07:16:45Z
zN-rElTzR_4,UgxL89ojuHOQxY7r_LJ4AaABAg,I got off social media 3 years ago and I've been so much happier,0,2025-11-24T13:23:47Z
zN-rElTzR_4,UgwjXzmHg1X82tbzrKN4AaABAg,"I firstly quit porn addiction and right after im gonna quit social medias, keep spreading positivity we are gonna change the world 🌍",0,2026-01-11T01:02:32Z
zN-rElTzR_4,UgzMEWtiVPT9w8kz-dR4AaABAg,"Is there a sense of guilt felt when you create?— I ask because I want to be a content creator but part of me feels bad because I know I’m only contributing to the problem but it’s also where all of my skills and passions are (creating art and videos) :/ 

If so how do you overcome that? Or balance that?",2,2025-11-16T00:44:07Z
zN-rElTzR_4,UgzLIc1utjENO0OA5_94AaABAg,"We are doing more of what is not fulfilling because it is convenient and doing less of what is fulfilling because it is less convenient. Doordash, stay home on screens vs go out and see real people.",2,2025-12-04T13:12:42Z
zN-rElTzR_4,UgyCNLIYxhM6jc3VUT94AaABAg,Mentions ads being bad ...then recites ad in the middle 😂,0,2025-12-19T10:06:09Z
zN-rElTzR_4,UgwSbLZILdk0eAAR1it4AaABAg,"I deleted TikTok over 2 years ago, Twitter even longer than that. Also been off Instagram and FaceBook for about 8 months. Now YouTube is the only form of social media that I have. I can confidently say I find myself being much happier and more present in my own life. I hope anyone reading this who’s thinking about getting off these platforms does it",0,2025-10-27T19:06:40Z
zN-rElTzR_4,Ugzp2qkZzcApD0PAsfF4AaABAg,I quit all the socials a few years back and I couldn’t be happier.,0,2025-12-26T07:24:01Z
zN-rElTzR_4,UgyyM66gJhweuFcvWnl4AaABAg,It’s even on podcasts 😢,0,2026-01-19T16:43:18Z
zN-rElTzR_4,UgxDj_wm84mE2vEvBs94AaABAg,"Just deleted Instagram! Contemplated for years, deactivated it many time. Always made the excuse that I’m a dancer, I have to share what I do but actually I don’t. If I’m good at what I do, people will know. If I work hard I will get where I need to get. I do not need instagram- people there are also so crazy, people followed me to talk behind my back too, many didn’t even like me and also I always felt like shit in terms of my dance and art skills. So many ads! YouTube is really bad for Ads too!",1,2025-11-15T23:03:41Z
zN-rElTzR_4,Ugx93eqIFIBFeh6npz54AaABAg,Watching it on a phone is hilarious,0,2025-11-16T11:37:29Z
zN-rElTzR_4,UgwAZY8pOqgnvgOqDK94AaABAg,We need a new social media app. One that gives users more control over their feeds/algorithms. And adults only.,2,2025-12-21T03:18:36Z
zN-rElTzR_4,UgwBsJjBHyo_yw5iosl4AaABAg,Recently joined TikTok and after seeing some of the TikTok videos some content creators make I felt like jumping straight into the Indian Ocean ngl ..absolute brain-rotting sh*t 🥴,1,2025-11-20T08:43:19Z
zN-rElTzR_4,UgzhQ3InQ7McVneiCfN4AaABAg,Their task is to make it addictive. This is what people feel.,0,2025-12-18T21:09:55Z
zN-rElTzR_4,UgyPTylx4cAYgm0MbeZ4AaABAg,"I went camping with my dog 18 months ago to a place with no reception for a week to stop using social media.
One of the greatest things I have ever done. 
Just nature and a little music.",0,2025-11-26T11:48:07Z
zN-rElTzR_4,UgxvsB1PN-ilzHlmzBd4AaABAg,Jack Conte is a real one,0,2026-01-14T17:04:33Z
zN-rElTzR_4,UgxJHpWcOSFvJTkFg0B4AaABAg,"Put your phone into black & white. Images becoming less exciting, enticing and content becomes boring. You'll leave your phone off for longer.",0,2026-01-19T12:22:54Z
zN-rElTzR_4,UgyYrU42J3AgroaXh3J4AaABAg,man social media is exhausting fr,0,2025-11-04T15:43:04Z
zN-rElTzR_4,Ugw_t6BrddHWuG-HZ3F4AaABAg,Social Media is very bad I was addicted for 3 years and was on my phone every day for 13 hours I deleted insta and TikTok yesterday and today I felt very bored but it felt different because insta and TikTok is only brainrot influencer money and ki now it’s just boring,1,2025-11-03T21:45:41Z
zN-rElTzR_4,Ugx5MhgMQTairXZcRGh4AaABAg,"I left social media back in February because I had enough of the shit on there. If I want to be updated, I’ll just use YouTube I guess even though it’s not that much better. With the content on there..",1,2025-11-28T00:14:32Z
zN-rElTzR_4,UgwWoQ6uC9nkpuyecL54AaABAg,"Stumbled on this video now in late 2025 and I am a mid 30s woman, wife, mother, friend that is now going to switch to a ""dumb"" phone because my anxiety is at an all time high and I am struggling with my life. Now hearing about AI and the impacts of social media on the brain is even more of a reason to move away from it. Even YouTube is a dangerous place if you don't curate your feed well.",1,2025-12-01T23:16:48Z
zN-rElTzR_4,UgxWjNiXHPT_vD-AMKx4AaABAg,I Never had one will never.,0,2025-11-25T04:43:00Z
zN-rElTzR_4,UgxxnJWNjrT6Wj8nsSp4AaABAg,"Didn't realise how bad my addiction was until the numbers were laid out, but out of the last 4 years, I lost AN ENTIRE YEAR to a TikTok addiction! The whole 365 days!! My typical numbers were 2-4 hours per day, some days reaching anywhere between 6-8 😅

I've been free for about 10 days thus far, and dealing with the same symptoms most opioid users go through when detoxing/withdrawing (including *physical* muscular pain and aches which is just ... insane; but not all that surprising as it's much the same mechanism).

Aside from that, I feel as I did 10 years ago, which is wonderful. Life is good again. But man am I now SUPER PRESSED about TikTok being so easily accessible to children.

Because if me, an adult with a developed brain, is going through this shit and struggling ... yeah :/",0,2025-12-20T00:12:28Z
zN-rElTzR_4,UgwcbPBBsF4T5thyxGp4AaABAg,"Matt. pls don't turn evil. pls continue making the world a better place, by bringing awareness to the content machine, and modern age addiction for attention. love from NZ",0,2026-01-11T07:20:03Z
zN-rElTzR_4,UgwFdLByfA3IlRxZ05h4AaABAg,Glad I missed the Instagram and Tik-Tok train.  It's like not being present when all my friends who smoke lit up their first cigarettes.,0,2026-01-18T21:38:19Z
zN-rElTzR_4,Ugx1PDDBnPNOVdxzHRF4AaABAg,Wrote an essay about this topic for my final in my ethnics of technology class. Glad that there is a video on this topic so others can learn about how ass social media is now.,0,2025-11-26T01:38:46Z
zN-rElTzR_4,UgwBZuaCKBcQA4CCqUR4AaABAg,"I love how people have a basic issue on managing themselves, you mostly see people who are losing their lives on the internet and social media, and people who just quit everything altogether, this shows a lack of moderation ability. Same like having either people who are obese or people with eating disorders and strange diets that makes more bad then goo in the long run. Or the classic couch potatoes that run marathons occasionally only to break their knees when they're at their 50s. You need moderation in everything, ""παν μέτρον άριστον"" as we say in Greek.",0,2025-11-06T14:43:37Z
zN-rElTzR_4,Ugyn2enEkQNoLzlUrY14AaABAg,Amazing. Just the push I needed to delete Instagram. Not going back.,0,2025-10-27T09:11:51Z
zN-rElTzR_4,UgwALyld1oLs8PXLgz94AaABAg,"Proudly off instagram since 2014. Looked at TikTok for 15 minutes, then deleted it. 🤓",2,2025-12-31T21:01:45Z
zN-rElTzR_4,UgxCueybSJpnIYJoBDx4AaABAg,"The irony of this video is that it too is part of social media and designed to hold your attention. In the video, there’s a quote that says “we will stare at something negative and outrageous a lot longer than something positive and calm.” And look at the response and views. Brilliant work on the creator’s part. To get something positive from this video, create content that will get you the most views and consume as little content as possible.",0,2025-11-01T15:23:55Z
zN-rElTzR_4,Ugzh1VlS6wVXyjeWgRZ4AaABAg,"I don't have social media for a while but my new problem is YouTube shorts. I even looked up if I could have a short-free version of YT, non-existent.",0,2025-10-30T15:35:05Z
zN-rElTzR_4,UgxA4tKRaJLuLWB6LTR4AaABAg,today I learned that Jack Conte is not only one the second half of the amazing band Pompaloose but also the freaking CEO of Patreon? What a world,0,2025-11-26T04:04:15Z
zN-rElTzR_4,UgwQQBlhaQr9shWJ-Et4AaABAg,"I left Instagram, TikTok and Facebook almost three years ago, and honestly, it was one of the best decisions I’ve ever made. I struggle with severe anxiety, and social media only made my episodes worse. With a lot of therapy and meditation, things got much better for me. Now I only use YouTube, and even that with a time limit.",0,2025-11-26T15:49:29Z
zN-rElTzR_4,UgwZhwkXRQQ9tNIxR9d4AaABAg,"i don't use social media . i AM better than you .


































 of curse i mean my health . my lack of social media use = better health .",2,2025-12-04T04:06:06Z
zN-rElTzR_4,UgxnzIwN6EWc9Qy-xJp4AaABAg,This vid has an ad my guy.,1,2025-10-27T05:19:58Z
zN-rElTzR_4,UgxP_6pVmrxNiFnYha14AaABAg,A video about how social media is designed to sell us ads… With an ad.,0,2025-10-12T14:57:37Z
zN-rElTzR_4,UgxmCE3f8F0nNrvqNTl4AaABAg,Thx for making a really clear picture about how tictok been the game changer,0,2025-11-26T11:25:29Z
zN-rElTzR_4,Ugx42j8KxrCEIQUd8KN4AaABAg,"I deactivated my social media just 2 days ago. For me, the tipping point was from someone judging me based off one liked post which regarded politics. Isn't that sad that you are more judged for something like that, rather than liking a video regarding positive news? The need for more love and positivity to spread is higher than ever. I've had enough of people judging each other (including myself) through something I only see via a screen. I've had enough of seeing a much higher percentage of negative news rather than positive. I've had enough of making my posts and stories look aesthetic when I can just simply be myself... Let's see how this goes. Would love to hear others reasons for quitting too :)",0,2025-12-22T06:36:56Z
zN-rElTzR_4,Ugy561ZHsl47wQZFfDF4AaABAg,I want to go back to the old days. I want to buy a newspaper. I want to read the news without constant ads or notifications.,0,2025-11-12T10:24:09Z
zN-rElTzR_4,UgzFw8LL1EkSvGWgG_d4AaABAg,once a tinder date unmatched me at the speed of light the moment i said i am not in fb or insta 😂,0,2025-10-17T06:22:11Z
zN-rElTzR_4,UgwWrC1Ub0zP5xR4gAt4AaABAg,Quitting now!!! Havent doomscrolled since the first!,1,2026-01-12T23:11:00Z
zN-rElTzR_4,UgxtJqf1XQdvMsULfPN4AaABAg,"I'm done with it all. Stuff all this. I'm going back to books, my iPod and DVD's",2,2025-11-21T01:45:58Z
zN-rElTzR_4,Ugxk7AFAVI-8qYNDEVN4AaABAg,Social Media is the only addiction that’s is acceptable to partake in while you’re in public.,0,2025-10-19T20:00:19Z
zN-rElTzR_4,UgyYciD-OkveZWcCxIF4AaABAg,"After people quit social media, are they going elsewhere, finding their niche online communities, or are they simply dispersing across the internet?",0,2025-12-10T14:53:02Z
zN-rElTzR_4,UgyJr8X1i5NgVnR_PR54AaABAg,I never signed up for Instagram because facebook was time consuming enough for me. I had up to about 90 friends on there but cut it down to 53 close friends and family. I use to think I had to see everything on facebook but barely get on there now because it’s just boring. I never compared my life to anyone on them. I got on FB just to be nosy to see what they were doing. Lol! I got the TikTok app and was liking the short videos people made but then TT allowed people to sell items to make money so now nearly 1/3 of videos are people trying to sell things. I like to make comments on videos but some people were rude. It makes me depressed when people put me down because of a comment. I take things to heart. Some people are mean these days. I’m gen x and grew up without this social media and survived just fine. I got plenty to do around my house to keep my hands busy than flipping through these apps. This why life was better before social media. Get phone numbers from your family and friends in case of emergency.,0,2025-10-13T23:57:53Z
zN-rElTzR_4,Ugyvhf86axcbiARCPZJ4AaABAg,"Social media feels more spammy and scammy. Most of my ""friend requests"" are from fake accounts. 😅",0,2025-11-25T16:23:08Z
zN-rElTzR_4,UgwaCEkfktWPErN9X0F4AaABAg,+1 for Cal Newport excerpt at 12:52.,2,2025-11-14T02:21:08Z
zN-rElTzR_4,UgypW2pPXzK_8rDsNjF4AaABAg,Im watching this video with an ad blocker.,0,2025-12-03T12:02:48Z
zN-rElTzR_4,Ugx_4lM_9jvDqICz9qZ4AaABAg,"The problem is that I like content and I'd like creating content, but it's so addictive and has so many downsides that I don't know what a good balance or alternative would be. I don't want to support peoples addiction (or my own) but I also don't WANT to quit social media entirely, because I did for a while, but I LIKE videos",0,2025-12-15T08:42:24Z
zN-rElTzR_4,Ugx3jhZG4WrsJV9g7Xh4AaABAg,I quit social media and just call people now,0,2025-11-11T21:50:38Z
zN-rElTzR_4,Ugwm4EoRdHKcfd-M-7x4AaABAg,"The only social media I had were Facebook and Instagram. After coming to terms with how it was negatively affecting me, I got rid of both. I will never set up another social media account for as long as I live.",0,2025-10-30T00:53:01Z
zN-rElTzR_4,Ugy0MSTlONj6VKBIRth4AaABAg,"I quit ""social"" media during the plague. No regrets.",1,2025-10-12T15:06:13Z
zN-rElTzR_4,UgxkIjbZj8fSF3LrGh94AaABAg,I'm down to just whatsapp and youtube and I'm paying for youtube to have no ads. I was suicidal before I quit instagram and now I'm not... and I think that sums it up for me. And I didn't follow loads of people but I did post photos most days and would get extremely sad when none of my irl friends left likes or reactions or comments. I am so so so much happier.,0,2025-10-12T19:31:35Z
zN-rElTzR_4,Ugzd_f75uznxvoFVt514AaABAg,"This video is brought to you by our sponsor, Headspace.",0,2026-01-07T11:43:57Z
zN-rElTzR_4,Ugw6kLeV9Y22biVWPLx4AaABAg,The fact the CCP is behind the creation and funding of TikTok and no one cares is alarming. The motives deserve high levels of scrutiny.,1,2025-12-02T06:04:50Z
zN-rElTzR_4,UgzapcuXLfzbqRfg8Yx4AaABAg,Im thinking about leaving social media by the end of the year.,0,2025-11-09T18:44:46Z
zN-rElTzR_4,UgyTR5rOMhqyUlo2Tj14AaABAg,"Almost a decade ago, when I was saying all of this stuff about smartphones and social media people called me a hater... Now I am surrounded by literal junkies everywhere. I am so glad I got off social media years ago :)",1,2025-12-04T12:36:28Z
zN-rElTzR_4,UgyDrIW9u3NtcAKl5x54AaABAg,Dopamine overload,1,2025-10-16T12:59:45Z
zN-rElTzR_4,UgxF2JCP6oOtva863ed4AaABAg,I get the social part from Reddit and the media part from YouTube. I don’t use any other social media apps.,0,2025-11-11T22:15:19Z
zN-rElTzR_4,UgwKynYvG7k_s8xt7hd4AaABAg,"What gets on my nerves is seeing all my friends only send me 10+ reels at a time rather than chatting… I came to social media to connect with my friends, not just watch algorithms.",0,2025-10-31T16:34:42Z
zN-rElTzR_4,UgxasGBplAcWdejrqDJ4AaABAg,"Speaking of venues and concerts enforcing a ""no-phone"" policy, there's a melodic house label called This Never Happened that was started by Lane 8 (One of my absolute favorite producers). But this is is philosophy behind the label. Don't use your phones. Be in the moment. Just thought I'd chime in with that. And if anyone is looking for a new artist to listen to.",0,2025-10-24T17:53:43Z
zN-rElTzR_4,UgyArZ1tZNBfExg_oyR4AaABAg,*opens YouTube,0,2026-01-12T19:56:45Z
zN-rElTzR_4,Ugw0CJIPpJxaWwPetNt4AaABAg,"Just a question, why do we need to hear this every time someone else leaves social media?
Mate we have never been on social media and never will be on there.",0,2025-12-13T02:35:02Z
zN-rElTzR_4,UgweCRbEBNcLsB2n1U54AaABAg,"Social media is just a hub of useless information, I’m glad I quit it.",1,2025-11-10T15:06:21Z
zN-rElTzR_4,Ugyw1zMTS-KzOZLLI9B4AaABAg,"There’s a name for this that Geoffrey Colon, author of the book Disruptive Marketing has been using as we move more toward a postdigital world. One where we care less about digital because it’s not new or novel anymore so we focus on human experience. Subprime social crisis.",0,2025-10-12T00:06:19Z
zN-rElTzR_4,Ugy3oPXJx3dbop0GUmR4AaABAg,"I have quit all socials, using only Youtube and it feels great. It feels like I got back my life with no exaggeration.",1,2025-11-05T17:35:20Z
zN-rElTzR_4,UgxaUPVq0BZ2PH4S-2l4AaABAg,"Nothing social about it. It’s most toxic, negative, racist place on earth",2,2025-11-25T15:20:58Z
zN-rElTzR_4,UgyRu03jxclSoPHQfcN4AaABAg,There’s huge potential for someone to just create an old school social media platform like the original Facebook.  Just friends. No following creators or musicians or companies etc. No algorithmic feed with personalized ads. You just have friends who are real people that you know in real life. People can share videos and photos and posts within their own little social circles.,0,2025-12-07T23:05:12Z
zN-rElTzR_4,Ugw9JabHyJmTFDxQ7xF4AaABAg,I am glad Asa realizes and speaks on the problem with infinite scroll.,0,2025-12-19T00:30:06Z
zN-rElTzR_4,UgwYnVXRRHW_fwn-0Nx4AaABAg,"I quit social media a few months ago and the anxiety hasn't leave my head.

I want dopamine and feel anxious when I don't know what to do with my life. I'm currently in Europe and I'm begging to post on IG that I'm here. Idk if it's just validation or what but I'm stressed",0,2025-10-19T19:58:44Z
zN-rElTzR_4,UgzG39K8QoggcHIeRnx4AaABAg,"Insta, Facebook and TikTok don't work on me and probably others with the tism. YouTube, however, I could watch trains all day.",0,2026-01-10T23:50:56Z
zN-rElTzR_4,UgwgbnYigCA4xbJon9N4AaABAg,"People aren't even living anymore. Before this people actually had lives, relationships, friendships. You were outside being present in the moment. Life was much happier without a phone in your face.",1,2025-12-01T05:06:18Z
zN-rElTzR_4,UgxZ1--LdUOnGHGrihN4AaABAg,I still have an Instagram account but don't have the app so I don't use it anymore since two years. I visited it through the browser the last couple of days and I am already getting angry and depressed and promised not to enter it again. They divide our society make us hate each other and leave ourselves worthless and unsatisfied. Hating ourselves and everyone else.,0,2025-12-14T15:49:32Z
zN-rElTzR_4,UgwjJ_BKGd2SMk5I0t94AaABAg,"Been ""social media-free"" since 2013. Best decision I ever made.",0,2025-10-31T11:07:16Z
zN-rElTzR_4,UgznSEmPermvKcWSCnZ4AaABAg,"Extreme photoshops that people even don't resemble close to their realself, fake having it all, fake richness.....",0,2025-11-02T05:25:42Z
zN-rElTzR_4,UgwiCHRQzFC0JmJtEth4AaABAg,The huge shift was reels.,0,2025-11-10T13:30:08Z
zN-rElTzR_4,UgwQKLlGorK30J4Kr714AaABAg,Can we please talk about how people who use TikTok seem to speak in an entirely different language? Not just the kids but adults as well,1,2025-11-07T19:36:31Z
zN-rElTzR_4,UgxmA9tz7PICPxApDJh4AaABAg,It's a mess because it was designed to be. Form can never escape intention. It's functioning exactly as the creators hoped it would.,0,2025-11-02T23:44:35Z
zN-rElTzR_4,Ugw0E8Xfsc0nLKZsMsZ4AaABAg,I don’t use social media like Facebook or instagram or twitter but I use TikTok a little bit,0,2026-01-09T14:55:44Z
zN-rElTzR_4,Ugz2hh1vSyGofPu7zg54AaABAg,What do you do if you’re a social media manager and you want to get off of social media? Have a separate work phone?,0,2025-10-18T14:11:12Z
zN-rElTzR_4,UgyEjiNKkp-rXLKXZBJ4AaABAg,It takes so long for the rest of the world to catch up with what I did in like 7 years ago.,0,2025-11-12T17:48:35Z
zN-rElTzR_4,Ugwk5y3z2Jh-gc4oEZ14AaABAg,Delete social media five months ago honestly the best decision I’ve made in my early adult years.,0,2025-12-13T15:47:43Z
zN-rElTzR_4,UgxZwwrQ50kyuohAN2p4AaABAg,commenting for it shown to more people,0,2025-12-10T11:28:41Z
zN-rElTzR_4,UgxWW2cAeVUpcAZYHCV4AaABAg,I cut out IG four months ago and all I have now is YouTube because I need my videos. But I’m doing fine and probably won’t go back.,1,2025-12-02T17:19:02Z
zN-rElTzR_4,Ugyy6sHa5C6CMOAL_Gt4AaABAg,"The only thing that I still have is YouTube (it does not keep my history data), and does not recommend nothing.",0,2025-12-10T05:36:43Z
zN-rElTzR_4,UgwIURdgi1X09rOC2Rp4AaABAg,Its basically the same garbage as dating apps. They cash in on your mind being trashed.,0,2025-11-06T20:03:55Z
zN-rElTzR_4,Ugx4c3rmj_9YwF-t6vp4AaABAg,Why am I even posting on these platforms when nobody sees my posts? It feels like a scream in the desert and a waste of my time.,0,2025-12-30T22:44:29Z
zN-rElTzR_4,UgymFVNT5xYX4XGO_Rp4AaABAg,"I haven't deleted my social media accounts but earlier this year I deleted all the apps off my phone. After the initial couple of weeks of fomo I noticed I don't care anymore.
There has been things that already bothered me for years, but once everything got filled with AI slop I realized social media isn't even useful anymore for the one reason I still used it, and so there's no reason to be there.",0,2025-12-15T13:34:19Z
zN-rElTzR_4,Ugy4w3bNFLtagPTcrWZ4AaABAg,"Every time people learn I don't have socials, they immediately go: Why? Because of who? But why? Okay, but why not at least use messenger? 

I have bad friends?",0,2026-01-13T13:15:07Z
zN-rElTzR_4,UgwSuLqvKFfcMuTNJvZ4AaABAg,"like i miss old apps , old youtube , no shorts , no significant distractions at all , i love talking to random ppl in the comments , and open the youtube without seeing shorts , without seeing stupid ppl , making stupid stuff , they're killing gens , idk , it so just so stupid to use em anymore , away from the variations in the feelings .",0,2025-11-14T23:55:25Z
zN-rElTzR_4,UgyygWQ7CUJlC37JhIJ4AaABAg,It was very ironic of you to bring up that ad in between. Yall point out ehats wrong in society by literally participating in it.,2,2025-11-10T02:34:03Z
zN-rElTzR_4,Ugwo7w505yipfj2DawR4AaABAg,advertising for a fake mental health company for money... on a social media site... while saying here's why you should quit social media... because of mental health... the plot sickens,1,2025-12-09T06:16:08Z
zN-rElTzR_4,UgwnsLpWh36dfM7dqOt4AaABAg,"Every time I think recreating a social media account, I take a look at YouTube comments. Nope, the temperature is the same. I'm good!",0,2025-10-18T22:56:20Z
zN-rElTzR_4,Ugw9mMnFExMW7hP1vhV4AaABAg,Everyone should check their screen-time record. You'll realize how much of your day goes to social media. That's when I learned to pause and step back.,0,2025-11-24T19:43:13Z
zN-rElTzR_4,UgzUG8QImwD7GY-6Jjh4AaABAg,"As an actor … I’m always told to have a presence on instagram… I made an ig 6 months ago and it’s pointless lol I hate posting about myself, and noothing positive comes from it… considering deleting it doing my thing in silence",0,2025-10-12T08:45:10Z
zN-rElTzR_4,UgyFtP6Ayz_6qdDQgSx4AaABAg,"It's so fascinating to me that on this very video you made there is an ad you voluntarily put out. There is no escaping this. It's all about money. Always has been, always will be. Content gets clicks, clicks get ads, ads make money.",1,2025-12-31T08:09:29Z
zN-rElTzR_4,UgxwO-m461Op8nnVJQx4AaABAg,"After seeing all the comments, I just deleted my Instagram. It was surprisingly difficult to do, I felt so brainwashed. I don't need that and nobody does",0,2025-10-19T06:35:01Z
zN-rElTzR_4,UgwcI4qb1o_8gLcgctd4AaABAg,"Yeah, is  YT a SM app? Feels old school with follow (subscribe). Use premium to not have ads. Deleted FB, IG, TT, Netflux etc, etc. Just YT. I am still fvcking cooked tho. AI is screwing everything now",2,2025-11-29T18:30:59Z
zN-rElTzR_4,Ugw2Kg9W2aFNmEEv5tJ4AaABAg,"YouTube is the only platform I use, and even this is fast becoming a site I don't enjoy. The ads (OMFG the ADS), the scripted content, the cringe comments sections, the narcissism and ""look at me"" videos, the AI slop... Are taking over the truly watch-worthy content. I'm finding myself using this platform less and less, which, TBH, is not a problem at all. 

I hope humanity becomes human again, but I won't hold my breath. 🫤",1,2025-12-08T19:54:20Z
zN-rElTzR_4,UgwVd5KKBiXOoI8mPbx4AaABAg,"I haven't had social media since 2015-6, I only use WhatsApp. I still remember when Twitter and Instagram were about showing ur real life; even celebrities would post real-life stuff, but it soon changed to highly curated content, created to foster parasocial relationships between brands and consumers. My main problem with this is that ""normal people"" started acting like brands. So ""my real life friends"" started acting like they were professional celebrities. It was no longer about connection, but about flexing.",0,2025-10-23T13:38:28Z
zN-rElTzR_4,UgyqFI8PinPadq9UhNZ4AaABAg,6:03 big real estate 🤣🤣🤣,0,2025-12-14T13:49:46Z
zN-rElTzR_4,UgzV2IlFklu0WgkOpvR4AaABAg,"This video just reminded me of the movie, Ready Player One. We are truly in a simulation.",0,2026-01-13T17:27:20Z
zN-rElTzR_4,Ugz8PtHLY6-3HdGk7tJ4AaABAg,"Social media users think they have a FB or IG or X profile, but it's the other way around, they have yours.",1,2025-11-29T22:37:33Z
zN-rElTzR_4,Ugxca7GJYa0rXAYTuF94AaABAg,"Quit social media this summer. YouTube is the only “social media” I have, yet I view it more akin to Television than social media.",0,2025-12-25T15:23:17Z
zN-rElTzR_4,UgxBWRDMQTSc2YBAGTx4AaABAg,The audacity youtube algorithm recommended it 😂,1,2025-11-17T13:58:17Z
zN-rElTzR_4,Ugw0sTWezjKsiM5oypt4AaABAg,"I haven't seen anyone's personal post on facebook for years. It is all about some random clickbait, gaslighting, and weird stuff.",0,2025-12-02T18:48:29Z
zN-rElTzR_4,Ugz3rEliJ927RHAXy5d4AaABAg,All of my accounts on tiktok kept getting banned i am sick of trying to create change and being banned because of it. I also realised i was many peoples little token. Got tired of it. Tiktok does not feel like the place,0,2025-10-29T18:41:33Z
zN-rElTzR_4,UgyJXHRRNqiUEtQWizV4AaABAg,can't redeem the voucher because the checkout page is not loading. tried different systems/browsers. still the same results.,0,2025-10-19T08:58:23Z
zN-rElTzR_4,UgyTFD0I1aF0laIH-Qh4AaABAg,"For me at least these were the three major points of social media decline over the last 5 years. 
1.Social media began going down hill, severely, after they decided to stop showing things on my feed in chronological order. 
2.Then everyone felt like they had no choice but to be on social media during the pandemic. 
3.Censorship and support for genocide made a lot of people, my self included disgusted with the way censorship against racism and other forms of hate constantly got brushed off by social media companies, but protest of an ongoing genocide was being openly supported by these companies.",0,2025-12-25T09:24:40Z
zN-rElTzR_4,UgyhDYhFTwPEX6bDVyl4AaABAg,"The whole reason for going on facebook was to keep in touch with family, but now I spend more time hitting the 'reconnect' & 'friends only', only to have to do it nearly every day...  Practically all I get on there is useless ads :/ Greedy zucker-itch :/",0,2025-12-10T19:46:26Z
zN-rElTzR_4,UgxKFiqibsHVh6QKg1F4AaABAg,I quit one year ago this month. Best decision ever…,0,2025-11-12T02:41:03Z
zN-rElTzR_4,UgyfieCrScpWl0HCS9F4AaABAg,"My only social media account is YouTube, which I watch through a VPN so all my adds are in a foreign language, so they mean NOTHING to me. I just look away during adds.",0,2025-11-26T05:54:34Z
zN-rElTzR_4,Ugxm4ArZFrbj0nY6bRx4AaABAg,"I’ve never used TikTok or instagram, and stopped using Facebook for the most part. Recently, I just deleted all my activity there. It just seems pointless and a waste of time.",0,2025-12-04T17:40:41Z
zN-rElTzR_4,UgxMvsdQkt-DdPyexCV4AaABAg,Choreographed dances😂,0,2025-10-18T15:07:20Z
zN-rElTzR_4,Ugx3PB5Y9HKoGJK1-aJ4AaABAg,"I'm going to my 2nd year without Twitter and my 3rd year without Instagram. Social media is just using you as a number, so do the only thing you can: be a - 1 on their total.",0,2025-11-25T07:14:26Z
zN-rElTzR_4,Ugw_Je5xC9XF1jHlfqZ4AaABAg,"I am very mad at youtube because  of shorts. Youtube was the one place i could enjoy without that need of doom scrolling. I uninstalled fb tiktok and insta. Ive been close with youtube, just dont know what to replace it with to watch the content i do love.",0,2025-11-08T04:35:13Z
zN-rElTzR_4,UgzPDyUlZ2kex2VS6454AaABAg,There’s a reason the creators of instagram quit after it was bought by facebook because they knew where it was going to end up,1,2025-11-16T01:32:40Z
zN-rElTzR_4,UgwcY6kj5aT3pIowpw94AaABAg,I dont want to pay to be advertised to products i dont need,0,2025-10-20T05:45:17Z
zN-rElTzR_4,Ugxlsr7UVKspAcrZErV4AaABAg,"its not for the community anymore, its all marketing and profit...",1,2025-10-11T21:26:08Z
zN-rElTzR_4,Ugw8bq_dUDtyKyOfmth4AaABAg,I wish people would just talk to each other the ol' fashioned way😢,1,2025-10-21T03:18:48Z
zN-rElTzR_4,UgzsoKWj8u3IIPgFx994AaABAg,we're the product! these companies sell the attention of their audience to the companies who pay for these ads. that's why i feel 4/5th of the posts on instagram are ads. youtube is not much better but at least there are channels like this ❤,0,2025-10-30T12:23:37Z
zN-rElTzR_4,Ugw8MAW14Qu7dL-Chet4AaABAg,"Wow. I left all of this in 2018, before all of this crap happened. Cant believe that stuff has hit the can",0,2025-12-14T04:15:39Z
zN-rElTzR_4,Ugywj0jj84Lx79kPD914AaABAg,This is how I discovered the guy from Pomplamoose is the Co CEO of Patreon.,0,2025-10-14T19:11:25Z
zN-rElTzR_4,UgwZxfAENGal0iE4_NB4AaABAg,"One huge problem is the addiction to following people. People who started using social media when it first came out understood how to use it and understood that it wasn't real. Then came the next group who didn't take time to learn it and didn't have any context. Their brains became wired differently due to them using it at younger ages and for longer periods. So now we have deep body image issues, they all have issues that cause them to copy other people. They also do this in real life. They will find a person and attach themselves to that person (whom they do not know) and they morph into said person. So hair color, clothing, items that the person buys for their life... uhm sometimes even children. They want to mimic the entire person's life... like it's a GIANT instagram.

The world is like one big instagram grid to them, they don't understand that they are becoming criminal stalkers and that it is actually illegal to do ALL of this. It's called impersonation and it's illegal. And this poses a problem for people who need to make an income and the person decides to morph into said person and now is exaggerating their resume with AI and takes a job under false pretenses, with an auto generated website, with zero content and takes the job from the person who was supposed to have it.

this person could lose their livelihood or income and that would really, really ruin that person. I've seen this happen so many times. So now that they don't understand context, they are also over-inflating their lives and saying they are senior level artists or this or that even though they have like less than a year's worth of experience. You can't do that. It's messing everything up on top of all the other issues.

The apps are designed to be like crack to your brain so you don't leave the app... It's really unethical",0,2025-10-24T04:47:40Z
zN-rElTzR_4,Ugxg-5ihg1AKksBW1M54AaABAg,I deleted tiktok and Instagram yesterday. No scrolling in 2026. As for Facebook i don't use it.,1,2025-12-20T08:39:37Z
