video_id,status,n_comments,error
iOTCsXd38Ng,ok,11,
d1yfb93beSI,ok,43,
yrVtEkCC8uY,ok,4,
an6ZM0iCGQw,ok,83,
bA9xGDsQADo,ok,6,
kryWR7QNBkc,ok,30,
c7rtbTnmnzI,ok,13,
HtzG2AoahAo,ok,23,
-CAzAfDhbwU,ok,10,
vkHuZY-x5DA,ok,21,
7IYKojMhBy4,ok,27,
roc73qEYhXY,ok,14,
X564_fIhp_0,ok,500,
VoPDKjFHIDU,ok,46,
VFY6NTaw9mM,ok,45,
YBH8rQv4aTQ,ok,55,
Mqk_j_248MU,ok,15,
E74vI_Nrn4k,ok,9,
LsM8fyov0iI,ok,15,
IuzK04m-Px4,ok,14,
VA2hdDoSM4s,ok,74,
E6oZzu_ui0E,ok,11,
vsMqvHqnRUs,ok,60,
aWGu4owdXrM,ok,14,
ojttMNOW6zM,ok,500,
nCSexSgcIuI,ok,11,
81slns4Dte8,ok,39,
DY2ojllbpFc,ok,20,
w-kKNnnqOHk,ok,10,
tKO9WgPZ0Bc,ok,33,
uqWh9Qt6Wc4,ok,11,
ZYIUnmrkmRI,ok,8,
C6lTGCAitXg,ok,15,
2-7U8bLjlJE,ok,9,
P1rPiSxYagM,ok,169,
Kc6cvBFoEzA,ok,11,
Bej0gPnHoTY,ok,19,
2pPPJbnZOtQ,ok,82,
t5BqFmvHRtc,ok,12,
-iGbPbAaqLs,ok,45,
K5NEEAr-D6Q,ok,12,
1O9WjWzvz9I,ok,21,
5gm15Q4iSZg,ok,11,
wx2Ml3vWHys,ok,13,
rh4lXr8JCNQ,ok,24,
fStLnjrZF_c,ok,52,
dqVfnC_muaI,ok,187,
1E4rBf6oNvM,ok,34,
cJfKqKEyw1o,ok,185,
ZLq1SbBQRWY,ok,124,
RX0ik6nWc58,ok,3,
L2OVDJ6cDJc,ok,104,
YrZqeJLJzpM,ok,28,
3bbSk3899Po,ok,26,
_ozdlc2ouYc,ok,16,
gw0UK24zFxw,ok,7,
0R_CJjGRX7o,ok,306,
X3EK8cR6Tas,ok,8,
rGOTVtXkaRs,ok,40,
kND0iGErBk8,ok,164,
eJUFdB_TN0U,ok,27,
3lPnN8omdPA,ok,204,
Mz1ItbiNqxw,ok,31,
oea9KJtKejI,ok,8,
ZkXrTHpnQrQ,ok,500,
cbPMxoe00gE,ok,31,
741j2Jne1EM,ok,11,
yI_Zm4p-6g0,ok,5,
AbmQFGTyJKA,ok,88,
ChDw2Vd_bBE,ok,30,
J1WIKUd13D0,ok,13,
kIf8MjwS1Po,ok,34,
tum_5LyL0Q4,ok,13,
pp8vdZdNl2A,ok,204,
Uyx8vYm9Og0,ok,9,
Kx6txsLiUT4,ok,51,
97IwoIqBCZk,ok,41,
hZMaiUsIQog,ok,18,
TM179asvB3Y,ok,6,
S_GuLdbMveQ,ok,16,
gsTYBRC0iys,ok,15,
rEJhJj0eLm4,ok,23,
Y54XtvEzI8I,ok,19,
XsC-PNXXv0s,ok,14,
ptiYMxOVgRs,ok,61,
p8Ed8pDlAmM,ok,52,
UOIKYvl558w,ok,7,
vE2_KZH8fDQ,ok,67,
F63iukJiwiY,ok,23,
STUwbUCEtUw,ok,25,
kUYeHxez06o,ok,2,
7onAN_t68t0,ok,49,
tSqsZbOaO_8,ok,25,
SjLO9ogmyQU,ok,72,
YNeMzfhJC38,ok,12,
Pry6l7h48ro,ok,69,
UQwd9_XivaE,ok,31,
JdS4XiNKNWY,ok,18,
MuSvgDpv4Io,ok,84,
Hjj7Nv_0--4,ok,25,
sleiarPAgKc,ok,48,
eFroGU5wZUI,ok,1,
Bl-vPf_IAoA,ok,123,
wXBjUxe4Lvk,ok,24,
RXwQ7_hlL3g,ok,277,
Fvg9sUgqbXc,ok,15,
7WurcdAkX-A,ok,28,
C1TqBmezv20,ok,53,
A6hzHov7Kng,ok,123,
ueaAdCKDCH0,ok,25,
CfPFU4UaaRA,ok,14,
KTM2XfNpeWA,ok,1,
PFhhtot1q1M,ok,3,
p0IpMqUZKbs,ok,15,
cesx1-XaLb8,ok,17,
zxKFzT6GjUk,ok,29,
CwfEXpoD7_I,ok,29,
YQRt9TfpetM,ok,221,
j0XdDGiZs9M,ok,3,
BZflSdA4Q44,ok,18,
Iq7avsVBI0k,ok,43,
pWKggqO3VlY,ok,20,
W8djC9GoZVw,ok,59,
NVwOsm1edT8,ok,4,
nxsrS049xaY,ok,19,
xGJe_eRw2Ao,ok,15,
TK-rXyBPX7o,ok,0,
_V6C0SFEUO8,ok,47,
6v48MPKzXI4,ok,11,
3913fIgBFhs,ok,286,
KIAsBq64hnQ,ok,11,
9j-Gx0ALrrY,ok,5,
9o1HPx__P9w,ok,71,
decHzqG2NX8,ok,24,
ikwtW-E9WLs,ok,9,
DgEVtZJPCwQ,ok,6,
nJ4RtT0T_BA,ok,69,
v4XF8rqEyRA,ok,153,
7cMcjrtK-Do,ok,16,
E71_WehXapM,ok,15,
PNoQzQwbTFU,ok,50,
OKu0yybmtkc,ok,15,
Wt3E7xSiuxA,ok,34,
R4_trBh25Vk,ok,23,
1o7znNK19Pk,ok,33,
3cD0AMzflSQ,ok,5,
OtSwoGuz8sk,ok,78,
9s3oyXmWHkc,ok,1,
1jWA3mE5o9Y,ok,38,
h3M00JI8Iwo,ok,500,
kNelNGmQ4YM,ok,409,
Qej_ZzMV5_0,ok,31,
Hn1szUVbi-E,ok,9,
ojfZMid20iA,ok,31,
6OWzmfJVloo,ok,11,
1TJViJVSY-0,ok,5,
2ZIfqLDG_Qs,ok,177,
2Y3IjmFERcM,ok,10,
YOryOy1qL00,ok,36,
yWj33Ud8iag,ok,39,
Gt6ZYdhRW5k,ok,14,
7kXE9a6i2dM,ok,61,
UGjFKRZFJHk,ok,8,
rDQEwdinjB8,ok,20,
DxFZ3ojl9yo,ok,195,
1oACvP9XTRM,ok,22,
n6VzKtEKs3o,ok,84,
qGISrbDdL_g,ok,33,
dVCbISK2IIs,ok,32,
NOW7jjBbkb4,ok,18,
aWhWjd3o78A,ok,27,
GUn0ocX5G-0,ok,16,
T9BNSjPxeIs,ok,44,
k-9sQXhHHmk,ok,13,
-lq5T-aqX1g,ok,15,
hn3vHUpIyhE,ok,188,
Pj5jM6MANUo,ok,101,
SuaxadRqJpM,ok,13,
uV-uNp0XPrg,ok,30,
Ew59SKy181Y,ok,500,
SjaeHWRUu8o,ok,3,
q_K-l6X2ftU,ok,27,
5siGd7pxJCk,ok,10,
deAEKPbpSSY,ok,34,
sa2HbfP1iMg,ok,88,
V2H3M_0i1Fo,ok,11,
mxBSpnE8QzA,ok,10,
IKOpcSRxHxQ,ok,20,
1oOMLr52YSw,ok,9,
Tb_3Vtlziuk,ok,21,
7jAQlEvb6-c,ok,16,
P7wNVGLKDL8,ok,15,
lGeoH4SaFIo,ok,47,
TEcJJ28Z0IQ,ok,9,
rb8XyyFes-A,ok,105,
6E82LDmdnxo,ok,21,
4iKQj1THwSM,ok,8,
ACC5KCPRt_U,ok,24,
tC7ZfO1_x9M,ok,17,
n--KABNiV4g,ok,15,
E9Pfdtp_y24,ok,4,
FxpONecbsZQ,ok,40,
N3m2n9-Vftc,ok,7,
dJIw-hljICY,ok,98,
_CkaeM4zN-g,ok,12,
t8AWKLu-hRs,ok,8,
O8ocrq7vruY,ok,0,
vd2AklBK-GA,ok,40,
wb1PFvMZD6c,ok,12,
iKWA55i_2eI,ok,11,
SbZfCQWdIDk,ok,9,
WDmGAnRIaiA,ok,20,
4fJMAaSJLxQ,ok,4,
t9RRh_YkALE,ok,5,
XyiPDoCjO4s,ok,19,
htNMTxj_qE8,ok,365,
aEsikH322n4,ok,66,
RfSiAKIRI7U,ok,5,
FG0dYhiTGLI,ok,15,
J5pd_vZYVFk,ok,8,
NYQEeiz-n7I,ok,18,
dvLnIecUNL8,ok,52,
Dc-qLbh30D0,ok,18,
sb34MfJjurc,ok,111,
qHsXWoW86cc,ok,7,
CDs2d3dJtYk,ok,500,
ESkB4_8YClI,ok,36,
Qu6xTcDmEs0,ok,5,
bGhSZLdGFEQ,ok,10,
vzDaaHfTIcw,ok,9,
BzUb5MOysLo,ok,19,
P8ewXLXrTHM,ok,40,
0DRTVZn2dyo,ok,12,
EnbfoFUFm2s,ok,182,
UmX4M4Np43A,ok,500,
4PVctQgFotE,ok,4,
JreonVbDICI,ok,13,
l5aRf9wj3wg,ok,8,
7z7d3UIMiEY,ok,15,
azW8XQ2FoXM,ok,10,
mhLWUjB2ox4,ok,500,
EGM-b1bhqkY,ok,15,
m8VTL7jXleg,ok,25,
ubpwIWAuIxQ,ok,11,
iSUZjXiGHpQ,ok,31,
whaesnYloMQ,ok,162,
LAjACL6-Yd4,ok,22,
aakITN-2rXc,ok,3,
moZMjD3imN8,ok,23,
K6SB7RTXGAQ,ok,13,
aw59Z8v3LX0,ok,294,
3kkMPD744dY,ok,29,
x7kCPs1LwbY,ok,28,
sR21Ysgfpzo,ok,13,
kAFBhYRlkZc,ok,11,
gN07gbipMoY,ok,137,
l5A5sa1NoPA,ok,12,
6cJViq5lGBw,ok,28,
y0xn1C6ALvo,ok,27,
_LDAnryI0Hw,ok,16,
GZKU7TgR6IU,ok,158,
Bq7OK-I4aUs,ok,7,
nYm_NroGXH0,ok,8,
kDCXC31m7r0,ok,17,
oBP07G7PL-k,ok,20,
QQkP9qVM5gI,ok,3,
ZZ0BOEOtD2U,ok,414,
vWDrFjKHGMY,ok,23,
uWzDgjLfa4E,ok,18,
vhvyid7vVoQ,ok,19,
erM_s_Dtqvc,ok,25,
5GVqOpLDA8c,ok,29,
WknzP23-y_Y,ok,35,
BP-iMAAZdHQ,ok,9,
5MyCtvSBATI,ok,23,
E74FQTMWPVw,ok,29,
UHzWmELztPs,ok,32,
Z0PeLwgy_Xo,ok,13,
sQvDPZn-F8A,ok,18,
zYg6bLCBMxY,ok,42,
DHO1o5F-pLw,ok,11,
O29X1Ls8KoA,ok,25,
-0aZ2TmrsX8,ok,500,
HYepzb4-FWI,ok,42,
ts0Q_HNo_LA,ok,42,
_8BKbEbwCLE,ok,23,
ZdhSeoqPJ1g,ok,12,
OrNqEcNkoF0,ok,22,
AJCRcBx3Xpk,ok,11,
-OAP0ho5AUg,ok,41,
aZ5Kuowfc4g,ok,60,
MWjm_zvdYdI,ok,89,
dx-vObCdxRI,ok,54,
nE1fRDYjwwU,ok,35,
okSk0lbMWQc,ok,2,
v4ThfAHpMTE,ok,14,
BeUTAFHlKQ0,ok,98,
443yrCLHf8s,ok,11,
L_3KmTevD5o,ok,391,
y6ymtVfKIfI,ok,17,
ZhruqkPeJ6o,ok,96,
3pa3EjAqDXA,ok,35,
tpa7eWBoPdg,ok,14,
oTY_r-N49DA,ok,17,
noVNEeU5CS8,ok,16,
Ki5AcnSWbSs,ok,63,
eZ1PdfBPyL0,ok,20,
cjG0m9QUF34,ok,27,
IVxXWjbDQXQ,ok,14,
q5_PrTvNypY,ok,500,
7Xbm2F64_c0,ok,21,
YnailukMUGw,ok,9,
dOtN6IQv3uw,ok,20,
DM6UVe5jsxA,ok,163,
qpVvo3svuJc,ok,17,
u0fFIJapsRY,ok,26,
mKkXUV343PQ,ok,26,
GdVCAcCMqVA,ok,14,
LkKOmzdaoH8,ok,10,
rmASLb_Yn5Y,ok,439,
l8QqI25FBrc,ok,35,
UbzsTXDvhAQ,ok,17,
noWh8SSeRCo,ok,70,
Dp_MbiueqjI,ok,31,
FvKeHcpps1Y,ok,97,
MeWAG1QH5sg,ok,2,
NlLmAbt7Q9k,ok,2,
9tQPo-18jC8,ok,3,
Ztx0Bch3h9s,ok,500,
LJop58DzgFs,ok,27,
1IAaKLAVysQ,ok,56,
hMAU8do7azU,ok,14,
Mq1S5gEztHE,ok,18,
fkOMupkw5D8,ok,54,
R0AmSjmb1Zk,ok,7,
eafeQYppKmw,ok,32,
gssX0xSDb8k,ok,33,
jLkKo9o-jcY,ok,18,
RX6UMSt1RVQ,ok,10,
DUfobESjj6s,ok,36,
4NzfiiMDtYo,ok,15,
Zf2UTGOKHKw,ok,15,
Aa7tNxxZuu0,ok,16,
akXpn8xHwkY,ok,124,
xesXSrkLLNk,ok,18,
iLhFAWKCE0M,ok,334,
GvG40fNtd2E,ok,322,
ZAnLIXNbD9M,ok,8,
0ZLLoNYEYfs,ok,500,
lq5rg_0o_h4,ok,12,
saTGDtFQAMI,ok,51,
cHBBSmGdy0s,ok,9,
hxms1R9zy5k,ok,20,
plbqT4dBNwo,ok,31,
KTrSJgM2-xU,ok,5,
D3I8ZeiLX2s,ok,43,
dMQHhaHLq7k,ok,14,
DEBo0hG8shE,ok,24,
gHbzWy-5i3I,ok,9,
IHrGK3Mu5K4,ok,243,
n1xXeGokRXA,ok,4,
qhuZvtb0cbE,ok,48,
WCnqWo3rKmg,ok,7,
jHRoBLZ0GMw,ok,16,
leaxVE3qF6g,ok,17,
G4ecYUNkncE,ok,25,
vXxBREW8XAI,ok,52,
LKBiHbU63UE,ok,37,
y6Sf42fGfuE,ok,44,
d7IVBOBd3BI,ok,26,
H7G8Q4m3ULo,ok,2,
lbLVjwq_J3o,ok,24,
S5cHNgIMJxA,ok,6,
GU2KgpW0SOE,ok,10,
iKdLYuOorE0,ok,500,
I_bKcljIzU4,ok,4,
upTE6wk6ZfE,ok,26,
h6gBU7BnQeY,ok,33,
PBahaC1RjRs,ok,9,
9tPDGc1-ilw,ok,18,
g1KQ9SCKkVk,ok,18,
7-svUM0cX78,ok,13,
Q-EDeUBNqRw,ok,4,
lCB-BmRJsLs,ok,19,
SbVm1ZWyXuY,ok,23,
YPQ-jHxcSqc,ok,14,
30SmyLqZ1vw,ok,29,
nslELMUyQmA,ok,24,
WBOtQvqWpcg,ok,60,
z41OYnUeQjw,ok,9,
qe9QSCF-d88,ok,500,
wYiiQrl8N20,ok,58,
We0x2EaVwkY,ok,20,
IzTpuucqim0,ok,72,
QSKjD84Z6Rc,ok,104,
RSZl57aKxEc,ok,7,
id4YRO7G0wE,ok,500,
CNO8GI0Ka-o,ok,43,
snUI2AML9NQ,ok,52,
Jb5VTn5D3ao,ok,73,
F60F3wAPUWo,ok,23,
Mq0_g-vCwb4,ok,25,
cvRtK485EcM,ok,22,
Tob_DDLXImM,ok,24,
YPvP_C4qy0E,ok,364,
g1L42P6rGQY,ok,14,
7Yhft2Tuyeg,ok,20,
DgAh3a2zS8M,ok,5,
VRAlpK8IGLE,ok,21,
p7u1n54_yQc,ok,70,
qTAra6vdVDY,ok,10,
GZBPCwx7glk,ok,6,
dfbEVbHCCrE,ok,19,
UNQCzhdg0A0,ok,39,
E3Yo7PULlPs,ok,500,
6kPHnl-RsVI,ok,500,
689wnA1ZuVo,ok,5,
hnygd-8rriU,ok,500,
aJVZQqAAlzw,ok,29,
QUQUZLx4j_U,ok,19,
lKsvLGdoIH8,ok,109,
zWfkFEHe9QY,ok,17,
ooMXEwl7N8Y,ok,500,
GjtqcYOtxhA,ok,6,
hqpKUkYqreM,ok,135,
QXGTNROtJkY,ok,60,
shgYbdOVgpY,ok,29,
tpAG2eZZGxo,ok,36,
gElClXpg4J0,ok,500,
_D8YJ6opZYU,ok,16,
bxbQkaIB8PA,ok,20,
Jc97OeIpaEY,ok,35,
4fOWQfzWHbc,ok,49,
sexqiDz8fWs,ok,47,
p3uBMqCPSDk,ok,500,
6mck0ycBYAo,ok,17,
5MWT_doo68k,ok,500,
C8Iwvgj7Xwk,ok,29,
TZOoT8AbkNE,ok,500,
1WXh_9S3q2c,ok,13,
PsFlp3u74mI,ok,36,
OgK5eQQIUGQ,ok,25,
t8qtf2lc8FU,ok,7,
-k-bg0q3NNw,ok,32,
81_20RfdX3c,ok,11,
r4n79ZRepi8,ok,72,
-074mbRqFrA,ok,9,
C4QMPhiF_as,ok,45,
n8QoLnT4ygo,ok,84,
oJ0Nec57-08,ok,7,
eMiPKpXbm9A,ok,23,
ADAmTm_45uk,ok,27,
adza_PZiBNA,ok,12,
K_RSZC0s8a4,ok,196,
BIbAyapnfOI,ok,22,
utTlli1Ett0,ok,17,
G1DmWN4EH5M,ok,7,
q3_AS6GM2Cs,ok,45,
gdEeSfi1ywI,ok,8,
4lxyPcI7kn0,ok,18,
7CL8OgCs80I,ok,6,
VjegFh1zhY4,ok,41,
lZTBIO3OtYc,ok,38,
otNea-jNmXU,ok,26,
bRyFB4mQHzY,ok,17,
hO_v--mXE4M,ok,15,
LsojAy3i1gE,ok,13,
yvf6xqSkAcY,ok,96,
p0Nag5w42ys,ok,22,
jc0tTOhRVe0,ok,61,
FN6JIyntwR0,ok,15,
uxQ0OoyaALQ,ok,13,
U9d0p96N1iw,ok,500,
lrUQn26zp_c,ok,33,
DHL6_DebL1Q,ok,35,
OTIx-2udf6Y,ok,21,
1Jid5LoQMIU,ok,13,
LpSDuDIaBGk,ok,231,
cIu8Xo5yHlI,ok,11,
qvHVHSLR9-I,ok,3,
zeuXA5Ysof8,ok,19,
9IFo0WjDvL4,ok,33,
5gVTwb3ebAI,ok,45,
NMfZ4ePmJks,ok,17,
caNLVaD25pU,ok,60,
RUdpj0CCD3Y,ok,33,
3EFzlN0qSBg,ok,11,
_m8jRiOpcTA,ok,71,
nTNdC8UMcCg,ok,22,
Vy87Mkix2WY,ok,15,
uuviC8Uoh1Y,ok,41,
9ymdXNsJT_s,ok,7,
gzzEUm_78Qw,ok,44,
-LeIIjOMP-c,ok,20,
CA028e-idL0,ok,39,
vVAG4BjNbKs,ok,11,
6F2DLThsEGE,ok,17,
3SOj_TeukHw,ok,13,
6wCml0g2mRE,ok,121,
aOdaKzE8v-4,ok,9,
0-F3ufYQgNk,ok,500,
Qvm9k5Wnafs,ok,38,
AUL2pMTLIZc,ok,16,
cTnPqgL8ZPs,ok,141,
FFYD5s-SSYk,ok,22,
Z9VovH1OWQc,ok,79,
4GpNYaDkBcs,ok,18,
VopoxAqteGY,ok,36,
xb0nLpdWttA,ok,218,
rHUJAlMa7qI,ok,30,
2JMuljrVrSI,ok,38,
ZxCY6RF_ZB0,ok,8,
MG9oqntiJKg,ok,161,
Y06CZUf3cm0,ok,28,
8Nv8qjSSkJs,ok,12,
gp_ChjQQPnU,ok,29,
uY-NteGiQP4,ok,13,
UoJPsI1N-54,ok,25,
cYa6QYGXqu4,ok,394,
BBHnLH98bNg,ok,41,
6MPxJ6hQgpI,ok,12,
yVq8r9w29DI,ok,36,
Hz00x3FAD1E,ok,16,
Cr6kzbIwxdU,ok,47,
FvuTe8nL6OE,ok,13,
4JlCcR3lumA,ok,56,
71dsyj5pWEo,ok,37,
CPszftsUGVM,ok,69,
rsL4vztsChc,ok,88,
MsKU2BY6yHQ,ok,75,
FYxChz-CWJY,ok,7,
xNWZrR3sDfQ,ok,88,
YLx3Ryv9THw,ok,41,
9ILMJYAusa0,ok,26,
TcWVILjbDIY,ok,30,
MD4W_e3dJPs,ok,184,
umhBo4U6XEI,ok,12,
MQD0RKYcR6c,ok,255,
ZmNpeXTj2c4,ok,268,
okSG9QaqY1o,ok,50,
xDDfUWic4CI,ok,18,
I71y0Vwlc8Y,ok,33,
CrEhGIBCAPU,ok,52,
yHGRBTZI6w0,ok,61,
DbaBpXa9dH0,ok,15,
6mh92_lU0W4,ok,23,
zVgQf2v_68M,ok,42,
BsVhgta2WAo,ok,331,
HSgQHH2YBxw,ok,107,
Ap8jdNqrib0,ok,17,
KEz7EZcfVts,ok,117,
Zyw_amifsxE,ok,29,
-w4JrIxFZRA,ok,156,
ros3INVOQEU,ok,34,
6lDe9XenH1Y,ok,44,
AbpNlshqtJc,ok,99,
ojZav0u29B4,ok,14,
X0bKCMgAUOg,ok,19,
cfKFbh8LPvU,ok,55,
V56A6SHbI1Q,ok,40,
I5oeY5O5oJI,ok,48,
d2-0S67JIeQ,ok,10,
Ne-1bg2Ifn4,ok,29,
mxdJMIog5y8,ok,30,
GTmQF2ABid0,ok,72,
U509hHthip8,ok,427,
vgigO1XgyRo,ok,101,
UG1eW81y7Ac,ok,15,
T9AIbF4cED8,ok,14,
I2s4msDXNgw,ok,128,
_hZseWeLSFY,ok,22,
FiQ2XtAYQsw,ok,19,
GVdzOw_8pFE,ok,35,
L3AcHdBpUCo,ok,13,
fHDy7Jzp-5I,ok,32,
lY7e3CDPY4g,ok,44,
WR3AEXxYzFE,ok,10,
0Vjh5d5rez0,ok,113,
pbHoznf00RE,ok,12,
hg_xzFJ4ZAA,ok,128,
hKx4HGfNgCg,ok,16,
lkMV6SxilXc,ok,22,
QsXfQW9LrjA,ok,21,
9lLqGTmDdQc,ok,13,
lRNNcBHuxP4,ok,5,
p-Yd4PdmYzg,http_error,0,"<HttpError 403 when requesting https://youtube.googleapis.com/youtube/v3/commentThreads?part=snippet&videoId=p-Yd4PdmYzg&maxResults=100&textFormat=plainText&key=AIzaSyBYlD1YuyrGaWJ_YDEqMFOEYwzbBwegmaU&alt=json returned ""The video identified by the <code><a href=""/youtube/v3/docs/commentThreads/list#videoId"">videoId</a></code> parameter has disabled comments."". Details: ""[{'message': 'The video identified by the <code><a href=""/youtube/v3/docs/commentThreads/list#videoId"">videoId</a></code> parameter has disabled comments.', 'domain': 'youtube.commentThread', 'reason': 'commentsDisabled', 'location': 'videoId', 'locationType': 'parameter'}]"">"
7aV8kHMS5yw,ok,12,
E7hwoDHfU28,ok,55,
qsnbJZQAD-k,ok,251,
mhXGbNx63vk,ok,11,
kZeVIJqW1ts,http_error,0,"<HttpError 403 when requesting https://youtube.googleapis.com/youtube/v3/commentThreads?part=snippet&videoId=kZeVIJqW1ts&maxResults=100&textFormat=plainText&key=AIzaSyBYlD1YuyrGaWJ_YDEqMFOEYwzbBwegmaU&alt=json returned ""The video identified by the <code><a href=""/youtube/v3/docs/commentThreads/list#videoId"">videoId</a></code> parameter has disabled comments."". Details: ""[{'message': 'The video identified by the <code><a href=""/youtube/v3/docs/commentThreads/list#videoId"">videoId</a></code> parameter has disabled comments.', 'domain': 'youtube.commentThread', 'reason': 'commentsDisabled', 'location': 'videoId', 'locationType': 'parameter'}]"">"
n5UribH66-Q,ok,12,
oD50pUZFEbo,ok,114,
nIYFaYrTY-c,ok,16,
amtBUvkweEA,ok,252,
sLapoMlHOeY,ok,131,
2BUSGopaejM,ok,10,
bsxJVgb6Kls,ok,105,
YL5mJAGGsjY,ok,13,
fPE9ujLIAkI,ok,10,
Fq0jpQrTEFs,ok,11,
0jBhEPtC0fk,ok,15,
ytDCS6cwgX4,ok,24,
uq-deRtvedI,ok,60,
nT1MYWOFgJo,ok,42,
pMgqSJP9dN8,ok,45,
YXtXr0mX-ZU,http_error,0,"<HttpError 403 when requesting https://youtube.googleapis.com/youtube/v3/commentThreads?part=snippet&videoId=YXtXr0mX-ZU&maxResults=100&textFormat=plainText&key=AIzaSyBYlD1YuyrGaWJ_YDEqMFOEYwzbBwegmaU&alt=json returned ""The video identified by the <code><a href=""/youtube/v3/docs/commentThreads/list#videoId"">videoId</a></code> parameter has disabled comments."". Details: ""[{'message': 'The video identified by the <code><a href=""/youtube/v3/docs/commentThreads/list#videoId"">videoId</a></code> parameter has disabled comments.', 'domain': 'youtube.commentThread', 'reason': 'commentsDisabled', 'location': 'videoId', 'locationType': 'parameter'}]"">"
GRgqbsP_-uw,ok,69,
YbnS39GAcQo,ok,86,
VEgltjydwZ8,ok,70,
g3AU44HfpfE,ok,114,
do27uAjfKbg,ok,64,
Nh1QvWm0BrQ,ok,20,
dDKozwjlt-Q,ok,43,
SoI9-PP5Tmk,ok,45,
dzBj5rRmTv8,ok,15,
HLwvyD1MbSM,ok,42,
Tq6_7XyCyyI,ok,291,
wRa3sycERxA,ok,64,
UFNRxEmoMaw,ok,29,
1Bj-zXkVi68,ok,59,
YKufhUZRJ1E,ok,72,
44lbeIb6TjA,ok,26,
MMaWtHnyP04,ok,30,
VuJbzKpbIVk,ok,500,
vh8q8ySORFs,ok,145,
hHYe3O7_TUA,ok,38,
PYRFxrLt30A,ok,14,
JfiYXgy_ksA,ok,13,
OjuYFNR1aWo,ok,78,
YP-iH-7WRLI,ok,338,
2LkDU0iKaro,ok,28,
HDHbjYNBwXI,ok,481,
mawrdgeE1ig,ok,31,
RmXrwKydM9k,ok,500,
Efp1EiSwDO4,ok,31,
Kcq-FxK-GK0,ok,19,
wUpZ181ATfI,ok,22,
DnqNS6fThuY,ok,63,
cbtkoZUOR1A,ok,27,
JfeRLwlnuHo,ok,137,
x6oM9hQMjUY,ok,42,
PnBMdJ5KeHk,ok,35,
TiwcAjRuhoE,ok,36,
WrxJKj71c9o,ok,21,
jFl9kFms7nA,ok,56,
08xsHXDR2aI,ok,11,
Z6bxX3mcfJg,ok,73,
sgHHRVH0NFo,ok,288,
Y1kO-0Yo1R0,ok,26,
4R7mX6pChSA,ok,190,
_cPj3b9BDPI,ok,500,
6ZvQYH-d1To,ok,8,
hktbamn2jX4,ok,34,
M9SW1EhUTsM,ok,61,
u6m2rwNfkrU,ok,28,
V3Cav6WhwZc,ok,79,
WicBE2Uwz0A,ok,179,
1GRt0j698T4,ok,35,
vNCVrtwrAWg,ok,29,
RsXLT2z3X8g,ok,109,
cYW8ntaw_v8,ok,9,
PkGCtSkbnjQ,ok,16,
8jkFNm8lKOs,ok,49,
VDP27kIe7-s,ok,311,
I-B_Oa6_eNU,ok,97,
fl89SKJoH00,ok,12,
HsmOJ4Xbfp4,ok,67,
RAh0Q3XsB6w,ok,19,
jx4q82a6jHc,ok,36,
G37VO1yeVEo,ok,43,
JpytM780stk,ok,46,
hTnJYRMixKs,ok,137,
IMC8jmEXHfk,ok,53,
wLvGABoTV-s,ok,45,
P_8l1WAJ2Mw,ok,25,
CeUoS2T2hhc,ok,20,
mGeGLLsiy44,ok,85,
KNEGWrD08f8,ok,102,
6iqXH9RPK1w,ok,25,
tt0HOe7gf7I,ok,314,
sUv353ua7E8,ok,68,
Rcm9u9CdK10,ok,33,
MHZMQLDr-OA,ok,500,
yTcn-zE41pc,ok,4,
bB33OBc-U6A,ok,34,
kIFOiF9Q4VM,ok,31,
Fh4YXJ-cqus,ok,35,
QjpaJpMd5NU,ok,25,
1bB86TOKljk,ok,23,
v5OQeUwXlV4,ok,34,
HYnZy2Cx7UM,ok,80,
EjNV6JwlV2s,ok,386,
Hfejyq5nrvE,ok,19,
c_YLAhZpfMI,ok,20,
7GN10u6F9m0,ok,131,
2gOvQIMWbCY,ok,54,
g5j9XKkDo-w,ok,26,
LUaaGfCCfPE,ok,14,
DdlTvyQl5ws,http_error,0,"<HttpError 403 when requesting https://youtube.googleapis.com/youtube/v3/commentThreads?part=snippet&videoId=DdlTvyQl5ws&maxResults=100&textFormat=plainText&key=AIzaSyBYlD1YuyrGaWJ_YDEqMFOEYwzbBwegmaU&alt=json returned ""The video identified by the <code><a href=""/youtube/v3/docs/commentThreads/list#videoId"">videoId</a></code> parameter has disabled comments."". Details: ""[{'message': 'The video identified by the <code><a href=""/youtube/v3/docs/commentThreads/list#videoId"">videoId</a></code> parameter has disabled comments.', 'domain': 'youtube.commentThread', 'reason': 'commentsDisabled', 'location': 'videoId', 'locationType': 'parameter'}]"">"
af_ZpYOk7-Y,ok,4,
QpzykxnCtvM,ok,29,
qDFNgc8jsrc,ok,35,
XTlDS7ju_28,ok,51,
g3CvsPAF3_0,ok,79,
Vl6VhCAeEfQ,ok,500,
XgpdInYDs-U,ok,26,
DAEuBdObOok,ok,19,
69hJ9zN4t3g,ok,30,
WQGMS4gXEaM,http_error,0,"<HttpError 403 when requesting https://youtube.googleapis.com/youtube/v3/commentThreads?part=snippet&videoId=WQGMS4gXEaM&maxResults=100&textFormat=plainText&key=AIzaSyBYlD1YuyrGaWJ_YDEqMFOEYwzbBwegmaU&alt=json returned ""The video identified by the <code><a href=""/youtube/v3/docs/commentThreads/list#videoId"">videoId</a></code> parameter has disabled comments."". Details: ""[{'message': 'The video identified by the <code><a href=""/youtube/v3/docs/commentThreads/list#videoId"">videoId</a></code> parameter has disabled comments.', 'domain': 'youtube.commentThread', 'reason': 'commentsDisabled', 'location': 'videoId', 'locationType': 'parameter'}]"">"
5uTDzBwwyho,ok,41,
K6rSVoAakQ8,ok,16,
Dfe7gLe3pW0,ok,21,
EzSdf3VK9qc,ok,99,
X0DJah-4kAM,ok,60,
s9rCzZEZKnM,ok,59,
P9h6ci3eCUU,ok,32,
l5azMXvBfaw,ok,92,
B0bCvgvYFOg,ok,31,
VDZO45zPW9I,ok,52,
2y6GQcN9jVs,ok,47,
ZMs-gVbhNIY,ok,22,
q19SN1uQoHY,ok,62,
Fjbz-Rzmzxw,ok,51,
B3A8HfJ2_gY,ok,31,
HgenfWGtBow,ok,39,
dIYmzf21d1g,ok,236,
zZNhuRIGQZs,http_error,0,"<HttpError 403 when requesting https://youtube.googleapis.com/youtube/v3/commentThreads?part=snippet&videoId=zZNhuRIGQZs&maxResults=100&textFormat=plainText&key=AIzaSyBYlD1YuyrGaWJ_YDEqMFOEYwzbBwegmaU&alt=json returned ""The video identified by the <code><a href=""/youtube/v3/docs/commentThreads/list#videoId"">videoId</a></code> parameter has disabled comments."". Details: ""[{'message': 'The video identified by the <code><a href=""/youtube/v3/docs/commentThreads/list#videoId"">videoId</a></code> parameter has disabled comments.', 'domain': 'youtube.commentThread', 'reason': 'commentsDisabled', 'location': 'videoId', 'locationType': 'parameter'}]"">"
LSEuKa2cdzM,ok,33,
UtDllX_MTbw,ok,500,
MMROADcKEfg,ok,8,
VgM2SkfF2Fg,ok,68,
Yd95LBhuSOk,ok,500,
lKp7_MtPXZM,ok,115,
6bl5XZ8kOzI,ok,30,
hTbWPmYQzy8,ok,20,
mXDi_C0yb6A,ok,26,
543mYKKh1EE,ok,297,
MJd6Y50hfAM,ok,500,
gUMFNP7bnMI,ok,19,
fmc0Pk8A0T0,ok,23,
z7wk53Pt_0E,ok,46,
BH8dSEFxzjo,ok,43,
tWZmunAvlMM,ok,49,
XTHUcQuybEk,ok,50,
TsQZOTSteK8,ok,56,
UI6IKlHh-pQ,ok,80,
icr5ParmRwU,ok,27,
0xfJy96HJqo,ok,68,
uEztHu4NHrs,ok,500,
iKBPrJ-AKRs,ok,91,
SNHUu7YkNjA,ok,42,
Od4ZZ8vIFOY,ok,26,
_QrZvwNE510,ok,119,
2ShZKR5Uo2I,ok,107,
5m9AYbFqpQo,ok,14,
T-vVO3nRFzI,ok,204,
bM1LXa68oxc,ok,407,
mz_4QLvz2HM,ok,210,
4FT5RYuifwE,ok,86,
orD3vsEyGdA,ok,31,
DAkZpaYa4ZM,ok,25,
nBN9zG1JNPg,ok,116,
9m2wP2cArrY,ok,88,
qC1QlUr5mCE,ok,42,
Pj9QnO9rZkE,ok,153,
nCmlX23tmHg,ok,13,
SFpCQRZOxVE,ok,17,
PxE0TWcT-kA,ok,53,
OAzp-7yY0FQ,ok,46,
0Mi0miIN6tA,ok,40,
04PmEJaYKd0,ok,500,
QTau-xHsz80,ok,59,
AW3klebbNYY,ok,263,
L0L_D2VPXMU,ok,20,
HrCbXNRP7eg,ok,418,
b0Z9IpTVfUg,ok,212,
58rMMTJUp_U,ok,49,
nv9WwHpOKEg,ok,420,
DWZh9l8xUtY,ok,158,
zUKB7PcAB0I,ok,49,
kSnvSXDN3Dk,ok,79,
v4Y0FzwVMR8,ok,25,
D1m1SQIdMkk,ok,22,
9WeAOBUdqKM,ok,13,
y8NtMZ7VGmU,ok,463,
SjCrlJyFBiI,ok,167,
QQxsvUUNMmw,ok,31,
bkCpQk_K_jg,ok,143,
pOdIn86ZM1E,http_error,0,"<HttpError 403 when requesting https://youtube.googleapis.com/youtube/v3/commentThreads?part=snippet&videoId=pOdIn86ZM1E&maxResults=100&textFormat=plainText&key=AIzaSyBYlD1YuyrGaWJ_YDEqMFOEYwzbBwegmaU&alt=json returned ""The video identified by the <code><a href=""/youtube/v3/docs/commentThreads/list#videoId"">videoId</a></code> parameter has disabled comments."". Details: ""[{'message': 'The video identified by the <code><a href=""/youtube/v3/docs/commentThreads/list#videoId"">videoId</a></code> parameter has disabled comments.', 'domain': 'youtube.commentThread', 'reason': 'commentsDisabled', 'location': 'videoId', 'locationType': 'parameter'}]"">"
wtCogf-htV0,ok,12,
a_yYWpiC3t0,ok,61,
L61Kbo3y218,ok,368,
1Ws3w_ZOmhI,ok,500,
SCWFVd_FiAU,ok,47,
sxjzLv-DThs,ok,28,
p_9eJ3uSP00,ok,55,
qEJ4hkpQW8E,ok,500,
LUn8IjZKBPg,ok,113,
T4Rvj_bBxiA,ok,23,
7c_X-opfRrQ,ok,27,
9_O7qXqrMfE,ok,42,
0_M_syPuFos,ok,387,
gHvXr6NuqYQ,ok,20,
UXlPKKg4Md0,ok,94,
wpysFja4zyQ,ok,69,
Oo2upU6ny-I,ok,64,
4wtz1AP3y_o,ok,17,
hwSNbMW6XGY,ok,55,
sgFq4ty8wSI,ok,28,
KKNCiRWd_j0,ok,500,
8efxcrjdffg,ok,233,
QOCZYRXL0AQ,ok,295,
Vuu6Bhq7TSE,ok,15,
54AYOd5S7uo,ok,52,
0juLRi90kRg,ok,500,
jhOyN59wZKI,ok,14,
hn5gytOCVgE,ok,113,
b_boPcOY-FA,ok,31,
4o-S4VIg8Ys,ok,14,
Xj_VDOZjds8,ok,34,
Gdi7uN-DQYo,ok,53,
_uUskajC1Ps,ok,23,
Im_ghczQEPw,ok,40,
7luxzKUOgiY,ok,27,
9TFi9Zo4FJc,ok,56,
fa7uN2vo6rc,ok,500,
alYBnyxMuPk,ok,60,
x4Yhi7ggins,ok,18,
IRgTGD_X30o,ok,15,
7ZVu5N4gOgY,ok,40,
bUmHABnk9FY,ok,500,
YwgCbwYd2Ik,ok,23,
qxgE0q1_m6U,ok,500,
cUdl-Cp-LWw,ok,260,
hbkCgWlfe0k,ok,91,
JNG3wwLqRok,ok,12,
dxA6D4dJWn8,ok,54,
wXODvu8UfXc,http_error,0,"<HttpError 403 when requesting https://youtube.googleapis.com/youtube/v3/commentThreads?part=snippet&videoId=wXODvu8UfXc&maxResults=100&textFormat=plainText&key=AIzaSyBYlD1YuyrGaWJ_YDEqMFOEYwzbBwegmaU&alt=json returned ""The video identified by the <code><a href=""/youtube/v3/docs/commentThreads/list#videoId"">videoId</a></code> parameter has disabled comments."". Details: ""[{'message': 'The video identified by the <code><a href=""/youtube/v3/docs/commentThreads/list#videoId"">videoId</a></code> parameter has disabled comments.', 'domain': 'youtube.commentThread', 'reason': 'commentsDisabled', 'location': 'videoId', 'locationType': 'parameter'}]"">"
LbZC0DjnhGs,ok,20,
DbQjrA9VPjY,ok,83,
IRTODSbwHZc,ok,19,
akNqFXCVPwU,ok,25,
spwXNUFHhAg,http_error,0,"<HttpError 403 when requesting https://youtube.googleapis.com/youtube/v3/commentThreads?part=snippet&videoId=spwXNUFHhAg&maxResults=100&textFormat=plainText&key=AIzaSyBYlD1YuyrGaWJ_YDEqMFOEYwzbBwegmaU&alt=json returned ""The video identified by the <code><a href=""/youtube/v3/docs/commentThreads/list#videoId"">videoId</a></code> parameter has disabled comments."". Details: ""[{'message': 'The video identified by the <code><a href=""/youtube/v3/docs/commentThreads/list#videoId"">videoId</a></code> parameter has disabled comments.', 'domain': 'youtube.commentThread', 'reason': 'commentsDisabled', 'location': 'videoId', 'locationType': 'parameter'}]"">"
Y8tqH6MnJUU,ok,12,
Q5bBccodkEw,ok,101,
8qojNkkvzSQ,ok,110,
Q69o7mr-0S4,ok,32,
syxEMoU8KWg,ok,9,
ngk7VVyveu8,ok,32,
FzhI2D_kaCY,ok,31,
rKj1CN9Ttok,ok,12,
5z_krRwSyt8,ok,148,
P7slA-LkA3s,ok,6,
QIr_eNVtJ58,ok,17,
zJcYAqNfgtA,ok,60,
vmxHUiiHgNk,ok,42,
fGIiyQdOuPc,ok,19,
xZT8cNQCq2s,ok,43,
WXosPmTQq4o,ok,64,
qW9Hc3xcTpk,ok,18,
DL8_WHr9COs,ok,31,
TkpyR9VBwTs,ok,50,
H6MVJm9ElMA,ok,78,
iyabl4dlxbY,ok,98,
4obNozIkugU,ok,10,
g2pVB9Ci5pI,ok,60,
kFDaG9pAA1w,ok,14,
48AB70FSz7g,ok,6,
IGi948nVqlU,ok,14,
IIT29JDuMXs,ok,50,
MjpO66YdP2s,ok,48,
r_ay_4TBi-Q,ok,22,
qaE194b_Dk8,ok,51,
n6ql90yGWt0,ok,213,
30a4OlkenNU,ok,16,
8cAA9z-xs5o,ok,7,
mJy_wVSKwwA,ok,138,
EwWlzzns5q8,ok,17,
hc_4OgS9vWQ,ok,4,
5knT5m2Kmrc,ok,161,
rcQ9fHK0PMI,ok,22,
Fh5zMqbHC0U,ok,52,
d2om_PGtwWY,ok,32,
JJPfmH5r99k,ok,87,
eHJnEHyyN1Y,ok,500,
hMutHPLkUYM,ok,171,
5VMqDfuU8QM,ok,72,
6djPLVa9aQ4,ok,29,
nfRxGGl6wOU,ok,37,
CWEWBgVwFc8,ok,44,
coAopEn8Fn4,ok,76,
A3WrAEm3PXU,ok,32,
p9-39oGccqc,ok,44,
X6Wgd4v_yW8,ok,186,
OuVqGrko56s,ok,28,
LPW5Zx3ntZo,ok,41,
9C7jAAxWnqA,ok,41,
UjGMiChiUFc,ok,433,
BiuCP0QFg5k,ok,80,
icQS5_mOx7U,ok,103,
2tOWLPm4ov4,ok,15,
5xBpkc7-w3A,ok,216,
MA-uwhr50FU,ok,44,
ku1ht_ZAU-w,ok,64,
L-FTI14OVrg,ok,349,
-QkDwqktaVk,ok,93,
dJHvcicWCis,ok,30,
647itg-A_aw,ok,38,
CpaWSRLCx44,ok,500,
I1ouTj1BQec,ok,80,
kCudFI4tcpg,ok,85,
WaE2IlpO4vQ,ok,42,
XqRMV8ICMiM,ok,48,
3DdSiJB8Bo0,http_error,0,"<HttpError 403 when requesting https://youtube.googleapis.com/youtube/v3/commentThreads?part=snippet&videoId=3DdSiJB8Bo0&maxResults=100&textFormat=plainText&key=AIzaSyBYlD1YuyrGaWJ_YDEqMFOEYwzbBwegmaU&alt=json returned ""The video identified by the <code><a href=""/youtube/v3/docs/commentThreads/list#videoId"">videoId</a></code> parameter has disabled comments."". Details: ""[{'message': 'The video identified by the <code><a href=""/youtube/v3/docs/commentThreads/list#videoId"">videoId</a></code> parameter has disabled comments.', 'domain': 'youtube.commentThread', 'reason': 'commentsDisabled', 'location': 'videoId', 'locationType': 'parameter'}]"">"
HYkMo0hi-Yw,ok,88,
AxxMiihvKgg,ok,113,
SR5BYiwJZfw,ok,26,
v9f6twy70iM,ok,500,
QoQUfVEp-d0,ok,174,
Hnjr7o-HNx8,ok,141,
qjGmzBp2fFk,ok,73,
x92AnU6MUr0,ok,38,
G5UT0K_NEig,ok,38,
870tYRNh86o,ok,93,
rQEh7d-qa38,ok,470,
YdTKcdyIYkA,ok,56,
AJGrdtKT3LM,ok,292,
LrtlmbkvvEs,ok,59,
3MwMII8n1qM,ok,285,
oF7UMeVQxHk,ok,58,
ll5LY7wI_Xc,ok,129,
VFRzeYCk8MI,ok,39,
kMUdrUP-QCs,ok,202,
o8Hg5TtT-OQ,ok,36,
2ohQatXCS2Y,ok,24,
TiyBdAvnLCw,ok,93,
zIXuLsXwsWs,ok,62,
bwEIqjU2qgk,ok,143,
s_gjrvhPKt0,ok,38,
Wwje8jDjm5Q,ok,34,
HJtbtEn0-uk,ok,51,
HWj54Wt7uY4,ok,49,
k_Xr0oGW_h4,ok,68,
oIAQcvewgTg,ok,54,
fojPLOE150c,ok,409,
SEkGLj0bwAU,ok,500,
BJtmffAQdlo,ok,66,
xyaf_GmVNzo,ok,27,
3Z1wAag8z54,ok,50,
jN-Atdqqpgw,ok,71,
iYDVJTPwGHE,ok,42,
neipUPkQZBA,ok,30,
T8jz74FTUNU,ok,22,
D2o7e4_IVbs,ok,144,
WX_vN1QYgmE,ok,213,
tWIMlXFk0bs,ok,44,
QO3nY_u6hos,ok,76,
n3eROozZg10,ok,28,
eXdVDhOGqoE,ok,500,
Rr7iEH3eeQo,ok,36,
xUNx_PxNHrY,ok,270,
hUPrUJ4F_Ro,ok,77,
fLMZAHyrpyo,ok,443,
f4m65_6sifs,ok,27,
oQ7x0OJEPNM,ok,73,
CEHKGV9qotM,ok,32,
P6FORpg0KVo,ok,500,
w7n1oYtMdEY,ok,23,
XezfOVE9RFM,ok,56,
lpCPRE3oSTE,ok,190,
H8kr_V3fEGA,ok,56,
WCmeOccXRq8,ok,116,
HEkmWdapz4c,ok,29,
rXxUCeRVma4,ok,56,
tPlQGy-9hSI,ok,53,
RB0zvhRZu-0,ok,85,
NRv7r5aKgOc,ok,58,
WMtyJw4NED8,ok,63,
l4Lq7gaKW4A,ok,500,
B8dBA3klR0o,ok,41,
hIhgaSwVwh8,ok,27,
McX2ZovIrCg,ok,27,
zgtD2Cerots,ok,40,
wQmBsbt9blg,ok,500,
xnPaaxytfGs,ok,41,
e1AibqnDvEk,ok,50,
yRWf28j7yVQ,ok,42,
xzSpuLJoEes,ok,36,
PImDVT8fb-I,ok,500,
7vtlMRV1sxY,ok,55,
7_3XJhFBvEk,ok,69,
n0J1zCHURsQ,ok,44,
h1yJYnCbNHM,ok,314,
Soi0bcUU05k,ok,30,
HANo__Z8K6s,ok,500,
b7eMnAn_WhI,ok,40,
JFjv971_NZM,ok,247,
Kl3VVrggKz4,ok,227,
Bh8dnw67rE0,ok,105,
l0hVIH3EnlQ,ok,87,
RNhbqQefPSg,ok,137,
9AYyd8bAwzY,ok,42,
RX8jJ9dfMuQ,ok,42,
YOHpH4ZExWQ,ok,27,
k7P9v9NB7fU,ok,83,
dz7ccdJ1JfU,ok,117,
ZgfgOIaoWiA,ok,178,
07biEb3rCa0,ok,86,
PHpPtdk9rco,ok,500,
cCGoITBH2IU,ok,23,
3VEkzweBJPM,ok,500,
WgR6mUSsEig,ok,89,
gY5GA_L9NXM,ok,60,
41fjuqBaUt4,ok,219,
AA4N5ZFefqs,ok,146,
5SpaXqAQ4Wo,ok,489,
r2_VWdjxchY,ok,80,
oCgewIIKbSA,ok,33,
eZsVDMsBTCQ,ok,44,
mvRoOyY40yI,ok,18,
MeSJjSJB8hs,ok,37,
IPvR43dRmRY,ok,115,
nEtATZePGmg,ok,39,
iz7diOuaTos,ok,94,
Vue9SlKTaTg,ok,24,
24wBKuU2rfE,ok,33,
b2tcLJWNTWM,ok,45,
8MyHLz6Spoc,ok,72,
nh4N5GBB390,ok,26,
XqUOgqlZ8bc,ok,500,
Yilgr2SJ3xQ,ok,500,
uW7ydy0z0CU,ok,14,
Ay92O1lUfqI,http_error,0,"<HttpError 403 when requesting https://youtube.googleapis.com/youtube/v3/commentThreads?part=snippet&videoId=Ay92O1lUfqI&maxResults=100&textFormat=plainText&key=AIzaSyBYlD1YuyrGaWJ_YDEqMFOEYwzbBwegmaU&alt=json returned ""The video identified by the <code><a href=""/youtube/v3/docs/commentThreads/list#videoId"">videoId</a></code> parameter has disabled comments."". Details: ""[{'message': 'The video identified by the <code><a href=""/youtube/v3/docs/commentThreads/list#videoId"">videoId</a></code> parameter has disabled comments.', 'domain': 'youtube.commentThread', 'reason': 'commentsDisabled', 'location': 'videoId', 'locationType': 'parameter'}]"">"
uA70ZGCC1f4,ok,65,
vi1Cun6mnVM,ok,68,
-RgMCwptj3k,ok,23,
QxB3b7fxMEA,ok,500,
EumE_9qkXI8,ok,86,
xgZC6da4mco,ok,500,
cEG0Tp-iLuo,ok,140,
kioUmpJQbKM,ok,60,
RkoaaVo_RgU,ok,68,
gyCxZaBboDU,ok,40,
8BkSaau8axA,ok,45,
jxy4j0OndPM,ok,36,
vvIP7vabO4c,ok,27,
Tt0arZN6EBM,ok,110,
0VP-CjYHqJA,ok,18,
M66jkJMH3DI,ok,49,
qcmNFKr-Qyk,ok,39,
8cF442d-EdQ,ok,219,
FvchLmGiXfY,ok,104,
PJkoLzVNAEY,ok,48,
T8qVFOK_rK8,ok,43,
jLkRvdPliaE,ok,53,
wvjN4wgYoEM,ok,23,
Yd0yQ9yxSYY,ok,500,
EpipswT-LuE,ok,407,
4IJHuTMLa7E,ok,34,
IkeuKPZxEhM,ok,313,
zVL22EELNng,ok,31,
vxfJITPO8Gg,ok,32,
U-BHz_UIOfs,ok,21,
8eYoUNEkijk,ok,47,
sbZWB2nAEAE,ok,146,
ZkWJem3LY5E,ok,417,
WFP9IbXYM1k,ok,35,
eLsDBcYlNmM,ok,22,
vBSP-wcXCB0,ok,57,
zy2Zj8yIe6c,ok,500,
1vVjAToGSaA,ok,30,
x5mAqRx62rk,ok,121,
pdh3KbiREHM,ok,16,
mAlRNptHUJQ,ok,20,
fXsOlAYvgh0,ok,192,
zeVGax3IIwM,ok,21,
2FFS-RCaXNQ,ok,99,
uiUPD-z9DTg,ok,500,
HFj1eFjUn6g,ok,36,
cMOD8LBxaT0,ok,57,
KAiWdme6EEM,ok,64,
lqEgwEouTq4,ok,39,
YYRI164Y-_M,ok,55,
VAQMsprq-Ps,ok,30,
irXSdueKyOs,ok,126,
qm2lkWEdYpU,ok,47,
RxrB7PDLJ18,ok,341,
_kmIxf5-nQ4,ok,20,
JSiRpwZbZ7Q,ok,12,
zeIHr7z9XLY,ok,21,
n3WGhXKP8So,ok,73,
V7pf3oT2_dE,ok,59,
kz7zkSaPN5A,ok,40,
k5jEkTm5GIU,ok,71,
dnB48oQ9YTU,ok,21,
N9qU9XiU9jY,ok,20,
2cKZM8lT-qo,ok,81,
RjA-JZY3nok,ok,29,
ZPz_-wAulMU,ok,61,
6483lpvZRJ4,ok,61,
rAhyvSk9cF0,ok,32,
vF9DO3omps8,ok,18,
SHSmo72oVao,ok,179,
XbLDeWYBZw4,ok,95,
Iqy6Js-m9P8,ok,18,
5jnPjkdBlUE,ok,88,
z_ca983qJcI,ok,204,
kxpPWHvaf0I,ok,33,
gub38Cd4E0g,ok,500,
JL5OFXeXenA,ok,261,
DXJacYBF_HY,ok,9,
P5Tq1MK0ad8,ok,31,
StzBIF5ahKM,ok,41,
GTG9Ue8JWZI,ok,14,
gMsQO5u7-NQ,ok,500,
uDO0POqZEU8,ok,42,
9Uum6DrvcMM,ok,38,
Nnm1njnBvDA,ok,135,
gKI0ZA5lSNw,ok,46,
XyJI44ejyig,ok,18,
nYZSPUi-lgE,ok,81,
MyD0m7JXgjA,ok,500,
ZYY4rE7z-sM,ok,15,
hJP5GqnTrNo,ok,500,
8VVRqBUNx-g,ok,22,
SvBR0OGT5VI,ok,431,
uH9r3lJmyaM,ok,7,
3Ihvjo8oh9k,ok,34,
9HOPw9yM9pc,ok,500,
9-W8DlzTPzw,ok,14,
JIzrnfQljlQ,ok,31,
qrVHoobmZLw,ok,44,
lO2A4g9tMJU,ok,40,
rtVs7OCUWU0,ok,10,
7zC8-06198g,ok,500,
C_78DM8fG6E,ok,500,
2joQPNtxW9s,ok,90,
RoyHvfJowZI,ok,41,
_k-kxGCOI9U,ok,87,
wl6DvCBUnfI,ok,88,
s5uD0GqsOxg,ok,47,
wLszqfNPNBo,ok,53,
tjwddAHVZJ0,ok,39,
RIpz9GiEAyc,ok,48,
hmXvSU1yF3M,ok,0,
OxXXEsx6KWc,ok,0,
J0KAukq0zIU,ok,0,
t4ZCD49ipdc,ok,1,
VI7ZeR1e-6k,ok,0,
OQHsiwO70Pk,ok,0,
auLRSabz4zM,ok,0,
LrvzxwwZAxM,ok,0,
qfPpFU4g3Gg,ok,0,
sysTpqev4nc,ok,0,
TywB8pZqCb4,ok,0,
L_y7MSAyQ3E,ok,0,
ajZtcG2OlhI,ok,12,
5RVE33iGLuU,ok,63,
40TumEHQk8A,ok,16,
TjNZhdEvVvo,ok,62,
LAtrY7N9jSY,ok,46,
EAU5D8hqIUI,ok,234,
fLspOxTI4cU,ok,0,
8_mkyYj-pLc,ok,0,
UZm6qCM3cxo,ok,0,
u0cL2d-lO-s,ok,0,
jdLhcYHbaxw,ok,0,
6_hAXiwPPm8,ok,0,
4zy2qfHsJAo,ok,0,
mmMwiNkH7O4,ok,9,
m_sWy_kdfDo,ok,22,
UI6kObHls-4,ok,100,
ozMCb0wOnMU,ok,144,
1FNYQrVfCE8,ok,27,
EFvjIOuyFr0,ok,0,
UA_7kHD2rV8,ok,0,
GsnUA2hQUqY,ok,0,
i1bKR7PeBAE,ok,0,
jfS4ZDaO0rQ,ok,0,
bDdmZBOuWSs,ok,0,
zYgtwv2D8z8,ok,0,
GwXlTbumJhY,ok,0,
Nkr18rN6bNo,ok,0,
AXBAYuZObQ4,ok,0,
H795zSIhAqA,ok,0,
6IQ6zD2pEL8,ok,0,
AR9UY1pjl1o,ok,0,
OIcQOfN1qak,ok,60,
rE1GwQjgsn0,ok,38,
8HgUHW8IoMc,ok,76,
yoEFO-IC70U,ok,17,
lPTae-gY1iA,ok,0,
85y3qUaG5uM,ok,0,
LkWdKZJRlMc,ok,0,
KEmJXHOFdJs,ok,0,
Bh0SRbihohY,ok,0,
p-bSW0KQco4,ok,0,
lW9AABm6UtU,ok,0,
CsLLKplW8Co,ok,0,
sZIqBRCkxZI,ok,0,
YaeNtZY-FMM,ok,0,
Y16-scIXIBM,ok,0,
DmXobs156Zo,ok,0,
q20tK6vxPxI,ok,0,
5nWtW4NlCBY,ok,0,
ZUsZ5t1Jnxc,ok,4,
ke6XCMpGK64,ok,26,
T4CB5RPbtCk,ok,101,
Ogvn5YkWSic,ok,8,
0Txh_U_Ij4E,ok,1,
wyHByETc8tc,ok,0,
n-MCDRUk2hA,ok,0,
3g83v5aqhA4,ok,0,
gFEY9MU5utc,ok,0,
Zi1AQ4u4LaM,ok,0,
l6KxYA1EjbQ,ok,0,
7aeXCIirnzg,ok,0,
Lvw7158xyJg,ok,0,
jMNjHZ_5_-4,ok,0,
T4pinT6Cnas,ok,1,
E18xED0K9lk,ok,0,
XCT41A0r3K4,ok,0,
ntj7X8SqSl8,ok,0,
mSLRtzVkK-w,ok,0,
WqGNZmUoK-8,ok,83,
7HKOwDtsuWk,ok,35,
qVjm9YpZf-c,ok,0,
NO0RF3FNQBU,ok,0,
9JUtai1aFc8,ok,0,
IPSGrREzG-w,ok,0,
euoddu_Uqac,ok,0,
g8fu3XdIEVA,ok,0,
8iHUfLe1z-M,ok,1,
lEZnkB-5Rns,ok,0,
8NYnJ8JAnM4,ok,0,
NlBjAYFEVOA,ok,0,
qVTUaeul2xE,ok,0,
slqTUB0_2OE,ok,0,
Hlgi_ndLV7o,ok,0,
maiUkj7SPfM,ok,0,
83VoqMcYvNg,ok,0,
95-WNXDeqZQ,ok,1,
ZcFeLakFrYo,ok,1,
4DXuqjTRk24,ok,32,
xEut3UavWfk,ok,20,
FQQE3rB8Uc0,ok,100,
tlhask6WrMc,ok,48,
FpiWSFcL3-c,ok,335,
xFHIAwdI72Y,ok,27,
Rm-z9wiEGj0,ok,19,
gdJwW-NhObU,ok,56,
TOUqiVIuPo0,ok,56,
Ypl5-e-azM8,ok,22,
UXElAVBiXXs,ok,36,
n16B_4eMzSY,ok,12,
4SCrXqbhmCY,ok,55,
A0DOlruXVaM,ok,25,
cQMzai42Yfg,ok,14,
g9VFlXF47f0,ok,20,
CkFnqGHZ5tA,ok,109,
UVOnUz2BCrA,ok,227,
zXRjpcRc6Rs,ok,49,
8goi3AD4RWo,ok,18,
n-l6qRaT35s,ok,58,
KOd--5enQsQ,ok,19,
bIBNebXhNuU,ok,36,
-W4m3s_uffg,ok,29,
6pGC4j0d1Fc,ok,44,
0OuURF5_5Pw,ok,23,
LPCROTE5l4Q,ok,14,
Rw7TWQ-Rt2Q,ok,58,
6DRMrFMNXCc,ok,59,
eYoSlybh9vM,ok,19,
tB5J9qgM2zI,ok,59,
B4poxMTL5nw,ok,31,
T6WSy0FdBdU,ok,220,
7tSP1M052Sg,ok,21,
NSJKi4eWO8s,ok,24,
UcEBm6mgrT0,ok,52,
RLESBHduKBs,ok,41,
oYsDNpi_qPQ,ok,71,
4BZHlsdSwm4,ok,19,
mshEFTm3beM,ok,52,
oITW0XsZd3o,ok,54,
OdimNCq798g,ok,14,
8ptow8qPeMk,ok,53,
xA9IPCBt-vM,ok,18,
SCTBLRtnt1s,ok,21,
ej-jE2o1wjQ,ok,21,
u3Qv6jAJt5w,ok,18,
YY6LCOJbve8,ok,390,
_rpPyQkjc3I,ok,71,
e9qltRsRUcs,ok,30,
rfmDJzBorE0,ok,71,
7hKJg8UhKIE,ok,6,
-k0p-DYYZKU,ok,96,
0YT3feUhR44,ok,122,
wL8X31XWZW8,ok,393,
EujbMAZUiXw,ok,8,
DqwzKPZK8AU,ok,34,
aWWv4maNWNA,ok,5,
yJ1uGfCWIt0,ok,55,
n1fL-EdTsTI,ok,29,
9xwn-aEtKNk,ok,9,
yLxfPG_Ay_0,ok,90,
M6aq2SH-xVo,ok,147,
yB9d-UdnQBU,ok,15,
uCk3nRviOHw,ok,58,
qN8vzlcYAE8,ok,34,
EBWXaO56KmU,ok,59,
C8YA1l3Yv-U,ok,20,
lKJEX-mrowo,ok,57,
SK3z5H_Rfr0,ok,179,
A9LhWzPzh38,ok,28,
NcKLNP8x_QA,ok,71,
QWPWgaDqbZI,ok,19,
X1RBhX1esq8,ok,0,
BEBKC7Hqfr0,ok,55,
PuCOipexTsw,ok,2,
BGiI34k4gzQ,ok,68,
aql70BO1Yao,ok,121,
YIgv0KMzjvk,ok,15,
IStsehNAOL8,ok,389,
9mfir8F2lpE,ok,28,
JrNflnZCPzI,ok,14,
tHbUxeDEjUQ,ok,34,
NA_u3MVvvWM,ok,21,
kqItMybTKTo,ok,194,
GRKIRE45JO0,ok,68,
kADwVHIP8zs,ok,187,
_IfgmR5imNs,ok,83,
yFlC6pV9_ok,ok,67,
F9XB29JfKYo,ok,58,
61yMFm40lIA,ok,45,
8WmrJTyWydw,ok,58,
OE7d4JNRYp0,ok,23,
iYd60LgRCro,ok,29,
UGdLvGbpehQ,ok,26,
FtsthcgCInk,ok,37,
g7LICU-v_TM,ok,32,
IGIT-vENgaQ,ok,57,
WTi9lvALmGc,ok,17,
LDVyOnf0t9M,ok,500,
WrNmzPkPyVk,ok,50,
3x3X6HELtog,ok,76,
SixQ6cTzYaI,ok,22,
T7WcwE0q8UQ,ok,67,
hVyYilPj5Sc,ok,30,
B5Qo7oihpgM,ok,24,
7HXdY8OP17E,ok,76,
eucTQXM4ymE,ok,90,
0wcVyNdZMO8,ok,32,
rwigf0C6zxM,ok,48,
pVZzgzYZdCA,ok,36,
RqAOrr_FPxo,ok,172,
tZ7ySrDVqOs,ok,80,
uh3aQ_vCs6U,ok,38,
MVqgZYpCv98,ok,42,
lRx8ocxmmDI,ok,25,
5mMtAWzcWGE,ok,31,
FlqTGJ_T0MM,ok,17,
Cz9w0sx-_rs,ok,49,
gjWPw3NHbvA,ok,42,
Mz_B2h3CCXo,ok,16,
80LCWXh4FfM,ok,47,
hBJo_qRDnw8,ok,78,
DA3s9ToFlJY,ok,7,
anE2XRcnNk0,ok,27,
xD1ElRT-Sb0,ok,48,
w19lJjCASJg,ok,66,
MTW3U-O1nZo,ok,252,
Cxm1JbeG2tI,ok,83,
ZAa-0zcaP_0,ok,16,
H6DnmEFrIos,ok,70,
ucEZ9KOqOqs,ok,37,
DzApFih15oE,ok,36,
10-WxVnT014,ok,31,
uRd-zJerMMk,ok,2,
6eq2Krwl0HM,ok,0,
uzeUQh4tLqo,ok,1,
kuTjB86F3Zw,ok,0,
QmaZiQ174LM,ok,2,
xALa5d60mQI,ok,0,
Fc6ZtpN7vVU,ok,0,
OpbP03R07RM,ok,0,
C0XU4RsN6q0,ok,0,
pkgeRTX8UA8,ok,0,
CY6T0bGoWbo,ok,0,
TnvIusNXu1M,ok,0,
QqNLHp5C5dQ,ok,0,
FDC6LKQrFyA,ok,3,
eDPmvxtbC10,ok,22,
SgTPyXGw158,ok,9,
BT7Bvx1_pWU,ok,0,
EeHVgbQQQVg,ok,0,
znZ6TgU_7-M,ok,0,
h-7HrQr4UOo,ok,0,
ys1WVLQRH-U,ok,0,
XbFu88vSMeM,ok,0,
nWi6wXTA_kU,ok,0,
GMO8H1aHZ_0,ok,0,
peKDUQ4KYio,ok,0,
0NzaBF9wqhg,ok,2,
WwOWQDqjovc,ok,0,
0qklZNOeQK8,ok,2,
GEbAdfoiLlA,ok,43,
uKzmhuqGbw0,ok,47,
j94q-jjVpaY,ok,94,
FaLBcSMVVuU,ok,30,
BxsFq2iNsyU,ok,82,
jKjSr12d-GQ,ok,66,
aooScY6qr20,ok,56,
QUMR2sIMUEM,ok,12,
jRJ7S2-9Hkw,ok,34,
SThQy3S1hnk,ok,33,
lOEJOv-jeLY,ok,64,
71aysTMMNw4,ok,92,
4BFL4MCnZg8,ok,36,
pXesBkHNLvw,ok,41,
JH_Pa1hOEVc,ok,47,
zihlv2nHEAw,ok,78,
fQUeDdaVoWo,ok,500,
7INMrxpc7nw,ok,155,
bwcyXcOpWVs,ok,198,
SxK5qD8sNL4,ok,80,
P6jll4ALcYk,ok,47,
AbQN95L08xM,ok,46,
UhssmfRXYZI,ok,66,
fpkjwHsszlE,http_error,0,"<HttpError 403 when requesting https://youtube.googleapis.com/youtube/v3/commentThreads?part=snippet&videoId=fpkjwHsszlE&maxResults=100&textFormat=plainText&key=AIzaSyBYlD1YuyrGaWJ_YDEqMFOEYwzbBwegmaU&alt=json returned ""The video identified by the <code><a href=""/youtube/v3/docs/commentThreads/list#videoId"">videoId</a></code> parameter has disabled comments."". Details: ""[{'message': 'The video identified by the <code><a href=""/youtube/v3/docs/commentThreads/list#videoId"">videoId</a></code> parameter has disabled comments.', 'domain': 'youtube.commentThread', 'reason': 'commentsDisabled', 'location': 'videoId', 'locationType': 'parameter'}]"">"
8aDd_qZZzNc,ok,27,
dtfaccGmCCs,ok,434,
9E1SLTvngEw,ok,17,
XdqV66m7Los,ok,143,
YV4pZ7ma1iE,ok,28,
8GxhiuN_bY0,ok,48,
1VA4rIkpSp8,ok,43,
VsIufTx84jI,ok,63,
MUC4eNL2RMA,ok,40,
cNyH_RBpt7s,ok,70,
reUZRyXxUs4,ok,363,
tUILSTtWF2g,ok,63,
_X834O9MaCM,ok,146,
tN_6CA9nl9M,ok,48,
_pEljpACtJw,ok,8,
NuhIzO57HVk,ok,260,
aXPz0GIERow,ok,129,
E6MDczqIiNQ,ok,35,
g-VIRvqsA9w,ok,128,
Q2CoN2ZMFHM,ok,26,
3NFTa9kTVRU,ok,39,
3CFyHtObLXk,ok,103,
ijwXpNoFTNQ,ok,61,
EQQqGlFL_is,ok,40,
igwefSU5aDs,ok,38,
1KawZ3mkTKM,ok,46,
HFKmpyf9ucQ,ok,19,
Zhtl4Ava1fQ,ok,23,
ddJvVf1eqwM,ok,38,
O0CsyfiQr34,ok,30,
PFs-bdbd18c,ok,23,
ZHhmi2bS0hU,ok,60,
iLc27nj8KrU,ok,221,
hVclObff6fc,ok,37,
H-vvS1zonI0,ok,77,
ESAaz9v4mSU,ok,382,
CrGpipgcfi4,ok,237,
oQ1FDFMdYjM,ok,78,
9OLxBvLvCoM,ok,361,
441nwncPN28,ok,163,
YddEiDSuOrY,ok,27,
OlgcaYAO5VM,ok,43,
5cbCYwgQkTE,ok,163,
j-rw3x8VZxA,ok,43,
abF_EfprTIE,ok,38,
9XGm_uHit5g,ok,287,
uEATpbQ9md4,ok,37,
KYK6Tfb0snQ,ok,109,
mYS2CcIdW1M,ok,57,
OYv1dIle47U,ok,136,
ABmRCdnVq3E,ok,161,
KuXvFAZZlZg,ok,51,
3RxBIu-cd_Y,ok,69,
SUDMIA23_5s,ok,51,
HtGGg7J5z-A,ok,118,
v6BmurUpiN0,ok,140,
za6dE5JrNB0,ok,500,
oST05EBK3aI,ok,34,
jjyghcrVoRo,ok,48,
PYXpQv2ITBg,ok,45,
19zJCO1VBj4,ok,60,
CaqaMwfYk_4,ok,47,
7x21HAC2gnA,ok,22,
w7DohVZS5Yo,ok,500,
V3olkIREPU4,ok,22,
lLBcszlV1xc,ok,22,
MSevAi_YarQ,ok,93,
zTStDvUtQWc,ok,119,
OcdumFcGdfU,ok,104,
8SJi0sHrEI4,ok,409,
FdbJHeqQh00,ok,66,
atQtlbO6D2Y,ok,115,
iMBJrvEwv8s,ok,500,
I-sKZBcLKP4,ok,45,
rE_SxmltgmA,ok,55,
WaKrPDso808,ok,76,
CzGu9bP07i0,ok,53,
aFR3-ERg9u8,ok,47,
h6pHoIT-CkM,ok,124,
Ix8Cz-veat4,ok,26,
WlItCBR45nY,ok,24,
Yukt7O1wDXc,ok,144,
BAswj8evFZk,ok,143,
bhb0P5GGpys,ok,272,
2ExxafHHdhM,ok,64,
GPz2hDvjkX4,ok,44,
EBQO5GegfPA,ok,59,
ICxYOe54Zx4,ok,81,
MgM8MGEikDY,ok,28,
r2gsj0EEE3I,ok,500,
2fY-iSzbls8,ok,127,
Li7PsYiwxVc,ok,500,
ZTg54BbjJfA,ok,39,
Z9zNFDR-OTU,ok,40,
VsOJR40M0as,ok,55,
H_rsxmtfKr0,ok,64,
CL_HC2PJnho,ok,44,
SiCvGQnweAg,ok,455,
tz-DaaAKriE,ok,89,
4w0eAxciEVY,ok,41,
JY-_GRi56KQ,ok,66,
x9Ezzxy0frA,ok,500,
oVTuJzDmyd4,ok,41,
DVO0KOHA614,ok,43,
dr1-fPkTxZM,ok,78,
sJa2wPfid-U,ok,32,
G-lWWxJPfFo,ok,118,
IBsSUVIwupQ,ok,185,
7Fiaew7nDmE,ok,287,
inf4-ZpqPMU,ok,26,
ktsuKyzihjU,ok,101,
tJtCcm7PUvA,ok,58,
yUCF2D0NQ70,ok,53,
dcsrHfPDP2M,ok,59,
MyVfUaXyyqo,ok,276,
2yXSQ1BmZFM,ok,221,
gKZBvEekxvo,ok,19,
O8duvJfrjss,ok,83,
XjK61Kkx1zI,ok,398,
1yQYySYN2io,ok,43,
4fHVTEVJjjc,ok,40,
7vqnazqmceQ,ok,500,
T2I4tus05hI,ok,131,
h5D3mv8ewCY,ok,500,
rWTwcySGvrE,ok,127,
NYJUgzZYaoo,ok,100,
G7VxEqJp3NQ,ok,44,
fCllxq6NZbk,ok,126,
UQbkSDbm4sw,ok,54,
oupHYHv_me0,ok,285,
A2ti4_lNPL8,ok,16,
36D2r45jABA,ok,57,
_8g8BnICrco,ok,51,
qSr39QPhBc4,ok,26,
3itrpciAF4I,ok,167,
lGkh7-xOb3I,ok,62,
YKK7KNiAD2k,ok,34,
r9lDDetKMi4,ok,217,
HBbBs1ohZtI,ok,50,
NBMTc71yrpk,ok,88,
rjpTBHjeZ_0,ok,95,
jZSsvUFlCag,ok,25,
oRUXsDwgEWA,ok,106,
0BSaphO1v-U,ok,305,
B5smctuV7-Q,ok,500,
FrqBWQ-mVEc,ok,176,
iIne-UO7wUo,ok,109,
5T2VRY0LECc,ok,24,
YRvf00NooN8,ok,500,
cdZZpaB2kDM,ok,500,
DJWGBoGmxJE,ok,111,
jsFAFsx9otw,ok,25,
wDmEPFO_hd0,ok,500,
zFJH9zUK2mo,ok,31,
JEMqetu-JCI,ok,160,
FG6NHP9nV3g,ok,89,
j4QlG5jKpio,ok,45,
dQYfflJ4V5Q,ok,50,
0G2U0R0hOCU,ok,152,
p-JeKjsRiVI,ok,27,
1Rr-pZoftho,ok,135,
pkMIsc_nhQo,ok,47,
bIw5ZLITSfo,ok,88,
ue40_irEXgk,ok,12,
zZEfiiCFEKQ,ok,169,
uXZVfNJ_EXY,ok,41,
vO5Rio_skIU,ok,55,
-dtwId4MO-E,ok,58,
4vYUfKGtJA8,ok,21,
fCpKG1QJC14,ok,45,
NkYk36wpk-4,ok,58,
dvxmn_6o8g0,ok,65,
G9UEBLcJIRc,ok,50,
1oDuK08hrrE,ok,36,
AnIyzhRX9IM,ok,41,
CD7iYdtrJfY,ok,38,
n4QRIKCebSI,ok,102,
Pw6R5n9SRng,ok,47,
NWQ8y3TksrQ,ok,83,
xJ9qRH2XLUQ,ok,21,
L5rE-Ur9pSI,ok,28,
cenxg8j-Rc0,ok,122,
ZwmUdFtYbzE,ok,23,
_VVAu8QsTu8,ok,37,
WHtmgv7eiZk,ok,61,
adJnm7Yopdo,ok,157,
I23D7REnuSk,ok,39,
k0Fx6igxRv8,ok,500,
NnWhFyFGt74,ok,25,
VTygRN3BqwM,ok,39,
lDB_1iyJ1iQ,ok,28,
D0f0mXRlYKk,ok,67,
EOMvzRZpIOI,ok,61,
8VcE5KWpc5A,ok,15,
wD2rhRUYUyA,ok,64,
AS0K0XOMNwA,ok,70,
9EBkS2kE7uk,ok,500,
60e6u_1TEIs,ok,172,
N0JtOnCnqaA,ok,38,
WxPGJhyFIZk,ok,53,
PveLQRApahs,ok,150,
y_EjCSz1aBo,ok,65,
xxhen1IlQ_E,ok,43,
fAIJAezZg1A,ok,20,
XNNuwvbR6aA,ok,76,
yQqthbvYE8M,ok,500,
uEOK3fk45Rg,ok,61,
h_lhfnTO7pI,ok,24,
xnZjtR9z1qA,ok,71,
kWyQNCOow7A,ok,13,
LvNWW_thRC4,ok,25,
eSwg04B81YM,ok,29,
dKmHLAKQ5PI,ok,26,
udhOs50aXts,ok,51,
p8ReF00JP5w,ok,95,
2LlcUwVcc3o,ok,31,
uDt1MhAQcLs,ok,21,
06jexFtDCXI,ok,80,
QL_pN4JtJKc,ok,46,
B8kyrIQCFXQ,ok,105,
ecGXP4G3Zs0,ok,56,
ItGGGN4jeYE,ok,46,
n5FnSNCAWjY,ok,29,
8itpqSocRT4,ok,413,
_liyBrL0LqY,ok,34,
hVRN1rKq2v8,ok,26,
9mAg3_A6ye8,ok,37,
hiWgbXibGSE,ok,12,
dCXCzbyvIR0,ok,128,
6nm8D0CkLZ4,ok,26,
uAU-1lSDTW8,ok,26,
TxwGZppT2WA,ok,22,
NJerBBTy074,ok,146,
sRoqDVgFgSw,ok,58,
Z0sHRaEhiAQ,ok,54,
tOurql_a-4g,ok,58,
-BR9P4E7liU,ok,33,
kZhmuc3L-YI,ok,73,
ZrdgSp-OVpM,ok,65,
ABHdTi1If0c,ok,79,
e5bRX5U1a_4,ok,19,
L7vXZ1BnTBI,ok,33,
pxeJxyCiOJo,ok,198,
eIRtcspIH4U,ok,50,
0jNhhrgczsc,ok,54,
uJKDipbCzdc,ok,56,
e9hocuNjMqU,ok,148,
H_xc8dvKDu4,ok,64,
AgR5Q_3HPvs,ok,44,
k-duWafgHsY,ok,45,
01Br0FbRZrg,ok,46,
-hRUwrRSSWE,ok,90,
KJW3sucsJGs,ok,43,
VWMXxbNXFEA,ok,59,
YmpFd8Ikjtc,ok,69,
zaTH7LnyCdE,ok,102,
_P68Vkp-h7c,ok,86,
QuxF2IpOG3U,ok,95,
EuOv0rbPt-A,ok,82,
Tf49RWv4vBY,http_error,0,"<HttpError 403 when requesting https://youtube.googleapis.com/youtube/v3/commentThreads?part=snippet&videoId=Tf49RWv4vBY&maxResults=100&textFormat=plainText&key=AIzaSyBYlD1YuyrGaWJ_YDEqMFOEYwzbBwegmaU&alt=json returned ""The video identified by the <code><a href=""/youtube/v3/docs/commentThreads/list#videoId"">videoId</a></code> parameter has disabled comments."". Details: ""[{'message': 'The video identified by the <code><a href=""/youtube/v3/docs/commentThreads/list#videoId"">videoId</a></code> parameter has disabled comments.', 'domain': 'youtube.commentThread', 'reason': 'commentsDisabled', 'location': 'videoId', 'locationType': 'parameter'}]"">"
Cz6pXdA4fxQ,ok,121,
tlWuP7wESZw,ok,496,
aINZwmb5X3A,ok,20,
4OXhOXULEbA,ok,20,
J-FzHIQ7SOs,http_error,0,"<HttpError 403 when requesting https://youtube.googleapis.com/youtube/v3/commentThreads?part=snippet&videoId=J-FzHIQ7SOs&maxResults=100&textFormat=plainText&key=AIzaSyBYlD1YuyrGaWJ_YDEqMFOEYwzbBwegmaU&alt=json returned ""The video identified by the <code><a href=""/youtube/v3/docs/commentThreads/list#videoId"">videoId</a></code> parameter has disabled comments."". Details: ""[{'message': 'The video identified by the <code><a href=""/youtube/v3/docs/commentThreads/list#videoId"">videoId</a></code> parameter has disabled comments.', 'domain': 'youtube.commentThread', 'reason': 'commentsDisabled', 'location': 'videoId', 'locationType': 'parameter'}]"">"
2dLU6bqZe5U,ok,63,
JL1_j2tdeuk,ok,121,
WCFcBd9kxTs,ok,132,
rcBu29r6nJM,ok,46,
uX-0gEOdAuU,ok,104,
cM6JpalAtq0,ok,45,
WDaa6wBrDLo,ok,99,
8_cEKbzbC98,ok,30,
kuCPvKW4k5w,ok,35,
kTS1jJgXsfw,ok,46,
SfROjZlyg7o,ok,68,
Yh2-Z5Ov5AQ,ok,53,
sCjfVrmkdDQ,ok,70,
V8APZmk82xc,ok,103,
2JUQo-PnY2g,ok,14,
nvkgqt-hkEg,ok,147,
cHKs2aVxOmQ,ok,296,
22O6a87-GcQ,ok,278,
uoQYtNbSXAM,ok,71,
pj_h_SAeI5c,ok,40,
m9bTgNjYTS0,ok,90,
r6pItuOoGxc,ok,68,
y4yeroE4Ar4,ok,500,
1tN2W607Qbk,ok,192,
Klta3uf4uzw,ok,64,
Xy4iSaJOQQA,ok,94,
NO5-IQNmZN4,ok,19,
5g8V23poB9Q,ok,277,
f-yWJoJltoo,ok,323,
lh4d1fjzfNA,ok,344,
AX4ewS-YIbA,ok,87,
8NkTDzWAX3w,ok,68,
gAHI34ivbgs,ok,73,
YXn-eNPzlo8,ok,124,
z7_LwuuPsAE,ok,162,
_H4C-08GkKo,ok,53,
PlPena9gobI,ok,90,
p5IuRLOer6E,ok,125,
njVQC8OwX5c,ok,88,
uEHu8LIZUKI,ok,500,
xo3twNN-CTg,ok,90,
Z3HJCQJ2Lmo,ok,105,
lVLzrrANpnc,ok,80,
C6yUKhotEf0,ok,59,
_2b-vOVZ0gI,ok,131,
x672EKnKLtA,ok,40,
pmfjaSH2EDY,ok,500,
P9-fJI0iZv4,ok,117,
qAo9fA7c2VE,ok,78,
mIgDl0mde2c,ok,74,
MByKyFt7hZI,ok,48,
SG_vqlb1pOQ,ok,500,
rXZrrBxFex0,ok,26,
pzLQtHyIbJM,ok,7,
PaItY5i9i0k,ok,37,
lXYu8YRWOUo,ok,151,
His41jX5tVc,ok,92,
VEP7_BeXH64,ok,252,
6R3HaHOhZks,ok,295,
fD27hWT4ix0,ok,91,
S1kEWTjweIA,ok,62,
k9dz4ydxmtM,ok,500,
DCLoio-8d48,ok,104,
k3cCNC7pqdo,ok,86,
FATQ0Yf0Fhc,ok,500,
Mp3Msfw90BE,ok,49,
R_-XnRVZ42U,ok,115,
rD1Rn6vai5Q,ok,80,
-yshHFseMyI,ok,114,
-wJo5aKBwq0,ok,347,
ZlSzEw0vmQ0,ok,500,
a3zPgyvCiJI,ok,177,
4c_xYLwOx-g,ok,179,
NX0Plqw73K0,ok,95,
0He5yz8CwuU,ok,39,
_KpRZNOSwBg,ok,109,
wMMmvb2OlIQ,ok,34,
bdLEBN6JKPY,ok,44,
Inde9XTRdb8,ok,92,
DZEzUC4QW54,ok,140,
ldq6wKtQzU8,ok,86,
D3azoUEEy3E,ok,93,
dzWRHi-Bmuk,ok,145,
2XkZhn5Ypzo,ok,27,
fAJ18o5mw70,http_error,0,"<HttpError 403 when requesting https://youtube.googleapis.com/youtube/v3/commentThreads?part=snippet&videoId=fAJ18o5mw70&maxResults=100&textFormat=plainText&key=AIzaSyBYlD1YuyrGaWJ_YDEqMFOEYwzbBwegmaU&alt=json returned ""The video identified by the <code><a href=""/youtube/v3/docs/commentThreads/list#videoId"">videoId</a></code> parameter has disabled comments."". Details: ""[{'message': 'The video identified by the <code><a href=""/youtube/v3/docs/commentThreads/list#videoId"">videoId</a></code> parameter has disabled comments.', 'domain': 'youtube.commentThread', 'reason': 'commentsDisabled', 'location': 'videoId', 'locationType': 'parameter'}]"">"
PveqmDnqZw4,http_error,0,"<HttpError 403 when requesting https://youtube.googleapis.com/youtube/v3/commentThreads?part=snippet&videoId=PveqmDnqZw4&maxResults=100&textFormat=plainText&key=AIzaSyBYlD1YuyrGaWJ_YDEqMFOEYwzbBwegmaU&alt=json returned ""The video identified by the <code><a href=""/youtube/v3/docs/commentThreads/list#videoId"">videoId</a></code> parameter has disabled comments."". Details: ""[{'message': 'The video identified by the <code><a href=""/youtube/v3/docs/commentThreads/list#videoId"">videoId</a></code> parameter has disabled comments.', 'domain': 'youtube.commentThread', 'reason': 'commentsDisabled', 'location': 'videoId', 'locationType': 'parameter'}]"">"
wBRqxBvBWQE,ok,65,
0BF2Np5J6jY,ok,76,
bUytVW_0C2Q,http_error,0,"<HttpError 403 when requesting https://youtube.googleapis.com/youtube/v3/commentThreads?part=snippet&videoId=bUytVW_0C2Q&maxResults=100&textFormat=plainText&key=AIzaSyBYlD1YuyrGaWJ_YDEqMFOEYwzbBwegmaU&alt=json returned ""The video identified by the <code><a href=""/youtube/v3/docs/commentThreads/list#videoId"">videoId</a></code> parameter has disabled comments."". Details: ""[{'message': 'The video identified by the <code><a href=""/youtube/v3/docs/commentThreads/list#videoId"">videoId</a></code> parameter has disabled comments.', 'domain': 'youtube.commentThread', 'reason': 'commentsDisabled', 'location': 'videoId', 'locationType': 'parameter'}]"">"
O16Pfv6nd7M,http_error,0,"<HttpError 403 when requesting https://youtube.googleapis.com/youtube/v3/commentThreads?part=snippet&videoId=O16Pfv6nd7M&maxResults=100&textFormat=plainText&key=AIzaSyBYlD1YuyrGaWJ_YDEqMFOEYwzbBwegmaU&alt=json returned ""The video identified by the <code><a href=""/youtube/v3/docs/commentThreads/list#videoId"">videoId</a></code> parameter has disabled comments."". Details: ""[{'message': 'The video identified by the <code><a href=""/youtube/v3/docs/commentThreads/list#videoId"">videoId</a></code> parameter has disabled comments.', 'domain': 'youtube.commentThread', 'reason': 'commentsDisabled', 'location': 'videoId', 'locationType': 'parameter'}]"">"
aISXCw0Pi94,http_error,0,"<HttpError 403 when requesting https://youtube.googleapis.com/youtube/v3/commentThreads?part=snippet&videoId=aISXCw0Pi94&maxResults=100&textFormat=plainText&key=AIzaSyBYlD1YuyrGaWJ_YDEqMFOEYwzbBwegmaU&alt=json returned ""The video identified by the <code><a href=""/youtube/v3/docs/commentThreads/list#videoId"">videoId</a></code> parameter has disabled comments."". Details: ""[{'message': 'The video identified by the <code><a href=""/youtube/v3/docs/commentThreads/list#videoId"">videoId</a></code> parameter has disabled comments.', 'domain': 'youtube.commentThread', 'reason': 'commentsDisabled', 'location': 'videoId', 'locationType': 'parameter'}]"">"
rj3_n1-XV8c,ok,122,
P4h2zgJhC7E,ok,90,
xw_720iQDss,ok,145,
VdqnAhNrqPU,ok,384,
5C6UELitWkw,ok,97,
Vrui-OctNEk,ok,500,
bR3-RILrQl0,ok,61,
X65jxnKiJpM,ok,93,
Ew2z_sYABE0,ok,53,
5FCPLlF6P4g,ok,152,
gOu9Rwl-yxw,ok,192,
lZhT0t4D0m4,ok,65,
1zUPeXmZ6SI,ok,42,
8GAWPb92q3A,ok,91,
su4c2wwDteU,http_error,0,"<HttpError 403 when requesting https://youtube.googleapis.com/youtube/v3/commentThreads?part=snippet&videoId=su4c2wwDteU&maxResults=100&textFormat=plainText&key=AIzaSyBYlD1YuyrGaWJ_YDEqMFOEYwzbBwegmaU&alt=json returned ""The video identified by the <code><a href=""/youtube/v3/docs/commentThreads/list#videoId"">videoId</a></code> parameter has disabled comments."". Details: ""[{'message': 'The video identified by the <code><a href=""/youtube/v3/docs/commentThreads/list#videoId"">videoId</a></code> parameter has disabled comments.', 'domain': 'youtube.commentThread', 'reason': 'commentsDisabled', 'location': 'videoId', 'locationType': 'parameter'}]"">"
j6K0iQg_p1w,ok,243,
Rk5C149J9C0,ok,200,
_HuySYU0Tk8,ok,63,
NHwjcQDtcCo,http_error,0,"<HttpError 403 when requesting https://youtube.googleapis.com/youtube/v3/commentThreads?part=snippet&videoId=NHwjcQDtcCo&maxResults=100&textFormat=plainText&key=AIzaSyBYlD1YuyrGaWJ_YDEqMFOEYwzbBwegmaU&alt=json returned ""The video identified by the <code><a href=""/youtube/v3/docs/commentThreads/list#videoId"">videoId</a></code> parameter has disabled comments."". Details: ""[{'message': 'The video identified by the <code><a href=""/youtube/v3/docs/commentThreads/list#videoId"">videoId</a></code> parameter has disabled comments.', 'domain': 'youtube.commentThread', 'reason': 'commentsDisabled', 'location': 'videoId', 'locationType': 'parameter'}]"">"
6UeaxsubJ70,http_error,0,"<HttpError 403 when requesting https://youtube.googleapis.com/youtube/v3/commentThreads?part=snippet&videoId=6UeaxsubJ70&maxResults=100&textFormat=plainText&key=AIzaSyBYlD1YuyrGaWJ_YDEqMFOEYwzbBwegmaU&alt=json returned ""The video identified by the <code><a href=""/youtube/v3/docs/commentThreads/list#videoId"">videoId</a></code> parameter has disabled comments."". Details: ""[{'message': 'The video identified by the <code><a href=""/youtube/v3/docs/commentThreads/list#videoId"">videoId</a></code> parameter has disabled comments.', 'domain': 'youtube.commentThread', 'reason': 'commentsDisabled', 'location': 'videoId', 'locationType': 'parameter'}]"">"
_V9RI7J6NeI,ok,63,
4q1_iQkppSs,ok,113,
XQJhRDbsDzI,ok,70,
xvG3ftEv5rM,ok,49,
DESCcjSQSKY,ok,500,
D3LFVlI5ir8,ok,103,
EfeiKPSBKfg,ok,74,
3hRxS_As6-s,ok,86,
xsEJ6GeAGb0,ok,500,
CDnwc3NAx-c,ok,51,
5kY_hDxnYx0,http_error,0,"<HttpError 403 when requesting https://youtube.googleapis.com/youtube/v3/commentThreads?part=snippet&videoId=5kY_hDxnYx0&maxResults=100&textFormat=plainText&key=AIzaSyBYlD1YuyrGaWJ_YDEqMFOEYwzbBwegmaU&alt=json returned ""The video identified by the <code><a href=""/youtube/v3/docs/commentThreads/list#videoId"">videoId</a></code> parameter has disabled comments."". Details: ""[{'message': 'The video identified by the <code><a href=""/youtube/v3/docs/commentThreads/list#videoId"">videoId</a></code> parameter has disabled comments.', 'domain': 'youtube.commentThread', 'reason': 'commentsDisabled', 'location': 'videoId', 'locationType': 'parameter'}]"">"
OAXPl_jRvps,ok,118,
BoRXbjGJrI0,ok,58,
OeGpf1MyM2M,ok,475,
iGlyjfFquxw,ok,43,
w1CqXHlAzkc,ok,71,
g4IAa8wZlqU,ok,97,
7H0qAqXR-fw,ok,500,
7vDKuAEMDns,http_error,0,"<HttpError 403 when requesting https://youtube.googleapis.com/youtube/v3/commentThreads?part=snippet&videoId=7vDKuAEMDns&maxResults=100&textFormat=plainText&key=AIzaSyBYlD1YuyrGaWJ_YDEqMFOEYwzbBwegmaU&alt=json returned ""The video identified by the <code><a href=""/youtube/v3/docs/commentThreads/list#videoId"">videoId</a></code> parameter has disabled comments."". Details: ""[{'message': 'The video identified by the <code><a href=""/youtube/v3/docs/commentThreads/list#videoId"">videoId</a></code> parameter has disabled comments.', 'domain': 'youtube.commentThread', 'reason': 'commentsDisabled', 'location': 'videoId', 'locationType': 'parameter'}]"">"
4lrd5Kf0C2I,ok,55,
wybp16nlroo,ok,75,
PrJAX-iQ-O4,ok,285,
1ALfKWG2nmw,ok,101,
HvIvAI4ygyg,http_error,0,"<HttpError 403 when requesting https://youtube.googleapis.com/youtube/v3/commentThreads?part=snippet&videoId=HvIvAI4ygyg&maxResults=100&textFormat=plainText&key=AIzaSyBYlD1YuyrGaWJ_YDEqMFOEYwzbBwegmaU&alt=json returned ""The video identified by the <code><a href=""/youtube/v3/docs/commentThreads/list#videoId"">videoId</a></code> parameter has disabled comments."". Details: ""[{'message': 'The video identified by the <code><a href=""/youtube/v3/docs/commentThreads/list#videoId"">videoId</a></code> parameter has disabled comments.', 'domain': 'youtube.commentThread', 'reason': 'commentsDisabled', 'location': 'videoId', 'locationType': 'parameter'}]"">"
1Zh045t0xcE,ok,173,
cheqkrcHkrI,ok,158,
btQHSDrLlok,ok,500,
i0h7N1ukZ4A,ok,500,
RUYmYE7ZJ_E,ok,45,
eJ_0x197H30,ok,56,
dMYvWg7JF3I,ok,34,
3lH47D9b1OY,ok,164,
t6XLYx4se-Q,ok,90,
evw0h1kg-j4,ok,256,
PzJLO-OsEJo,ok,36,
iFkCMeEhs0Y,ok,204,
4nCJRrNTlus,ok,78,
SNJQGT0EiZY,ok,43,
tTufiinVoIc,ok,86,
BGNN7hK1rfA,ok,201,
vI3vEdhMnNY,ok,208,
ejQsLQvfnX4,ok,69,
CDV0i660brM,ok,131,
lJUrQKY_A5g,ok,34,
F23ak31YnTI,ok,62,
EgFJ1lu2kR8,ok,111,
6pSoGKc-U7w,ok,85,
CIlgTBmiov0,ok,204,
6oTCEkUAwSI,ok,38,
bfGQpe6FQcw,ok,84,
Kv_z5asgn7Y,ok,108,
pmvJQ_JChiw,ok,135,
NO_XHEBJXOY,ok,36,
GfF2e0vyGM4,ok,448,
Irx0tC92fdE,ok,171,
Qm02X0aE8uU,ok,155,
Axh07mJ9Ag4,ok,64,
Mkelhs_OVMc,ok,35,
g4xGbbDACDw,ok,53,
CpzjPnDW1G4,ok,106,
lR_WNPGVENU,ok,105,
wLF7ocNYpR8,ok,59,
TlapbFzl_ZU,ok,214,
Z7v8x69AtwY,ok,56,
XguYZXUChhY,ok,344,
IXZkhs45Vzg,ok,39,
cObfUxZWn9s,ok,155,
P0uu6_Dm2CI,ok,52,
oIzinzHQcWg,ok,11,
aGiIIGjlHg0,ok,106,
BFZtNN6eNvQ,ok,162,
bjhvoNlTn60,ok,87,
yuy9yQlFZAU,ok,68,
jLd0AqSxIyk,ok,62,
5aeEJotxI-U,ok,458,
q5gfclBZ2xY,ok,91,
0Pl44w0iYc4,ok,38,
XheAMrS8Q1c,ok,500,
bqQJv4bvrPI,ok,117,
XmLTSkD28AE,ok,92,
5bwV80fTLlQ,ok,86,
ylS-6UK9FhQ,ok,157,
E6VpcV23mi8,ok,97,
-SpQiR5BKag,ok,135,
rhNxDp8e7p8,ok,500,
pGJjScfG8h4,ok,441,
W59CV66z9lQ,ok,500,
m9jnEfTscYI,ok,49,
b5Jy8WvQXPA,ok,47,
eKkI6-HeWXo,ok,328,
OcMQ1-P6RdM,ok,65,
DUg9GvRHQk0,ok,166,
slbfAfEvnQ0,ok,93,
WSteyxgQqRc,ok,67,
f9618uQlZmc,ok,112,
NmV5UIdIsQI,ok,71,
uyvcUVNOqeQ,ok,71,
Vvvb6mvu7Ls,ok,97,
j-Mys_05D78,ok,83,
uOvK8roYVUU,ok,98,
C_WItyb1g50,ok,82,
83R0ZaRKF90,ok,59,
bGQijadRjXo,ok,108,
7YoLMG2qja4,ok,176,
hH-RcJjt-YI,ok,170,
XXm4gx0EdlU,ok,60,
Lz9CQ2zKt3M,ok,365,
_KErn-uHGyM,ok,95,
Lu1UamHgIbI,ok,131,
qZjr2CIEflc,ok,113,
2LC4YFenynI,ok,122,
D6uELr0j05g,ok,87,
dcKat_U-Cww,ok,31,
uJfGby1C3C4,ok,128,
2aKYl_2KLI8,ok,61,
8NNazV_75B4,ok,74,
PGdID_ICFII,ok,33,
FJspeMI5ICc,ok,65,
QqABUDCiIVI,ok,81,
_7J1JVCxWJM,ok,79,
Zu1kaPLt66E,ok,101,
caGlzR9F2zI,ok,142,
xg5uD-D1QvY,ok,99,
G83MDe_-QNc,ok,107,
KNsnZDEk7pY,ok,129,
EvGkSEuWtaI,ok,220,
TQ2f4sJVXAI,ok,479,
0kSjaP1Xi1U,ok,77,
hK8kk_3WA7w,ok,120,
zaZBgqfEa1E,ok,334,
n5QmIQsw-Lg,ok,47,
295sVZZf9CI,ok,79,
UGHzKaAOOcA,ok,100,
uAXG0tb1Zxw,ok,91,
zY0U0O6VsOA,ok,500,
znwzw7kkmEo,ok,73,
XZ4vxGOGNOM,ok,99,
j9f4kv2sJCk,ok,88,
vGHVVcj8V0E,ok,63,
cecPAcEYId0,ok,65,
czLeGETRMAA,ok,164,
1H0tQZSd-vU,ok,64,
BkzGqD_xbGY,ok,128,
0CVn-Rdnexw,ok,91,
ZcrnN-A2c60,ok,195,
klXVQsbhFsE,ok,224,
dKob6b8QzkU,ok,139,
TST0CsV8LHI,ok,77,
2hCUq6ScWME,ok,56,
BcOey28XXIw,ok,35,
IeajljTsrOc,ok,169,
VnR5H7YSk1k,ok,76,
cFwbA6Zi7w4,ok,118,
3SQUXasUQOA,ok,134,
MqtffzWvzOQ,ok,97,
dZtnOnqcDN4,ok,267,
oDtolKlL7jE,ok,155,
lWaZzww6Tlc,ok,31,
vR4RGzUpOQw,ok,109,
OPfVCUGxyHs,ok,114,
3PmqknYmY9Q,ok,74,
6UiU99_tE7I,ok,86,
NMVgg6zuiB0,ok,66,
VU44eEKtcmQ,ok,61,
k3clwllhdlg,ok,53,
vMQlj9TZQfE,ok,500,
xiwIvp7aKRk,ok,212,
EKBpF2bzpNs,ok,300,
IcaDZK1Njb0,ok,130,
1Mwki3RIybU,ok,62,
N4tP-OCG6jU,ok,144,
d4Cy16uOdLM,ok,347,
5LRhKegPCRY,ok,89,
7ErKuXByRto,ok,317,
SHY4KH4PK7Y,ok,500,
Pgq_CODucg0,ok,224,
4fhS8LF5nAo,ok,201,
j-6zwv31qjg,ok,428,
fua_rUk0zk0,ok,350,
RszqjNDCBX0,ok,65,
-Hmn5Gmn2dw,ok,163,
lB3GWXStnzA,ok,75,
peLzj80-7VY,ok,232,
RJEJl6SKM4s,ok,84,
0ITuQcoLXeE,ok,90,
XZfKdlIRqYk,ok,88,
wY7Tn-JW9No,ok,78,
-UV3xm9pZ0g,ok,132,
PZr142ka96k,ok,99,
Cxf_SRCcaGo,ok,75,
oIZDtqWX6Fk,ok,500,
k1oPVp63eNk,ok,500,
KVVW5eGiETI,ok,90,
EG6QA47rMNg,ok,45,
UL95OYBRbOc,ok,162,
fkFkm_ymego,ok,60,
IqcuV11xp0U,ok,171,
WZWRhLW7Y8w,ok,500,
61hRq0D8Zcs,ok,71,
v6mknkg7MEc,ok,190,
hdvYezsK70A,ok,48,
gN2DWyJTUnY,ok,103,
ixBgCWLVvE8,ok,174,
KWkIgCnUWvY,ok,395,
6YvyjLMfWJs,ok,226,
heY_8JJHBIE,ok,253,
0IclmsaP-CU,ok,27,
a-_FuwTkFhI,ok,257,
yJX1Te0jey0,ok,340,
FQDniBcyntc,ok,125,
8Sl28fkrozE,ok,500,
VHMYl70ibHQ,ok,405,
g0Q5YeZ4YOA,ok,126,
R4Y5wGJJ4oU,ok,23,
FawSxPJsloQ,ok,80,
OtVlE9eJaDI,ok,90,
QPmUAfuqM08,ok,94,
EkIpeO1r0NI,ok,500,
x1Efv_wF5LE,ok,92,
5dVcn8NjbwY,http_error,0,"<HttpError 403 when requesting https://youtube.googleapis.com/youtube/v3/commentThreads?part=snippet&videoId=5dVcn8NjbwY&maxResults=100&textFormat=plainText&key=AIzaSyBYlD1YuyrGaWJ_YDEqMFOEYwzbBwegmaU&alt=json returned ""The video identified by the <code><a href=""/youtube/v3/docs/commentThreads/list#videoId"">videoId</a></code> parameter has disabled comments."". Details: ""[{'message': 'The video identified by the <code><a href=""/youtube/v3/docs/commentThreads/list#videoId"">videoId</a></code> parameter has disabled comments.', 'domain': 'youtube.commentThread', 'reason': 'commentsDisabled', 'location': 'videoId', 'locationType': 'parameter'}]"">"
KHuwaKrHuR0,ok,500,
3w6Ztmpm910,ok,500,
ZSJzPB4qrxU,ok,263,
nm75Fz6D5nA,ok,322,
XcIwN_uZy3c,ok,91,
ztivogVTp7s,ok,123,
OsbV1_tA1oU,ok,128,
VmLMMNhxZMU,ok,500,
kmIZeEu-3CY,ok,118,
w7yXjle9XAk,ok,63,
plmL343TOy4,ok,402,
Hu6s9GVgWkw,ok,177,
cdnkbxVmR70,ok,133,
B6lBtiQZSho,ok,424,
B1fkNcmDrlM,ok,134,
bTsRTZ9hflk,ok,108,
MB7nbvD8rQk,ok,287,
Qewckuxa9hw,ok,500,
YW1-7OFolJg,ok,117,
O4F40SsEFyY,ok,99,
5K4kCUBFcO8,ok,90,
k7i9uYruO3k,ok,40,
9w0PL2_-oAE,ok,68,
3oeIrWcQgJE,ok,45,
t0kACis_dJE,ok,500,
knJWF4km3y0,ok,453,
SiDMd-b-R2g,ok,36,
6F8wFkScnME,ok,90,
6G3UIrqiFLw,ok,82,
6TyIY6u31gk,ok,203,
KQ9FfzMKBNc,ok,500,
eM2VWspRpfk,ok,277,
aUFp8HVxx7I,ok,119,
zeBLHx-OzLE,ok,116,
B6rIUxHZ9f4,ok,201,
iazvFYCU4YU,ok,89,
RQ8N2Diiimo,ok,74,
D1JZkmkStK8,ok,59,
is3F6ZtcSso,ok,247,
_DOOJx7AZfM,ok,288,
Dn1nYrnsmr4,ok,56,
UxQDG6WQT5s,ok,403,
MG5-xZLTuVs,ok,213,
dB7gsp_zDZc,ok,146,
01qATwnoD_E,ok,16,
r9b-DF7Q4xs,ok,112,
wk5_W0EFYTc,ok,136,
Ruf6OdDRJSs,ok,110,
VP_fpvI3Y1k,ok,15,
epUmQP6VuDs,ok,18,
WRS9Gek4V5Q,ok,500,
ss-utCZ5Ok8,ok,219,
QVgq4b9Tag8,ok,92,
hv88_R-XDDw,ok,318,
3y5f2l5yM4c,ok,168,
fvKC5ACxXYA,ok,37,
g80SezdX9WY,ok,8,
kxGOuqsoteA,ok,51,
PtqS0siIeKY,ok,166,
sGpSLgytOx0,ok,25,
GpxV10eD538,ok,343,
u3BZDx2dnSE,ok,35,
T00TZkOMLZc,ok,131,
TV841ZtGfj0,ok,52,
2alYW5xz26E,ok,150,
klroP1mToFA,ok,118,
RzBUAY1wuw4,ok,152,
8atXMqZ_w0M,ok,146,
K7g6DmvWLms,ok,21,
-uR-iqh1x1Q,ok,282,
3UdTys0yd90,ok,18,
Ji4sq73W7BM,ok,104,
27WucvXpbd4,ok,99,
ZkyBw6UYybo,ok,64,
3jWsc0cG0wI,ok,145,
Sigx5bMlzJU,ok,164,
YRXJtWAhFTI,http_error,0,"<HttpError 403 when requesting https://youtube.googleapis.com/youtube/v3/commentThreads?part=snippet&videoId=YRXJtWAhFTI&maxResults=100&textFormat=plainText&key=AIzaSyBYlD1YuyrGaWJ_YDEqMFOEYwzbBwegmaU&alt=json returned ""The video identified by the <code><a href=""/youtube/v3/docs/commentThreads/list#videoId"">videoId</a></code> parameter has disabled comments."". Details: ""[{'message': 'The video identified by the <code><a href=""/youtube/v3/docs/commentThreads/list#videoId"">videoId</a></code> parameter has disabled comments.', 'domain': 'youtube.commentThread', 'reason': 'commentsDisabled', 'location': 'videoId', 'locationType': 'parameter'}]"">"
kqVGiB98cnc,ok,64,
drZ9OTsaGQA,ok,196,
oQeok_5j2So,ok,400,
BzVmRVKvKa0,ok,113,
IZ2N3tF4W_k,ok,89,
9-5SMpg7Q0k,ok,339,
ckHvKsZ1V7Q,ok,21,
jmQWOPDqxWA,ok,500,
TVNHd8ZODio,ok,106,
nQo1NgQ-Yf0,ok,75,
7eL6AhWxW70,ok,143,
DOa5ijO5Ba4,ok,88,
qNXRjtHShX4,ok,33,
oyjIqtEVVB0,ok,59,
9ICjwQ_lJ8Y,ok,78,
kUwLGyd7ir4,ok,34,
OfMgKdhkaog,ok,46,
DYpmewVFACM,ok,231,
KoyG945wlyg,ok,130,
cuWVnNtz6po,ok,90,
rVNb53lkBuc,ok,302,
9Y9ppMqXwkQ,ok,309,
8kjN1PnEGhA,ok,56,
KCxbl5QgFZw,ok,500,
UWothcLpazU,ok,174,
Va_8GmU9cmQ,ok,144,
ZK7ih4V0erc,ok,180,
PLZV9Aj0e1Q,ok,70,
nLjchFPvcQo,ok,112,
8IGZ_M0OOmA,ok,369,
eGUKiFwlN2Q,ok,71,
IOrmS8vJDQw,ok,418,
uXJ9_gWkEX0,ok,98,
1qq7lDL-bzY,ok,453,
moLzH50AVMk,ok,98,
cixIwyYkCEo,ok,88,
DAk-9LvYU1Q,ok,236,
myqyrT81aYM,ok,56,
dx1HM5ZSs-Y,ok,115,
QE8kNh52EeU,ok,115,
prUWMuG0cfY,ok,424,
oxVzNcGP7M8,ok,52,
j_JxWI0_F9Q,ok,133,
G_0UMcx7YlM,ok,101,
7O6TTFgHVIk,ok,121,
g3zrprEu_0Q,ok,52,
UfWh3OHYbEM,ok,259,
YgAuFqEs6yk,ok,88,
bNmRr-BYnxA,ok,182,
FVUkKKc3Vvk,ok,103,
8bj0GR34XWc,ok,141,
eaCrsBtiYA4,ok,297,
OMDVTZ-ycaY,ok,107,
ppjXgm4t9ko,ok,75,
wGGmzeCT8gU,ok,75,
2g8BeujckJY,ok,245,
bW941OpsnMM,ok,90,
kmbui1xF8DE,ok,132,
y4vurv9usYA,ok,500,
wvJTbegktKc,ok,83,
quDwQ7W9eKc,ok,110,
z3d_UsYgt1c,ok,175,
y3emv9DIEkE,ok,156,
zpn6MCmoK0g,ok,159,
Mm-_QZ_tf0s,ok,76,
Ir7wCAQINqw,ok,191,
W2y7osVtIX8,ok,133,
O97OSp3yUDg,ok,13,
Bb7kz1THJPU,ok,227,
uRQEC7DiPtI,ok,28,
9Ruc0Jfno2w,ok,150,
JWRqI2ZRHWQ,ok,500,
sNQfoYm3WI0,ok,81,
CVPl8jRaAqM,ok,329,
hn8N8p9P5gw,ok,85,
kXGuWtR5ulg,ok,17,
b4qVI780Jgw,ok,55,
qWwEoD68gwQ,ok,56,
JJZ8z_nTCZQ,ok,500,
zY2ksORCLbs,ok,93,
ldKtWp7jlHI,ok,500,
KGPjwFw6JaQ,ok,23,
f0jETLKTW7w,ok,57,
CBSkV8sgUQ0,ok,35,
yrxYhv2O3wU,ok,500,
f4xu7w6Vf0U,ok,89,
Fu1Zi1PYqos,ok,92,
y8ohTeRKVqs,ok,97,
tT8icNhydtg,ok,68,
oNBvC25bxQU,ok,230,
GFpciGYBELo,ok,123,
I6xuJu7gLe0,ok,250,
CoQuaDKV3xk,ok,87,
bUqur6hZvKg,ok,118,
f52LJJFBCLc,ok,40,
IyuiVTsIctg,ok,81,
xzWFrHHTrs8,ok,167,
i_1_J-T-XYQ,ok,35,
LfcKh-ZeY20,ok,170,
n3voAR06sNI,ok,122,
KIh2-S2jXls,ok,500,
5ghYJlahAWQ,ok,36,
kn-5H9p24oo,ok,25,
IfOqyuxb5S0,ok,252,
Xe8fIjxicoo,ok,500,
Xgyh0juINNI,ok,81,
XZBZ5aBEUrs,ok,60,
KQ_sO9V0tyw,ok,33,
MS7x_TJfGcE,ok,112,
iwUkbi4_wWo,ok,105,
rfA1ThekjGM,ok,100,
yIs_zfHF8Cg,ok,69,
utiLrnvawQQ,ok,105,
slzuVj5YEms,ok,187,
SEr-Lcue5P4,ok,105,
_0J10j46-qQ,ok,133,
0B543Zkqq88,ok,350,
KzIp4IzDPG0,ok,500,
oXeAWdHP0uY,ok,53,
o-W_KgZhG_A,ok,108,
f8c3TzQtD4k,ok,267,
gnbVwu04oiA,ok,56,
GX9woZi0HUY,ok,86,
XPDHY-jOQYA,ok,58,
sBQv41YbdCk,ok,218,
on0B0iCovOo,ok,107,
PFFbXhEcYTM,ok,127,
bCucggordMM,ok,61,
uTfaua3X0RU,ok,86,
ZkdJGcffe9I,ok,268,
eZ5MM28abKo,ok,81,
1-_pzQqo7c0,ok,84,
aJgXcVkZNG8,ok,91,
6pSMgmL7vF0,ok,73,
1GjinnLB86A,ok,101,
Z7NUaAGmg44,ok,51,
BrnZMrjsf6w,ok,90,
IGJt7QmtUOk,ok,66,
PNLwMSvPurc,ok,29,
ygxh6KR4BPk,ok,40,
qNTf3Zu-oZk,ok,23,
q-GXV4Fd1oA,ok,18,
2KMk1lJGPlk,ok,16,
3lVNA4aF1lg,ok,5,
9zC2Bc22QfA,ok,69,
eAKzT6_ES8w,ok,194,
i5vZkaUk528,ok,72,
WSY-GFkyTV0,ok,108,
BTB_HPL2r88,ok,43,
Zfneete-ZHY,ok,62,
EtZQT3avFaY,ok,39,
_8vLkIj_Lsk,ok,144,
06wDth_nvEg,ok,45,
s0H1jxF5TWQ,ok,49,
wtl5UrrgU8c,ok,124,
sSOBk0v0viM,ok,66,
Dvhu2OK7ffg,ok,69,
cTIUiN6inIQ,ok,146,
z9jXW9r1xr8,ok,399,
-3y6_7_5PcQ,ok,130,
ysRvYxznrq4,ok,341,
bGUVQaBdxKw,ok,100,
E616tdjsrZ0,ok,143,
13zN4-MVM9g,ok,84,
7pMhqyteR5g,ok,318,
8NSQYO2es3U,ok,331,
u2bQSKvZ2qI,ok,307,
kaU7IPlg9PA,ok,199,
6Gw5dK48MtI,ok,251,
xnfEBUI_YTE,ok,125,
ir5yzW0yIk0,ok,83,
LQMLFryA_7k,ok,500,
wRG5_-9eE4w,ok,101,
JJyeKiT8g4g,ok,137,
yfLp_vueUxY,ok,212,
bHgfcA6Vy24,ok,114,
tSciinXdGhI,ok,500,
fc3c3OrpKSI,ok,216,
JrjjOGI6YB4,ok,241,
VasJyDmMafA,ok,121,
-7ORAKULel4,ok,273,
s7QPgarhiWg,ok,84,
-KKSUR5SBLc,ok,95,
eeVCz-9SUc8,ok,62,
opdCfb8cCFw,ok,227,
ssR-RguvjHo,ok,53,
uXrCeiQxWyc,ok,234,
1LX6rCIZaIU,ok,134,
CbnQtb9LUY4,ok,204,
Eup2J0oAq9Y,ok,97,
gQ-0oR3C1UM,ok,122,
4zLmWpMDY8Q,ok,133,
oMBVxhO57JE,ok,276,
mAnFBEokfrw,ok,56,
4tSI_LPD8Vo,ok,76,
Sek29hwUjZE,ok,109,
uwKS1lT_YZU,ok,48,
PmY1Dr2iQ_Q,ok,109,
ZkwqZfvbdFw,ok,363,
2UZKME9WP9M,ok,500,
PXB3-yVGHcI,ok,100,
Cvl2tHwuvzk,ok,88,
PI5V1-IFvlI,ok,137,
w8mToWb9NC8,ok,128,
tPBFVIxnbDw,ok,224,
Depn_GsxSqo,ok,262,
OfCLTQhW9GQ,ok,222,
NUFEBioLPf8,ok,210,
2GhJ6CTDEoM,ok,93,
yyVMZHjaY40,ok,140,
DhnBn_c9f8Q,ok,157,
I3BJVaioX_k,ok,198,
oD8Ggp0YsWM,ok,72,
BDC2hZn9h1A,ok,62,
bWA1gvA5lxU,ok,95,
sf3adAPotrM,ok,123,
fFJeTy1_8Ng,ok,166,
8UNCvk9YXOo,ok,441,
TLZ6W-Nqv1I,ok,26,
kdAs3UVgIGg,ok,234,
lSPxeA6Z_m4,ok,103,
O_MQr4lHm0c,ok,500,
kmNejqbx1M0,ok,30,
NjwvaF3P_5Q,ok,57,
E4FrxvHJlKw,ok,127,
nbYA5pPzfCw,ok,48,
77HUdJ7Tij0,ok,123,
17D5SrgBE6g,ok,101,
9_H9wtQi7mg,ok,49,
3iD4HwJ-67Q,ok,154,
u08T3A7slkE,ok,49,
OhCzX0iLnOc,ok,500,
1pky-86YSrI,ok,184,
uFt-q8HgYpI,ok,400,
3-mhddgkaJc,ok,57,
c2QuXJPY9Wc,ok,184,
9alL95G293s,ok,43,
aolOWJTLGGA,ok,70,
JCL4lsW6CUY,ok,28,
Efv5IeMlo4Y,ok,53,
6S3KTtcO5YI,ok,102,
0f4wtD8eXNk,ok,68,
fh5KLfd9Km8,ok,321,
25s8BCsSWuk,ok,51,
TSDOXxlT0U0,ok,267,
I5g9-4fx60A,ok,500,
9KvZy09vaNg,ok,171,
jzrcRcEBrmA,ok,113,
86AGPVir1g4,ok,25,
idfv7Lw4Y_s,ok,500,
P7vnspDNx7g,ok,101,
jltYcaQ24q4,ok,80,
GIrfNWed1Mk,ok,69,
-akXMtIhPIo,ok,110,
pR83Woy0zDs,ok,56,
n3ZbjsS4TCc,ok,116,
6Wl0yjC459k,ok,71,
fwvbx80QidM,ok,83,
P_Z5MhlprRE,ok,281,
th3KE_H27bs,ok,500,
YR-sgN4QqW8,ok,46,
SF9qq6vQ3Pg,ok,159,
tuvxXnQrRv8,ok,172,
Rjre6diN35A,ok,59,
EtzumV-GwOQ,ok,60,
949yOxz_x80,ok,95,
XZ65W5ZxapA,ok,73,
MB5IX-np5fE,ok,500,
oH-pbEqdJTQ,ok,39,
wzjVT07bcYA,ok,143,
HzAtOyw6ACw,ok,189,
pg5WtBjox-Y,ok,219,
mwoLhdHRt_0,ok,306,
Ie9cACQnqew,ok,453,
t0Cr64zCc38,ok,211,
7qWvVcBZzRg,ok,182,
2ix8JEqCJ1s,ok,500,
uU2L5nTSHtc,ok,257,
lEjegKJwI0M,ok,53,
FhP0AfZdRZ4,ok,189,
PrUA8L40Dic,ok,151,
C-bcjsXkG1Q,ok,82,
9A7_xCrgX1U,ok,247,
mLzTo-y8Ef0,ok,500,
byAogVoMViE,ok,500,
E0KLmBMSjDk,ok,169,
6SZHUHkMYr4,ok,161,
Q6SY2nz5PJs,ok,500,
dsJWs6Z6eNs,ok,500,
-IlDkCEvsYw,ok,284,
pY5UdMh6WJg,ok,42,
MIGtyaVb2Xc,ok,205,
Zd_Lbg9jroU,ok,73,
MMzNxiB7NRc,ok,122,
pj-WqrFZZmg,ok,54,
Doqr0HdMXOI,ok,149,
3VTsIju1dLI,ok,500,
dkS_CgVZ8Ts,ok,68,
w4OPtFCs_fw,ok,119,
flb_S5JJC4k,ok,500,
n0urFzhWTZ4,ok,285,
gJzSWacrkKo,ok,274,
xDKth-qS8Jk,ok,500,
Juc_yvEkJuc,ok,348,
ysblroPCgCw,ok,156,
Kv0Xz0lMKDQ,ok,186,
Kc6hkHGHQQc,ok,89,
XOySX6sE_8s,ok,47,
hU-aTB-heU0,ok,243,
xgW-0egOWVg,ok,196,
2IFa0tqHrwE,ok,500,
JKS7HWy2TRU,ok,141,
L1VT0asH5Ck,ok,143,
xlLXXdU0FBk,ok,91,
DTIjvPLkJgo,ok,305,
Q9XD8yRPxc8,ok,500,
Bg7hbA6IwBM,ok,141,
Ta8KBJ4BTNg,ok,57,
OQuwz64qsBM,ok,500,
UuskKfv2zxI,ok,445,
ORW5MNCv_LU,ok,101,
Rp_HEnOWEso,ok,92,
xJM_CQN8-ns,ok,131,
5cWkKwGUt3g,ok,112,
R9XKRR7aKHI,ok,139,
gi6rMXu_veE,ok,270,
h-TIRIxhq6E,ok,115,
zELJMIQawys,ok,275,
54ST8bwOVyc,ok,231,
oBdzOIzwtng,ok,114,
PUW89NpDYJw,ok,70,
Stt4iGMiHiI,ok,127,
m5HQamrXlSY,ok,336,
8DDgHq9ewOo,ok,390,
PJLT0cAPNfs,ok,139,
srhCnPUmJDI,ok,84,
ppfONdsOkWI,ok,72,
A2DzsgJSwcc,ok,196,
0rAngiiXBAc,ok,347,
88d-58tWhGs,ok,500,
UCKfvxnljYY,ok,148,
iB4MS1hsWXU,ok,500,
DTcJmIbn5nw,ok,500,
ieSV8-isy3M,ok,500,
ogCIqaCe2zI,ok,202,
aVOJA8qI7oo,ok,77,
RZgkjEdMbSw,ok,500,
jATCr-gQvPA,ok,49,
nbW4XWkJC6w,ok,364,
RjquHTj4HlY,ok,500,
SGTMSV8QUrs,ok,422,
vZCGSP3A0Fo,ok,238,
m19jit19v9w,ok,178,
b5ZESpOAolU,ok,434,
pyFcr2WcOyo,ok,243,
8q7D4EmbSCw,ok,194,
87qLWFZManA,ok,500,
ON4iy8hq2hM,ok,500,
OQSMr-3GGvQ,ok,500,
ttcJMNlKif4,ok,145,
BcgDvEdGEXg,ok,500,
TrofjEAetVs,ok,332,
a63t8r70QN0,ok,500,
4CGFPbFqdJ4,ok,209,
5MuIMqhT8DM,ok,500,
Cm1Ij-jRhpQ,ok,500,
qAC-5hTK-4c,ok,232,
gmG5ADvPN98,ok,93,
nJd_2mJ4u-I,ok,322,
iqKYtA3pK1c,ok,223,
DBBA2LAsepU,ok,78,
LC5n91vKDZg,ok,83,
ONs9FCY74p0,ok,280,
lUKhMUZnLuw,ok,206,
fO2htapfNhA,ok,106,
dKNu5ZnWhb4,ok,155,
J4r9pgx_95E,ok,95,
Ln5Ts0bGguk,ok,97,
uyMtsyzXWd4,ok,500,
vjXJ4f-OW0U,ok,162,
ER15KmrB8h8,ok,257,
qu47T7kUPVQ,ok,80,
CeOadxT7kPA,ok,83,
RLz3AYVIqes,ok,113,
C0dmOPDLKhY,ok,74,
5nM21P8lJ2I,ok,77,
qRJJR6bGyL4,ok,257,
VLDwh4ivNf4,ok,195,
xnQB9Y77PXE,ok,54,
khkJkR-ipfw,ok,500,
YkYdxjaqt58,ok,74,
QtnBMSSk9Ok,ok,190,
3BDF7cD2M6g,ok,94,
HiA41B9LbJI,ok,128,
xTra-yePY_A,ok,177,
-jNlpGLpelg,ok,77,
tt2xKhTHZQs,ok,274,
hxnHdLQIX3o,ok,68,
BRRNeBKwvNM,ok,180,
XY6aAPhs0tE,ok,83,
WlFsUeYzezk,ok,107,
MeKJK4uetL8,ok,188,
YSZhrxOkBZI,ok,75,
nAHvKC_k5VE,ok,48,
Ox4YJsGm8mY,ok,63,
XXllBMHeKJE,http_error,0,"<HttpError 403 when requesting https://youtube.googleapis.com/youtube/v3/commentThreads?part=snippet&videoId=XXllBMHeKJE&maxResults=100&textFormat=plainText&key=AIzaSyBYlD1YuyrGaWJ_YDEqMFOEYwzbBwegmaU&alt=json returned ""The video identified by the <code><a href=""/youtube/v3/docs/commentThreads/list#videoId"">videoId</a></code> parameter has disabled comments."". Details: ""[{'message': 'The video identified by the <code><a href=""/youtube/v3/docs/commentThreads/list#videoId"">videoId</a></code> parameter has disabled comments.', 'domain': 'youtube.commentThread', 'reason': 'commentsDisabled', 'location': 'videoId', 'locationType': 'parameter'}]"">"
CyGWML6cI_k,ok,500,
UUp39T3fPAo,ok,66,
TdZTvzMPa6s,ok,194,
lFG1b1-EsW8,ok,200,
5tn8zo4ykMI,ok,236,
-mwF-znI4x0,ok,134,
FJxUN-kNXNs,ok,113,
7uRPPaYuu44,ok,500,
zjrFw3MASGc,ok,105,
_lyP_2p5MJc,ok,295,
SkB4gG8ke7Q,ok,235,
wxStlzunxCw,ok,176,
Bzfb4ZdNQFM,ok,7,
gJjLdnycuyU,ok,29,
SMnKboI4fvY,ok,54,
xv4_L5zlYaA,ok,440,
Q9cje57YDRU,ok,120,
G9-urSR19SI,ok,115,
-kHm6YiboHA,ok,48,
F3mzS32SH2Q,ok,113,
7SfhKi24z-M,ok,151,
ZjeZ8r7yWOk,ok,500,
GIBoCJeB3HQ,ok,106,
fjkTrdunJzA,ok,81,
stUl_OapUso,ok,500,
kcoUlel8qbw,ok,46,
Vn6elsrKz70,ok,84,
-T3k6s7bev8,ok,150,
wMt0K-AbpCU,ok,227,
jr5mTwfFh00,ok,112,
ewNTwBbLUhM,ok,209,
aQsOmGflf1o,ok,90,
Swj-8DrVT2M,ok,80,
Xj-ncWb4N-I,ok,52,
jTVWtrMleI0,ok,38,
McxUiTl61nY,ok,91,
vXlJEcrinwg,ok,117,
NI915VTjCHE,ok,85,
H2QxFM9y0tY,ok,500,
08z_xW-szwM,ok,199,
PK8PR22-c_U,ok,154,
HLEgiR1Fsds,ok,348,
dQmaMOxwaQI,ok,97,
mCHC99MqVfE,ok,61,
x6fIseKzzH0,ok,102,
DOisAG9yoNk,ok,57,
PYJ22-YYNW8,ok,175,
ngFXRh3ahm8,ok,21,
UJz69v_7258,ok,55,
H8rDS6Wto5g,ok,115,
iBa9EoEbb38,ok,185,
Dig_QFPPPtE,ok,221,
yjYrxcGSWX4,ok,413,
yXh1p2oBbPI,ok,97,
g7F9XCdeOtw,ok,123,
kBBmVezBUkg,ok,150,
aRcD31sA2a0,ok,426,
QuR969uMICM,ok,500,
b-HkNXW4nmU,ok,91,
o_U-_akINwQ,ok,173,
_vCIktrORFU,ok,314,
OWiiA9hXbY8,ok,71,
9NZCWeBNPeE,ok,95,
ygHwQXIlKJI,ok,90,
7G4WI4oTC5A,ok,46,
o_XVt5rdpFY,ok,500,
iu9u5yzUlb0,ok,81,
bLAw7yF0YBc,ok,145,
UDvw9vWSgt4,ok,105,
hokUdXYRe2Q,ok,148,
v4ly_-IIFCQ,ok,47,
qlzjohcBkmg,ok,138,
Is1YUQVYkvY,ok,150,
-BvcToPZCLI,ok,368,
JqcDzptviFw,ok,81,
gpE_W50OTUc,ok,269,
3zJHwOwirjA,ok,500,
mnRlB3G9fDU,ok,79,
zP3LaAYzA3Q,ok,271,
Ubbmje44gLg,ok,44,
LcNvkhS4UYg,ok,232,
jAw8t2g-eVU,ok,134,
1AT5klu_yAQ,ok,93,
UeGLnUqNI0s,ok,274,
D4vjGSiRGKY,ok,500,
ez7HOFKTtH0,ok,82,
AHV_BxlNzmM,ok,500,
-H1tUMRJoeo,ok,435,
oQ7vlPpUHN8,ok,65,
Y_p8qwDHtfA,ok,126,
XowcxCYbug0,ok,361,
mqX2BmiEDnQ,ok,132,
phgjouv0BUA,ok,175,
_jHmjs2270A,ok,88,
tFfYh9THuGo,ok,362,
zfAgyT4hy8Q,ok,124,
m7hdIIneypE,ok,145,
L375-rWJVmU,ok,100,
rpJx5VLQMxk,ok,179,
N3SQlrmV1cE,ok,161,
U51MSK6nSQE,ok,85,
360bU-vBJOI,ok,86,
Uroa2-MpiuE,ok,135,
rQy4gPjUY-s,ok,144,
PlytMrKfOFA,ok,71,
mJ0X5itK96o,ok,126,
s2cixaL9H3U,ok,268,
4E_1AB1rsSw,ok,149,
XewnyUJgyA4,ok,500,
xn5gw0q3Tqw,ok,62,
pxEcvU0Vp_M,ok,91,
_9lz7hYDvRM,ok,156,
rmfzwwrCrrU,ok,500,
dd1IeIHA0S8,ok,114,
uuatZO76MgQ,ok,183,
iw7nPE2jioU,ok,90,
dDClQv1SeeE,ok,351,
7Q59suYxIec,ok,57,
L7X17aash2s,ok,180,
-RkhAP0_ms4,ok,118,
Rv-tDrv__mc,ok,103,
b2Jv8vC-m3g,ok,56,
Uq6XgrYBugo,ok,168,
5bXiuSrZUKg,ok,46,
iBErp8qvWZg,ok,96,
3Va3oY8pfSI,ok,53,
NAYkF04IZHI,ok,122,
4xKgo0_HGRM,ok,61,
xqzLm0Xua8g,ok,172,
IBf9pXOmpFw,ok,476,
7LN4L5EMmmc,ok,65,
NuBtcUGqgMc,ok,74,
51k3UASQE5E,ok,72,
7p1nCRQCiUM,ok,107,
dgJsm8gDLK0,ok,64,
SU8JYKGekXo,ok,63,
IFpK-MqBD5E,ok,75,
6iM6M_7wBMc,ok,500,
SDLbFowy3A0,ok,130,
6UbpxCQTv34,ok,47,
k12j-E1LsUU,ok,186,
zpjxElfNpks,ok,217,
YY1ERM-NIBY,ok,154,
Euegk8-WjoQ,ok,500,
wcCZ-icYX9c,ok,65,
nisSeC81u2M,ok,430,
MEHU2gp1wtg,ok,106,
Hx9mkvBBXXw,ok,43,
bYi6GMv5Erw,ok,49,
bUjrtRQ64ek,ok,289,
onaiTOLPeUs,ok,47,
6C_-VdaXgCQ,ok,53,
Uq3MCf_6HtI,ok,73,
MiI7q_4p17M,ok,33,
YUUP2MMz7PU,ok,88,
2ch5FJAqLMk,ok,122,
zamvnyBB-SU,ok,61,
lY0H1E8DLtk,ok,31,
OrB9JBEk1ds,ok,146,
0DHywidLX6A,ok,200,
-XbrhfGNLOY,ok,37,
1mLQFm3wEfw,ok,180,
xgBnYr0_FRk,ok,140,
cZe3zcNoIKk,ok,226,
WyprXhvGVYk,ok,282,
pzH92njLrTE,ok,74,
deG_LTcAjaM,ok,148,
QMcwDmHiUZ8,ok,36,
wYb3Wimn01s,ok,251,
WvfydcUeXls,ok,76,
5qzy1fHYQNg,ok,86,
i2l9v_seHCc,ok,38,
KyVSuI6JyOs,ok,299,
Lv-TjM4YVzE,ok,43,
jlhtTKPkg5M,ok,139,
pnKhVpgcmFc,ok,245,
jOsX_HnJtHU,ok,95,
pcF6IRpe-Og,ok,221,
VlHiEN1zTKI,ok,238,
uv5-hIif7BQ,ok,500,
z1r1ugmDxjk,ok,26,
A3L6OZdnVWE,ok,191,
f7MghGrscVA,ok,298,
Rcm3rPz_Q94,ok,272,
tz9-N_mRI04,ok,147,
G7PydoX_WNQ,ok,61,
Y0vRupFPw90,ok,500,
IOABs1cOqDo,ok,57,
kvdHqS3ryw0,ok,500,
MehKgIcoj6o,ok,384,
ykLj-Hc28o4,ok,107,
roXTB6pQn28,ok,168,
v5c3FE_qRnI,ok,144,
762c6pFpoqg,ok,30,
1fZ915L1w7I,ok,133,
i_wtaoHCw3k,ok,66,
AEKy1AS75Zs,ok,102,
PX61e3sAj5k,ok,235,
iMFJef3xnmg,ok,338,
Xb1Wq4NA290,ok,133,
ajGgd9Ld-Wc,ok,500,
awADEuv5vWY,ok,442,
0R9zjn9BBvA,ok,500,
l--QYXCecew,ok,173,
9jZHw7Wf0v0,ok,500,
mhEYvrFOP88,ok,67,
TSomH3iGgYY,ok,40,
ciDjhKKxOaY,ok,68,
o4R1dGMxhLw,ok,77,
qaIghx4QRN4,ok,500,
4R3gFN8sUa8,ok,79,
POHYyP4EbzE,ok,120,
ovKqmRyOGcg,ok,95,
IQkj4CF_ha4,ok,156,
4xKC0ldOn0E,ok,146,
qxz68bDIHCw,ok,457,
CXy1byguvJY,ok,143,
6ElobAhlQo0,ok,148,
FW3198J83RQ,ok,62,
21hgbMa_sVc,ok,66,
WBqnzn77MEE,ok,166,
4INdeZ5HYpw,ok,238,
XY_lzonfE3I,ok,500,
o2DDU4g0PRo,ok,500,
zHbkOWz6AAg,ok,78,
yLfCCcVDUiU,ok,121,
ylOlZz7s52Q,ok,137,
1g-1_Y3fvUg,ok,134,
WhpAYw9kCt8,ok,500,
rfi3w9Bzwik,ok,500,
KAQ11iNknoU,ok,500,
dKq34EVggjI,ok,64,
QAAxKRFP2Mw,ok,97,
hItQZfVU6-g,ok,115,
GRfudKFLAmI,ok,273,
v9EKV2nSU8w,ok,500,
4xJ1rSq4nZ4,ok,89,
LsAN-TEJfN0,ok,115,
0g0S34XE2b8,ok,100,
HW2SSoYteIs,ok,180,
BPsSKKL8N0s,ok,500,
XyTcINLKq4c,ok,500,
kefDIEb3xyQ,ok,159,
AI7M-JTC6_w,ok,135,
2LRwvU6gEbA,ok,123,
p1gVCOFXGZk,ok,215,
lhoCdZFoktQ,ok,340,
L4N1q4RNi9I,ok,500,
rJmwZhy9Suk,ok,79,
yue6t5UmP4o,ok,274,
9IPHZ2rN-Hs,ok,95,
E3cK8IL0JCE,ok,171,
cUee1I69nFs,ok,500,
1w3NXBXdY5c,ok,74,
5foou7mIA0w,ok,85,
7a5NyUITbyk,ok,500,
klm0ghWoEhQ,ok,85,
FcN3BW4vR7M,ok,55,
PLk8Pm_XBJE,ok,500,
r-YXvkWLy-g,ok,322,
-nKdufEaL8k,ok,35,
xjvTIP7pV20,ok,67,
l4gJCBK0Tfc,ok,73,
3boKz0Exros,ok,114,
ARb2UfDgSHQ,ok,281,
dO1LxQEoGLc,ok,89,
_tewedUBhAo,ok,70,
A_u2WFTfbcg,ok,219,
TZNOrZIdct8,ok,102,
xHHb7R3kx40,ok,500,
hQltlSDNmd0,ok,162,
SO7pX6ojJQ0,ok,89,
3P-2dcS19fk,ok,85,
zfbigT9I0Qg,ok,36,
Rhcrbcg8HBw,ok,500,
L-q-tSHo9Ho,ok,500,
-guHd9Zrbn4,ok,446,
vVx39Jv6PFM,ok,500,
hPgY45xsGsU,ok,81,
EZKDkSY1GBM,ok,63,
phu4Z6QEXJE,ok,67,
Bs2Fv3YiSFM,ok,411,
pVeq-0dIqpk,ok,253,
g3vSYbT1Aco,ok,500,
eemOZfsrKdg,ok,35,
3-UcGCnJ14c,ok,306,
7MHOk7qVhYs,ok,135,
F2XPF6rQ6fs,ok,107,
yCm9Ng0bbEQ,ok,500,
waVUm5bhLbg,ok,408,
1XvLEhZIAVk,ok,53,
TfKpvpxdNz8,ok,84,
yF4MgSh7VO4,ok,20,
JoUZ929qoLk,ok,398,
_2PhFnwj608,ok,58,
U4gR_cd6xOc,ok,78,
Dar8P3r7GYA,ok,500,
kuT7zWZEwl0,ok,112,
LY5hMMjiN6k,ok,189,
5zWmdHmJMd0,ok,92,
c0bsKc4tiuY,ok,500,
cfzkBGgxXGE,ok,150,
Erm4vP1vTn8,ok,157,
aMkNASF9lwE,ok,117,
3B24RaqA33k,ok,195,
qQ-PUXPVlos,ok,500,
IyrcWMvu9ek,ok,19,
RKK7wGAYP6k,ok,500,
zbHe4RpgV80,ok,101,
wD3-6JIUF7M,ok,240,
V84b-WIlNA0,ok,81,
zA6_pcEz8Ls,ok,196,
kZP8Kqr_bcw,ok,54,
-I3e6Mkfp7M,ok,71,
Tu01sNfs5SQ,ok,77,
hs-YuHv0vUk,ok,73,
uJr4wGcLNsA,ok,72,
r9Zz4hYuGdw,ok,296,
WKlIyta-lu4,ok,74,
VM6HZqQKhok,ok,500,
lXQ4HSMp1OA,ok,106,
qpfq3xCdAu4,ok,55,
SQB9zNWw9MA,ok,52,
J3pGKt7fE-M,ok,156,
UQzvNIIMayo,ok,237,
56XQd6fcWu8,ok,164,
0JGarsZE1rk,ok,41,
DGvPfD1Dd1U,ok,41,
tl-3r8Gid90,ok,44,
5QTjSH1KGlY,ok,33,
M5PiTCwoQRo,ok,127,
1XL8I9-IqRY,ok,24,
ZLiUelSu7s8,ok,63,
BzeTjn0R2VY,ok,340,
L0qnh0m50vQ,ok,202,
Bs86giWcjLA,ok,217,
n3qA8DNc2Ss,ok,141,
2j00U6lUC-c,ok,134,
ERSZb2wHFDw,ok,143,
m6X1i8khmt8,ok,364,
yuu6o4AQwNI,ok,54,
u1_dYypojbE,ok,73,
Qao76IPXW-E,ok,169,
VxE_itIllxE,ok,47,
J_Sc7hYKstI,ok,59,
6k8YBJ5sgko,ok,99,
HqekWf-JC-A,ok,135,
TUgBd-yK7-4,ok,54,
5CSDIcUsIJk,ok,105,
B43f89Y9f-A,ok,116,
LHmz_s981-g,ok,28,
2VBkDNzeRZM,ok,51,
xQZxGCPjpqM,ok,27,
BHY0FxzoKZE,ok,500,
OIlSXRC-B-I,ok,367,
USnf5kbsMlg,ok,71,
OEydHbngSz0,ok,68,
wOsQKjNoHmw,ok,133,
jk6Y3f2c4-I,ok,73,
1tcqfWki-hw,ok,110,
EV3OmxrowWE,ok,74,
guXxy8LH2QM,ok,336,
twWkGt33X_k,ok,125,
yeVU2Ff4ffc,ok,78,
TFgtI7nt6Q4,ok,70,
YsXg3J1x4OY,ok,49,
Cprp_EjVtwA,ok,150,
1oNlTrLIjU4,ok,137,
Y0UB6g8Rsyw,ok,150,
mgcjr1yz7ow,ok,45,
5ErKrSyUpEo,ok,169,
ZivM_83PBU0,ok,3,
atKSMfx4E3I,ok,54,
wmE8dQcZgB4,ok,81,
wmMrZyVANUo,ok,80,
PfWGiu0jGv0,ok,47,
PbgB2TaYhio,ok,500,
hQigUH0vZSE,ok,153,
k0GQSJrpVhM,ok,500,
iclWth_VvBs,ok,260,
NcmxEPOQQzg,ok,48,
5RAJvzV9j-o,ok,94,
R84vqXjXWJc,ok,113,
pgmiPXAwiLg,ok,500,
b4k-KPELNcc,ok,28,
NDQ1Mi5I4rg,ok,487,
ZJPdJuhI03U,ok,65,
20adDr7Felw,ok,151,
7LE4MoJ-2po,ok,75,
mT4Qbp89nIQ,ok,500,
8UhqkX2VAmo,ok,85,
_7t6Ry4PlTo,ok,27,
tbvUCrS5_5I,ok,50,
85hbMtegrLc,ok,66,
yg8SBuTuoKk,ok,188,
C6mNITMY7e0,ok,30,
JoGCaI1HzYo,ok,108,
RtFFT4zjyTM,ok,56,
ZpT0cw9bmiw,ok,17,
ZzugJPASNB8,ok,56,
dDZoGcQVjJg,ok,500,
-mhe7COLiR0,ok,63,
j4LSwZ05laQ,ok,108,
LhszKevcH30,ok,53,
6oLsJUH1cfU,ok,52,
a17Z5Sk2XJY,ok,88,
t6eFzt6kFGE,ok,47,
jKM0jlPW8x0,ok,111,
S-3qnZrVy9o,ok,84,
oHDq1PcYkT4,ok,142,
dOt4NkcmIUg,ok,242,
4tQee2_JgUo,ok,36,
F0ofeD8VKMA,ok,48,
VMXdSkW6hns,ok,267,
O13KwsyDqeE,ok,147,
nLB8A--QdHc,ok,136,
ER0G2S9r7aE,ok,75,
0gks6ceq4eQ,ok,500,
M0-b-z5Le10,ok,61,
XZiNVGA78kA,ok,164,
itLUXZnLRn8,ok,120,
u4L130DkdOw,ok,500,
YATYsgi3e5A,ok,159,
mLufqwmPl1A,ok,44,
fWqKalpYgLo,ok,39,
55yGmKc6WfE,ok,35,
jtVIDBs60S8,ok,70,
j_GzkjHtFiA,ok,92,
aupPrDnhrKA,ok,58,
G88JZ1DIdg8,ok,121,
Kab-mpU-YVM,ok,188,
FQfWKSdIreM,ok,49,
1U2qMRGihGg,ok,500,
Cetg4gu0oQQ,ok,500,
5UH7uTpTa44,ok,202,
QijH4UAqGD8,ok,500,
CiLn-GrcuEs,ok,97,
J6tgYBMXR6s,ok,184,
bZsn1_DARRs,ok,37,
t8R_GKS-M2Y,ok,102,
73rUjrow5pI,ok,149,
2wseM6wWd74,ok,334,
uL5XUwfkxZw,ok,57,
JrRRvqgYgT0,ok,77,
coHWLitlm-U,ok,99,
xRL2vVAa47I,ok,500,
d0a0eXJ5TJM,ok,44,
F5h6ynoq8uM,ok,71,
g-ONUFFt2qM,ok,42,
A_xXC37CDSw,ok,500,
a6Qvzp516gY,ok,94,
_bm98rrVZzE,ok,84,
5nys6iebjHw,ok,116,
HbQZ7jAvgoI,ok,500,
y1yK36RMyRE,ok,116,
mGbMwP8MDjg,ok,95,
Sv5QitqbxJw,ok,77,
xAXUq-Qc8DI,ok,211,
O6Vayv9FCLM,ok,212,
HX17MXvwYHo,ok,158,
5w5BhwLzoqg,ok,77,
9y7YEmyz-Do,ok,81,
HNMQ_w7hXTA,ok,408,
Mt0PiXLvYlU,ok,134,
rtcrqLWZr_0,ok,90,
QPC5_P2_Fu8,ok,500,
DJGreSgaOTc,ok,48,
iFTWM7HV2UI,ok,500,
z3kdIL_EbQU,ok,46,
swB7Ivct8d8,ok,500,
lPtPG2lAmm4,ok,449,
ZSEO3dpAs5w,ok,55,
2BVSEnJte84,ok,289,
Uq1idqpX9-A,ok,72,
Q-sK-s_TzN0,ok,173,
hfznpykprP0,ok,82,
a4ZBzM3L6ws,ok,261,
0-FkPxSc_M4,ok,54,
yNhu0MG_2MA,ok,138,
Qd5rAVHT6Vw,ok,100,
qWNae7vYK6s,ok,475,
8nbeD1mwCdo,ok,500,
_B9A3J70IPQ,ok,85,
B905LapVP7I,ok,101,
Ogce5D2XMZ0,ok,149,
pvBlSFVmoaw,ok,500,
28sa2zGgmwE,ok,203,
iU1bhHeCkoU,ok,293,
KCr8s57hdzY,ok,299,
OzA6jRYjVQs,ok,500,
shG0ezBeeJc,ok,173,
3o655tLnik0,ok,115,
oEIYHTlbeLA,ok,500,
0txtVkBUdSQ,ok,63,
8Dv2Hdf5TRg,ok,195,
ZL-6MeYBeUs,ok,500,
8woKcr7u-YQ,ok,179,
x7I5BWW-0c8,ok,76,
D8S_LLnV3W8,ok,88,
zawpbVpu5nY,ok,107,
vGX3FA_rQq4,ok,106,
h9deGh8_tEc,ok,50,
qYUmI5kGsYk,ok,247,
OqUaEJLfrLo,ok,500,
0bRocfcPhHU,ok,75,
lWnr-99DNeE,ok,56,
2wu28tI9VkM,ok,102,
MQrhPhan5Gw,ok,109,
lUO0xDSJQVI,ok,56,
tg_CwQwYNjc,ok,39,
_ryJK294Psw,ok,229,
H03o2WCBoDU,ok,181,
yjtCDgjxRAw,ok,87,
Qhomjw2P-V0,ok,100,
y9Trdafp83U,ok,500,
qty0NjF3pdQ,ok,167,
acikxzM6GaY,ok,97,
hv-tFIuhD8E,ok,92,
B5pFS8XD_MM,ok,112,
eVFYhbHpfqU,ok,119,
HY71088saG4,ok,200,
hz2ONnzRANs,ok,113,
0ZfSOArXbGQ,ok,62,
kdqUhTnAgJU,ok,168,
BXcFEhl7ynM,ok,135,
nz0cAjXVepg,ok,157,
a_avBsX60-s,ok,44,
dkmpRQdJslI,ok,184,
Iv3Ud7_hv9g,ok,61,
BPeFy4iyzn0,ok,103,
Urk3xn7l3AM,ok,297,
u9Lu85L111Y,ok,91,
tb-WdVA4_bo,ok,142,
_2u_eHHzRto,ok,327,
HXbsVbFAczg,ok,434,
tS2aI-c3Q8A,ok,68,
ptIecdCZ3dg,ok,266,
9B5Z-7ELMO8,ok,192,
IFjD3NMv6Kw,ok,500,
RlQ3C_VanaU,ok,403,
rThUrXYaneo,ok,106,
c73Q8oQmwzo,ok,440,
gbDraZi7F_4,ok,65,
ultonpeO0ZA,ok,83,
Hg9STIrY0No,ok,110,
WfjzkO6_DEI,ok,290,
Wgt8QUHQjw8,ok,246,
DJMhz7JlPvA,ok,122,
Cgxsv1riJhI,ok,500,
2vE-elqTGlQ,ok,15,
LQq3NSoQH48,ok,180,
DDaldVHUedI,ok,151,
AO4In7d6X-c,ok,500,
FauPVZxDXxk,ok,47,
cgxZ4H3gJ8c,ok,500,
bJkv9b9o9lo,ok,73,
nO69Njad-ec,ok,96,
mguvTfAw4wk,ok,500,
PrK0CifulU0,ok,86,
SSZG5aPkZyM,ok,57,
pk35J2u8KqY,ok,91,
0K5OO2ybueM,ok,396,
Tmk7nAvpMXQ,ok,126,
C74amJRp730,ok,500,
1o9NEtA2IEQ,ok,58,
TppG2Wcl3bY,ok,182,
AMVgX8cXsHA,ok,225,
6wNif5SlN08,ok,100,
ULNPLFrTirQ,ok,166,
weWl6PqAdHY,ok,240,
RD_SLJG7oi8,ok,191,
PYjWLqE_cfE,ok,64,
Fc1yN6uxZfQ,ok,104,
lyu7v7nWzfo,ok,500,
fscaRh2OtXk,ok,80,
-E5K2pGB08Y,ok,179,
bnvnBwP9sTo,ok,228,
Q6U69HbAF9Y,ok,348,
5J6jAC6XxAI,ok,500,
X41iulkRqZU,ok,244,
qKJv4S5peJQ,ok,167,
Hf_zXx09IB8,ok,56,
48x_00Iy0ac,ok,266,
HDjM5lw8OYo,ok,134,
YsA_JTeHJ6A,ok,268,
VbeekjZP-CI,ok,318,
N9HF8mMe2pU,ok,59,
D9ZNpt6FVTY,ok,127,
PgCmT0qkfQM,ok,256,
NP8xt8o4_5Q,ok,500,
KJPpJhQxaLw,ok,121,
WyOSqjIABe0,ok,337,
3vJ4-UH38dQ,ok,56,
_B1JmOerYmY,ok,137,
ydKcaIE6O1k,ok,500,
8olL43PKJKw,http_error,0,"<HttpError 403 when requesting https://youtube.googleapis.com/youtube/v3/commentThreads?part=snippet&videoId=8olL43PKJKw&maxResults=100&textFormat=plainText&key=AIzaSyBYlD1YuyrGaWJ_YDEqMFOEYwzbBwegmaU&alt=json returned ""The video identified by the <code><a href=""/youtube/v3/docs/commentThreads/list#videoId"">videoId</a></code> parameter has disabled comments."". Details: ""[{'message': 'The video identified by the <code><a href=""/youtube/v3/docs/commentThreads/list#videoId"">videoId</a></code> parameter has disabled comments.', 'domain': 'youtube.commentThread', 'reason': 'commentsDisabled', 'location': 'videoId', 'locationType': 'parameter'}]"">"
TS6lFDVR-3g,ok,500,
ta2Wvy9F_gA,ok,388,
U5-yBjKKicA,ok,186,
EBK-a94IFHY,ok,166,
t-K6bn9sc50,ok,57,
ORthzIOEf30,ok,500,
urOCG-MlB9g,ok,42,
sVtIuDKFO1c,ok,52,
BvpmZktlBFs,ok,197,
TO-_kVIkY6A,ok,398,
AhUhpfKeLus,ok,137,
0ztdofPc8Rw,http_error,0,"<HttpError 403 when requesting https://youtube.googleapis.com/youtube/v3/commentThreads?part=snippet&videoId=0ztdofPc8Rw&maxResults=100&textFormat=plainText&key=AIzaSyBYlD1YuyrGaWJ_YDEqMFOEYwzbBwegmaU&alt=json returned ""The video identified by the <code><a href=""/youtube/v3/docs/commentThreads/list#videoId"">videoId</a></code> parameter has disabled comments."". Details: ""[{'message': 'The video identified by the <code><a href=""/youtube/v3/docs/commentThreads/list#videoId"">videoId</a></code> parameter has disabled comments.', 'domain': 'youtube.commentThread', 'reason': 'commentsDisabled', 'location': 'videoId', 'locationType': 'parameter'}]"">"
ALTvG9MIR64,ok,36,
CL-SiaFuLo4,ok,500,
twG4mr6Jov0,ok,500,
lwVYaY39YbQ,ok,169,
F89eycANUrQ,ok,500,
0ygtX2nyexo,ok,489,
vWJwa7lntTs,ok,144,
nFEgRt2EH1g,ok,221,
S6ufvYWTqQ0,ok,500,
sRT61YB0hSQ,ok,113,
0NV1KdWRHck,ok,500,
C2p42GASnUo,ok,500,
nbYQ7kdt0U4,ok,68,
WfD_FRPjQTo,ok,69,
Sf8j5LFv3nI,ok,43,
tjkrKA1cVdU,ok,92,
sFIDCtRX_-o,ok,56,
zIwLWfaAg-8,ok,500,
VzyjDR_AWzE,ok,365,
cGxybNBWy1U,ok,110,
BIvezCVcsYs,ok,500,
mkd_XHXhCcw,ok,91,
36zrJfAFcuc,ok,500,
PaxNc5-qn6s,ok,144,
xmKULRGBeG8,ok,65,
ZWfCi9WxK1E,ok,115,
7_RGn75JcZ8,ok,226,
38OUCtzkT4Q,ok,126,
Bo8YN3oB0Cw,ok,135,
HR9956gDpUY,ok,163,
Zwwanld4T1w,ok,199,
ag33QJmknXM,ok,158,
I1cGiNnJZgU,ok,40,
akiQuyhXR8o,ok,126,
TeGr86rq06c,ok,49,
AYzA2uyd9_s,ok,500,
IfSkBBgF4a0,ok,46,
-vqV-gHa2FE,ok,163,
mWA2uL8zXPI,http_error,0,"<HttpError 403 when requesting https://youtube.googleapis.com/youtube/v3/commentThreads?part=snippet&videoId=mWA2uL8zXPI&maxResults=100&textFormat=plainText&key=AIzaSyBYlD1YuyrGaWJ_YDEqMFOEYwzbBwegmaU&alt=json returned ""The video identified by the <code><a href=""/youtube/v3/docs/commentThreads/list#videoId"">videoId</a></code> parameter has disabled comments."". Details: ""[{'message': 'The video identified by the <code><a href=""/youtube/v3/docs/commentThreads/list#videoId"">videoId</a></code> parameter has disabled comments.', 'domain': 'youtube.commentThread', 'reason': 'commentsDisabled', 'location': 'videoId', 'locationType': 'parameter'}]"">"
ByEoeBYUwOo,ok,72,
zcMj4Az1MwE,ok,500,
esD6aaIjhek,ok,155,
N0vRIqeoefs,ok,342,
UG_X_7g63rY,ok,320,
qxmEpmCtM3o,ok,159,
n8yhaFd_GpM,ok,500,
-GhVGZVcME8,ok,172,
xlUPlxSpDRo,ok,44,
JlbwchclCBo,ok,52,
es4w3WUcrN0,ok,151,
7kkRkhAXZGg,ok,500,
aTfwA1TaH3Q,ok,90,
_pQ1BCdSTTI,ok,39,
M_4x6G0zzeg,ok,195,
CVdPhUPO5YU,ok,147,
kTz52RW_bD0,http_error,0,"<HttpError 403 when requesting https://youtube.googleapis.com/youtube/v3/commentThreads?part=snippet&videoId=kTz52RW_bD0&maxResults=100&textFormat=plainText&key=AIzaSyBYlD1YuyrGaWJ_YDEqMFOEYwzbBwegmaU&alt=json returned ""The video identified by the <code><a href=""/youtube/v3/docs/commentThreads/list#videoId"">videoId</a></code> parameter has disabled comments."". Details: ""[{'message': 'The video identified by the <code><a href=""/youtube/v3/docs/commentThreads/list#videoId"">videoId</a></code> parameter has disabled comments.', 'domain': 'youtube.commentThread', 'reason': 'commentsDisabled', 'location': 'videoId', 'locationType': 'parameter'}]"">"
z0HsPBKfhoI,ok,500,
2ju61VPdTzw,ok,93,
w1R4F9s_oow,ok,166,
8UPHFjHvGvY,ok,496,
ktOeFgmdIAo,http_error,0,"<HttpError 403 when requesting https://youtube.googleapis.com/youtube/v3/commentThreads?part=snippet&videoId=ktOeFgmdIAo&maxResults=100&textFormat=plainText&key=AIzaSyBYlD1YuyrGaWJ_YDEqMFOEYwzbBwegmaU&alt=json returned ""The video identified by the <code><a href=""/youtube/v3/docs/commentThreads/list#videoId"">videoId</a></code> parameter has disabled comments."". Details: ""[{'message': 'The video identified by the <code><a href=""/youtube/v3/docs/commentThreads/list#videoId"">videoId</a></code> parameter has disabled comments.', 'domain': 'youtube.commentThread', 'reason': 'commentsDisabled', 'location': 'videoId', 'locationType': 'parameter'}]"">"
dY9f9bFctUE,http_error,0,"<HttpError 403 when requesting https://youtube.googleapis.com/youtube/v3/commentThreads?part=snippet&videoId=dY9f9bFctUE&maxResults=100&textFormat=plainText&key=AIzaSyBYlD1YuyrGaWJ_YDEqMFOEYwzbBwegmaU&alt=json returned ""The video identified by the <code><a href=""/youtube/v3/docs/commentThreads/list#videoId"">videoId</a></code> parameter has disabled comments."". Details: ""[{'message': 'The video identified by the <code><a href=""/youtube/v3/docs/commentThreads/list#videoId"">videoId</a></code> parameter has disabled comments.', 'domain': 'youtube.commentThread', 'reason': 'commentsDisabled', 'location': 'videoId', 'locationType': 'parameter'}]"">"
bVV2Zk88beY,ok,500,
6cL5Nud8d7w,ok,500,
HfMhU6qjVVM,ok,68,
aR5N2Jl8k14,ok,500,
BXlnrFpCu0c,http_error,0,"<HttpError 403 when requesting https://youtube.googleapis.com/youtube/v3/commentThreads?part=snippet&videoId=BXlnrFpCu0c&maxResults=100&textFormat=plainText&key=AIzaSyBYlD1YuyrGaWJ_YDEqMFOEYwzbBwegmaU&alt=json returned ""The video identified by the <code><a href=""/youtube/v3/docs/commentThreads/list#videoId"">videoId</a></code> parameter has disabled comments."". Details: ""[{'message': 'The video identified by the <code><a href=""/youtube/v3/docs/commentThreads/list#videoId"">videoId</a></code> parameter has disabled comments.', 'domain': 'youtube.commentThread', 'reason': 'commentsDisabled', 'location': 'videoId', 'locationType': 'parameter'}]"">"
9qd36_QPxSY,ok,136,
YKACzIrog24,ok,193,
ogeGJS0GEF4,ok,211,
szt7f5NmE9E,ok,500,
rftagV38YKY,ok,127,
AkUcaludrcI,ok,83,
WJo98LfIfEA,http_error,0,"<HttpError 403 when requesting https://youtube.googleapis.com/youtube/v3/commentThreads?part=snippet&videoId=WJo98LfIfEA&maxResults=100&textFormat=plainText&key=AIzaSyBYlD1YuyrGaWJ_YDEqMFOEYwzbBwegmaU&alt=json returned ""The video identified by the <code><a href=""/youtube/v3/docs/commentThreads/list#videoId"">videoId</a></code> parameter has disabled comments."". Details: ""[{'message': 'The video identified by the <code><a href=""/youtube/v3/docs/commentThreads/list#videoId"">videoId</a></code> parameter has disabled comments.', 'domain': 'youtube.commentThread', 'reason': 'commentsDisabled', 'location': 'videoId', 'locationType': 'parameter'}]"">"
FqrLUtIFVjs,ok,161,
E_fB_s_TC5k,ok,175,
gyPoqFcvt9w,http_error,0,"<HttpError 403 when requesting https://youtube.googleapis.com/youtube/v3/commentThreads?part=snippet&videoId=gyPoqFcvt9w&maxResults=100&textFormat=plainText&key=AIzaSyBYlD1YuyrGaWJ_YDEqMFOEYwzbBwegmaU&alt=json returned ""The video identified by the <code><a href=""/youtube/v3/docs/commentThreads/list#videoId"">videoId</a></code> parameter has disabled comments."". Details: ""[{'message': 'The video identified by the <code><a href=""/youtube/v3/docs/commentThreads/list#videoId"">videoId</a></code> parameter has disabled comments.', 'domain': 'youtube.commentThread', 'reason': 'commentsDisabled', 'location': 'videoId', 'locationType': 'parameter'}]"">"
nOHbn8Q1fBM,ok,500,
6V6p1tgHfm0,ok,198,
ulYR5bpu68E,ok,56,
n3kNlFMXslo,ok,500,
th3nnEpITz0,ok,500,
xsU10fX0aC0,ok,52,
waRC-CQnoeY,ok,103,
YDvbDiJZpy0,ok,338,
Ds_rzoyyfF0,ok,328,
hfDkDzZ9GsU,ok,94,
zMWYQRKuc5M,ok,130,
zU-5GcqzHNM,ok,500,
dYNc3P4j-t4,ok,204,
YyXRYgjQXX0,ok,500,
o4Nno6POrwE,ok,500,
BQj2Z_GPsY8,ok,132,
qMppKiqMpAk,ok,167,
GSf6nij-SdA,http_error,0,"<HttpError 403 when requesting https://youtube.googleapis.com/youtube/v3/commentThreads?part=snippet&videoId=GSf6nij-SdA&maxResults=100&textFormat=plainText&key=AIzaSyBYlD1YuyrGaWJ_YDEqMFOEYwzbBwegmaU&alt=json returned ""The video identified by the <code><a href=""/youtube/v3/docs/commentThreads/list#videoId"">videoId</a></code> parameter has disabled comments."". Details: ""[{'message': 'The video identified by the <code><a href=""/youtube/v3/docs/commentThreads/list#videoId"">videoId</a></code> parameter has disabled comments.', 'domain': 'youtube.commentThread', 'reason': 'commentsDisabled', 'location': 'videoId', 'locationType': 'parameter'}]"">"
Fb3yp4uJhq0,ok,500,
8sQ2p89P0Us,ok,347,
j-SqQDPGW2k,ok,231,
IjbTiRbeNpM,ok,256,
wYC-HKl4RPU,ok,40,
jM9Q3xP2iBo,ok,111,
Fcm-mAwPkxg,ok,114,
-vZXgApsPCQ,ok,500,
501FEzbB1JI,ok,181,
lwcvhh4pLjE,ok,341,
3wxBTEo8-T8,ok,78,
qaf-jNLjedo,ok,58,
VSUWNy_-pLI,ok,412,
iWaZEXBbQL0,ok,129,
tbicAmaXYtM,ok,500,
d-8n24ZwZcQ,ok,328,
MEDgtjpycYg,ok,225,
w8lH8tNlAXc,ok,500,
r92jUj7gNRw,ok,468,
ZQElzjCsl9o,ok,500,
hHOX3dlhhZ0,ok,73,
hLltkC-G5dY,ok,71,
RplnSVTzvnU,ok,500,
akOe5-UsQ2o,http_error,0,"<HttpError 403 when requesting https://youtube.googleapis.com/youtube/v3/commentThreads?part=snippet&videoId=akOe5-UsQ2o&maxResults=100&textFormat=plainText&key=AIzaSyBYlD1YuyrGaWJ_YDEqMFOEYwzbBwegmaU&alt=json returned ""The video identified by the <code><a href=""/youtube/v3/docs/commentThreads/list#videoId"">videoId</a></code> parameter has disabled comments."". Details: ""[{'message': 'The video identified by the <code><a href=""/youtube/v3/docs/commentThreads/list#videoId"">videoId</a></code> parameter has disabled comments.', 'domain': 'youtube.commentThread', 'reason': 'commentsDisabled', 'location': 'videoId', 'locationType': 'parameter'}]"">"
ZnC_UBmeRxw,ok,72,
XiEQmcZi8cM,ok,500,
1k89OTpDvIU,ok,88,
uYaF8p_TNSU,ok,382,
FPhZGD-6kVQ,ok,50,
Sa27SUR0Mlo,ok,45,
7O7BMa9XGXE,ok,500,
_ZW-8-NCKMw,ok,376,
bzlYyhh3X0w,http_error,0,"<HttpError 403 when requesting https://youtube.googleapis.com/youtube/v3/commentThreads?part=snippet&videoId=bzlYyhh3X0w&maxResults=100&textFormat=plainText&key=AIzaSyBYlD1YuyrGaWJ_YDEqMFOEYwzbBwegmaU&alt=json returned ""The video identified by the <code><a href=""/youtube/v3/docs/commentThreads/list#videoId"">videoId</a></code> parameter has disabled comments."". Details: ""[{'message': 'The video identified by the <code><a href=""/youtube/v3/docs/commentThreads/list#videoId"">videoId</a></code> parameter has disabled comments.', 'domain': 'youtube.commentThread', 'reason': 'commentsDisabled', 'location': 'videoId', 'locationType': 'parameter'}]"">"
DvuINJTMG8g,ok,126,
6liIKYeUzaY,ok,167,
VfAiNX7jn9A,ok,42,
6-eYu0fCtU8,ok,87,
AoAbPIbGLUo,ok,111,
OlLFK8oSNEM,ok,500,
zwpiI18TBdE,ok,500,
hSSmmlridUM,ok,130,
Let7s6_PgEU,ok,95,
D-_Az5nZBBM,ok,402,
GqGksNRYu8s,ok,120,
_mq-HqRnngc,ok,284,
urntcMUJR9M,ok,84,
Qs9m8obl0AY,ok,76,
Nh-TVcNFtVI,ok,73,
2ZviHInGBJQ,ok,228,
VQRjouwKDlU,ok,500,
cmpu58yv8-g,ok,309,
1S9RVl1d-l4,ok,57,
0d6iSvF1UmA,ok,217,
1BXYSGepx7Q,ok,449,
WvvuLDX7iIk,ok,92,
8nt3edWLgIg,ok,500,
lAzQWtkPzbI,ok,88,
iEy-xTbcr2A,ok,500,
8v_GrrQs8ow,ok,73,
DzNN_4rcIjs,ok,58,
3bj-ba3P_cU,ok,89,
TvcNw4F0Y4Y,ok,148,
NqOjj1FCcVY,ok,235,
uq-6T6TAu74,ok,290,
MvXZzKZ3JYQ,ok,138,
LZXUR4z2P9w,ok,500,
CyElHdaqkjo,ok,500,
pPgd7Hj3ABQ,ok,360,
IYDqtxvKDW4,ok,65,
druJDI6hiiY,ok,181,
jPf0LjZAS14,ok,188,
Dceyy0cX6J4,ok,500,
-MTRxRO5SRA,ok,500,
T_cetimMBL8,ok,77,
rFpDK2KhAgw,ok,325,
rAZPIxYvBAE,ok,356,
e-BZigXlphY,ok,214,
M_X0uwAG2Jc,ok,46,
Pl8OlkkwRpc,ok,500,
IL2lb9fmIV8,ok,71,
5qaktKVL_zM,ok,57,
AyWtIwwEgS0,ok,252,
k5tCYg9s0HU,ok,139,
50yxXTAHrfc,ok,41,
Dh5sPiuaO9Y,ok,96,
P1sbSJK1LiI,ok,251,
JI-HzvXk5bk,ok,180,
9RTkZaX1cH0,ok,222,
CPVjktgYKo4,ok,150,
2Brajdazp1o,ok,198,
l1fodZNF1GI,ok,75,
gWmRkYsLzB4,ok,371,
Un2yBgIAxYs,ok,500,
CDdpQSLr7YE,ok,93,
qNvDRuGK84I,ok,79,
g9M3HIjHuq0,ok,71,
c8WMM_PUOj0,ok,106,
cXbXNV9-ZAg,ok,500,
mjUsobGWhs8,ok,500,
hiIcwt88o94,ok,91,
b28brIs1OmM,ok,167,
g2m97gPI70I,ok,51,
B4a0NvLTebw,ok,201,
dcwuBo4PvE0,ok,500,
8yqAD0MX3Zk,ok,131,
Znc6TJAAXFU,ok,79,
Sd7lvPpDDUg,ok,36,
w4RLfVxTGH4,ok,500,
uSUOdu_5MPc,ok,234,
P9B8PmUR64U,ok,61,
7sqeoYOQ4qg,ok,171,
qYvXk_bqlBk,ok,500,
VJoQj00RZHg,http_error,0,"<HttpError 403 when requesting https://youtube.googleapis.com/youtube/v3/commentThreads?part=snippet&videoId=VJoQj00RZHg&maxResults=100&textFormat=plainText&key=AIzaSyBYlD1YuyrGaWJ_YDEqMFOEYwzbBwegmaU&alt=json returned ""The video identified by the <code><a href=""/youtube/v3/docs/commentThreads/list#videoId"">videoId</a></code> parameter has disabled comments."". Details: ""[{'message': 'The video identified by the <code><a href=""/youtube/v3/docs/commentThreads/list#videoId"">videoId</a></code> parameter has disabled comments.', 'domain': 'youtube.commentThread', 'reason': 'commentsDisabled', 'location': 'videoId', 'locationType': 'parameter'}]"">"
C44r6knuJtU,ok,79,
D55ctBYF3AY,ok,187,
-hY9QSdaReY,ok,89,
cJg_tPB0Nu0,ok,115,
7LPJrzZaoZg,ok,86,
OIpgrZ8yS-Q,ok,189,
wlR1ojoiue0,ok,169,
XiDAztWWAuM,ok,500,
YXWKuK-Qsu4,ok,374,
Kxg0_EpOcWs,ok,500,
CjB6DQGalU0,ok,74,
Kc0Kthyo0hU,ok,500,
afev0ZjAhUA,ok,198,
ktD119xbBtY,ok,115,
3dy4SGkSD8M,ok,52,
6LmPq7D-ds0,ok,97,
ddxHlkIuHqg,ok,46,
nCwwVjPNloY,ok,500,
ppZ2WIlRvR8,ok,91,
9VF7kffCgJU,ok,111,
uTL9tm7S1Io,ok,282,
9AgCr2tTvng,ok,433,
A-OvJjAw2Jo,ok,56,
vc-n852sv3E,http_error,0,"<HttpError 403 when requesting https://youtube.googleapis.com/youtube/v3/commentThreads?part=snippet&videoId=vc-n852sv3E&maxResults=100&textFormat=plainText&key=AIzaSyBYlD1YuyrGaWJ_YDEqMFOEYwzbBwegmaU&alt=json returned ""The video identified by the <code><a href=""/youtube/v3/docs/commentThreads/list#videoId"">videoId</a></code> parameter has disabled comments."". Details: ""[{'message': 'The video identified by the <code><a href=""/youtube/v3/docs/commentThreads/list#videoId"">videoId</a></code> parameter has disabled comments.', 'domain': 'youtube.commentThread', 'reason': 'commentsDisabled', 'location': 'videoId', 'locationType': 'parameter'}]"">"
o9DNWK6WfQw,ok,500,
tRqJysI-yiw,ok,130,
6diqpGKOvic,ok,500,
_bphPa7Wp4c,ok,92,
MO0L_LY2hRA,ok,153,
FDhlOovaGrI,ok,98,
OI_OhvOumT0,ok,500,
iF5-aDJOr6U,ok,131,
8HfoKd873HY,ok,205,
hxsnKwmW0dk,ok,100,
vC1uxXvPG0Q,ok,35,
mxNpNuogqsY,ok,69,
s6rJLXq1Re0,ok,233,
UoMpbL_Fsig,ok,88,
xgYtUKFzHf8,ok,180,
9kBKQS7J7xI,ok,80,
kSR8G8mfp84,ok,129,
o1Z4F4e2Bw4,ok,500,
OaGEM-Rms48,ok,180,
bEdvQjTGYP8,ok,114,
fhCY_8avhWM,ok,67,
MIA_1xQc7x8,ok,357,
rToBZSrxjgM,ok,68,
2t13Rq4oc7A,ok,125,
1N39Z0ODeME,ok,139,
t9c7aheZxls,ok,500,
ODLg_00f9BE,ok,385,
o8NPllzkFhE,ok,500,
10MvdLL2EpY,ok,169,
gypAjPp6eps,ok,500,
Z1R1z9ipFnM,ok,315,
U7y4GlmwPLQ,ok,275,
fxbCHn6gE3U,ok,500,
3OgsRa7VDtI,ok,80,
XVXmYD0UPRQ,ok,69,
CtvIX4s1bTU,ok,262,
G8gJJuCdP_A,ok,322,
-FOCpMAww28,ok,500,
NiMgOklgeos,ok,248,
1cQbMP3I5Sk,ok,500,
jggHw5PdQV0,ok,104,
c9V6OKlY80k,ok,500,
_wMTKRixZIE,ok,109,
H9ZOpQzjukY,ok,311,
87AEeLpodnE,ok,249,
orumugzJpt0,ok,368,
arj7oStGLkU,ok,500,
16cM-RFid9U,ok,200,
DsrxbqFo41k,ok,176,
7Lc_dlVrg5M,ok,500,
Gg5M3J_FHXY,ok,97,
6MgDcFlTgVM,ok,51,
fC9da6eqaqg,ok,500,
pb--rJGgVIo,ok,239,
kLIfeGflNp8,ok,382,
avuhY7D71sQ,ok,127,
NFDmsNCGcvc,ok,98,
9bbX13SfsBw,ok,125,
XAcARiiK5uY,ok,500,
E_NiCniw0JE,ok,269,
y7l5QHRY_AI,ok,53,
wzkFoetp-_M,ok,500,
gVfgkFaswn4,ok,500,
RCXGpEmFbOw,ok,500,
jMVAgCPYYHY,ok,500,
gmj-azFbpkA,ok,500,
R1vskiVDwl4,ok,500,
6d6oq0zGGmw,ok,500,
KxLMjn4WPBY,ok,286,
a7cDt5r2pGY,ok,122,
WHjKnNbYiOs,ok,72,
8sheoGMsy3Q,ok,213,
V1ItvwxBENg,ok,158,
zqLYcJ6Ib3c,ok,101,
G8RxjxdUulE,ok,45,
-moW9jvvMr4,ok,500,
k4N2SxUZwiU,ok,384,
vcxwcWuq7KQ,ok,158,
P8GCjrDWWUM,ok,231,
K926HAKRFvw,ok,296,
r_xV-M0KPo0,ok,111,
96HHmILhyrE,ok,295,
GB4s5b9NL3I,ok,500,
lQflBowgVB4,ok,198,
iqEHuB-T2qQ,ok,70,
UpkAqPEcMyE,ok,119,
2NWpMqD8Qyk,ok,206,
O3a9AYu5SUQ,ok,190,
iQsnObyii4Q,ok,261,
HiwJ0hNl1Fw,ok,337,
IfjI0tVUpbc,ok,200,
N7wF2AdVy2Q,ok,99,
_QdPW8JrYzQ,ok,500,
sLFqwXqe4Yk,ok,59,
yBdyFKqwKy0,ok,149,
vQILP19qABk,ok,52,
gWPFJgLAzu4,ok,500,
8KkKuTCFvzI,ok,500,
RWiI7AkDX-o,ok,107,
_nSHsb5xKPo,ok,79,
potB0voQzNg,ok,144,
HSercnrqeN4,ok,500,
wIkvIKeRNoY,ok,77,
_jaWs87t5UM,ok,127,
Gz8RlHf3Czs,ok,500,
gjq2BoAF0JA,ok,115,
w1oKe8OaPbk,ok,109,
3NdSVi38RM8,ok,122,
Rai3pwH3XrU,ok,169,
f-mQIWnO3Ag,ok,56,
TdQ1eaZH-J8,ok,196,
yWRmWnPNkqU,http_error,0,"<HttpError 403 when requesting https://youtube.googleapis.com/youtube/v3/commentThreads?part=snippet&videoId=yWRmWnPNkqU&maxResults=100&textFormat=plainText&key=AIzaSyBYlD1YuyrGaWJ_YDEqMFOEYwzbBwegmaU&alt=json returned ""The video identified by the <code><a href=""/youtube/v3/docs/commentThreads/list#videoId"">videoId</a></code> parameter has disabled comments."". Details: ""[{'message': 'The video identified by the <code><a href=""/youtube/v3/docs/commentThreads/list#videoId"">videoId</a></code> parameter has disabled comments.', 'domain': 'youtube.commentThread', 'reason': 'commentsDisabled', 'location': 'videoId', 'locationType': 'parameter'}]"">"
vPn94XAUBoo,ok,87,
M4so_Z9a_u0,ok,500,
jiDQDLnEXdA,ok,244,
Hh09xlzxRmE,ok,123,
hJnEQCMA5Sg,ok,500,
y9KeyKVuLHU,ok,290,
9KACXV-cW-4,ok,73,
zsLz0mRmEG0,ok,53,
q49LtMyXK7Q,ok,357,
87ro2-kT7kQ,ok,38,
kyaiTGmwxnU,ok,321,
_vBggxCNNno,ok,82,
ivfJJh9y1UI,ok,500,
_7LX4FW7TEI,ok,145,
iHWIZsIBj3Q,ok,500,
RbNqU2K0qzo,ok,81,
B12syeJflbQ,ok,163,
8jPQjjsBbIc,ok,500,
Xv2gHiX9Bqw,ok,45,
2Euof4PnjDk,ok,354,
jAemh_JxgOk,ok,53,
Mr8nvXvl-y8,ok,86,
TYFH0D-jyqc,ok,61,
DM1_DV_Fhc4,ok,117,
TdBAHexVYzc,ok,500,
NAkkckxE9i8,ok,200,
xuAAPsiD768,ok,500,
P2y3Uspr8Bg,ok,109,
sJCBM9ajA5s,ok,220,
ge3--1hOm1s,ok,229,
o08ykAqLOxk,ok,500,
IwPOPL-ieD0,ok,30,
B_tjKYvEziI,ok,500,
CVa_IZVzUoc,ok,489,
qG_YmIPFO68,ok,176,
fw01_q0cxM8,ok,174,
4sZdcB6bjI8,ok,500,
OPzfxvJ9cq8,ok,311,
ApGeDdIaxo8,ok,49,
LYCKzpXEW6E,ok,321,
tkIg-SxPzTA,ok,500,
j97WsAz3CDY,ok,16,
7JVTirBEfho,ok,153,
jzfV2xVsUKc,ok,153,
fCKNScHMBGE,ok,236,
bvAEJ8G9l9U,ok,208,
3aYWvujaT6M,ok,123,
7n9IOH0NvyY,ok,500,
E0oPnS7rUwE,ok,146,
NA7krbsdXFA,ok,135,
y2yka9lyvMA,ok,55,
apbSsILLh28,ok,500,
3B_1itqCKHo,ok,209,
c-rWtqConY8,ok,268,
U5kIdtMJGc8,ok,500,
pzN4WGPC4kc,ok,500,
VekRvcbL4yk,ok,290,
IW8mHxAkOtA,ok,123,
t__NoFstCmQ,ok,144,
wG4RnDNWtJo,ok,48,
a7whovUoYu4,ok,314,
_qgSz1UmcBM,ok,500,
kFMZrEABdw4,ok,255,
LN820hIQ17Q,ok,358,
ni4FV5zL6lM,ok,500,
CsECS5qsGLs,ok,500,
BQZKs75RMqM,ok,70,
3yfFwDq4R5M,ok,341,
yMWlkJAqKYU,ok,151,
XTf9Sdrq1zg,ok,500,
X1DlJpPqDFo,ok,319,
nzj7Wg4DAbs,ok,500,
E0k4IQ8fDCY,ok,49,
NgDGlcxYrhQ,ok,500,
FETryXMpDl8,ok,500,
YA87VEeoZLI,ok,44,
wAIP6fI0NAI,ok,500,
tpH2fhwCzSM,ok,7,
uarlIjkHlAs,ok,14,
2XiDdnDCD34,ok,20,
N4wFyRGilp4,ok,33,
MBZyRlxVd-E,ok,14,
7HD3lrb6VtM,ok,25,
8E9Fx71e7zw,ok,26,
tIhk2EswC_U,ok,38,
sEOSCziWuP8,ok,1,
MElm2v5eFf0,ok,40,
UUfUAJD3qrU,ok,9,
OmczrIUzL7A,ok,14,
FvAl7Sjddok,ok,4,
KN_RifMS-vM,ok,15,
qErZ2AQDMB4,ok,28,
Myp1sZBxTR8,ok,10,
27lMmdmy-b8,ok,7,
g_3iLapiTCw,ok,3,
Hui5YH-D6Go,ok,9,
rP7nmdDA1Fg,ok,76,
b9jb9UjCpik,ok,18,
E7oq6J8HvKw,ok,42,
Qprd1VNNNec,ok,9,
uo7w3g24DWo,ok,63,
Kqm9AEvJgxU,ok,6,
Q80MfH7xPPE,ok,73,
9UiK4llJOXc,ok,6,
0ITHly-bhJE,ok,26,
h9SKyrHRhDo,ok,33,
66-mr600NjU,ok,9,
qrNDkRHAA4E,ok,46,
bJ7rCIq9Lc0,ok,30,
1US4jjWtua8,ok,15,
SciUx65Q94U,ok,17,
1yVdhRyTxaM,ok,10,
E22icGCvGXk,ok,14,
I4PU2JlhO80,ok,6,
Fivy99RtMfM,ok,6,
rx1cyKs3ysg,ok,13,
klBwPWL69P8,ok,4,
1gAQ82IHyZ8,ok,12,
-cvI1jKxlTM,ok,41,
IZjPnaifVIM,ok,17,
JcJ3MfJNm6g,ok,11,
82EHVVftQAw,ok,4,
iyfdWsa1zns,ok,8,
gzthxdm7XNs,ok,5,
R2kOgSVF2Uk,ok,4,
4BaJ8zS49v4,ok,4,
GROCkg810R0,ok,4,
rufeS-lZJg8,ok,2,
d6K-sePuFAo,ok,36,
sFNmulAb4wM,ok,9,
P5Mpo4JQZhw,ok,498,
oIGBBPspTKM,ok,137,
MgnnQ2CN6yY,ok,117,
PY9DcIMGxMs,ok,500,
xkFTZcUPjBg,ok,80,
66ko_cWSHBU,ok,293,
CXvUdCdKTJY,ok,147,
DokhOtMp75A,ok,74,
wfW3aZCFfLA,ok,375,
ooIxHVXgLbc,ok,289,
tiwVMrTLUWg,ok,366,
o3oDpCb7VqI,ok,354,
0nI65jgHG9o,ok,151,
Fxt_MZKMdes,ok,500,
yXZqYFDFgT8,ok,422,
yBFC-RtfTfg,ok,45,
_MBiP3G2Pzc,ok,226,
Vyn_xLrtZaY,ok,134,
o3VwYIazybI,ok,113,
S8DwxjDrNNM,ok,206,
oYp5XuGYqqY,ok,500,
OAK1UIb-Fio,ok,104,
6weGCM3sWKc,ok,500,
Xe2nlti47kA,ok,268,
SGG97dDfZ7E,ok,302,
9uOMectkCCs,ok,500,
y1KIVZw7Jxk,ok,83,
bNpx7gpSqbY,ok,500,
OWq7ToR2U8Q,ok,133,
k8OgHJ4WXR0,ok,96,
18zvlz5CxPE,ok,500,
yeVz0rtXCmw,ok,61,
8VwTZFY-fvw,ok,142,
P2AUat93a8Q,ok,500,
VLe84OkwKOA,ok,196,
3_AZ5R2SC88,ok,68,
rTJpJlVkRTA,ok,308,
ZZodG-sPrRE,ok,175,
pnv5iKB2hl4,ok,500,
kK_UjBmHqQw,ok,500,
6-tqiaPoS2U,ok,155,
kZkQBmKf1qg,ok,39,
R5PHGMRoZMA,ok,28,
o4DD3dgfvS0,ok,115,
npNYP2vzaPo,ok,168,
wZ2TF8-PGQ4,ok,495,
-2Dj9M71JAc,ok,230,
UxLRv0FEndM,ok,213,
rSQNi5sAwuc,ok,500,
MnT1xgZgkpk,ok,500,
fTsFVO6OhO8,ok,72,
Us70DN2XSfM,ok,287,
iXHil1TPxvA,ok,84,
XzZJuEDQ1a0,ok,44,
ofsncCF9O_U,ok,321,
wxCtIdI3xL0,ok,46,
dvJSK4viVMs,ok,278,
J5jwEyDaR-0,ok,258,
HI7zfpitZpo,ok,121,
Cr1usGUSuL4,ok,28,
h27g5iT0tck,ok,64,
2tCcoSRZqVY,ok,165,
pGlZi2SwETc,ok,72,
sR6P5Qdvlnk,ok,256,
6Af6b_wyiwI,ok,500,
W1KIgMXPR28,ok,90,
8XQ1onjXJK0,ok,500,
uH0aihGWB8U,ok,250,
ygmlKMQ8kc4,ok,67,
Ftow7dSpaiY,ok,79,
S9ry1M7JlyE,ok,66,
QKHk_UiQboA,ok,72,
8i-pNVj5KMw,ok,500,
40riCqvRoMs,ok,500,
H_8y0WLm78U,http_error,0,"<HttpError 403 when requesting https://youtube.googleapis.com/youtube/v3/commentThreads?part=snippet&videoId=H_8y0WLm78U&maxResults=100&textFormat=plainText&key=AIzaSyBYlD1YuyrGaWJ_YDEqMFOEYwzbBwegmaU&alt=json returned ""The video identified by the <code><a href=""/youtube/v3/docs/commentThreads/list#videoId"">videoId</a></code> parameter has disabled comments."". Details: ""[{'message': 'The video identified by the <code><a href=""/youtube/v3/docs/commentThreads/list#videoId"">videoId</a></code> parameter has disabled comments.', 'domain': 'youtube.commentThread', 'reason': 'commentsDisabled', 'location': 'videoId', 'locationType': 'parameter'}]"">"
ihR9SX7dgRo,ok,500,
4c1lqFXHvqI,ok,500,
aI8KiPiVLyY,ok,218,
AE0gO5w-aok,ok,74,
DjcZrtcBZi4,ok,52,
RovaUZY3e8k,ok,174,
oGlsUYGMYks,ok,104,
hha0NsYXS5c,ok,500,
tAReayFqUEY,ok,28,
sYy-LEdYr8A,ok,76,
hbkB_jNG-zE,ok,231,
O6jrLgvCUNs,ok,115,
xPK2Ch90xWo,ok,142,
POTosC2q6Hs,ok,67,
j81saupKVpo,ok,210,
lz_kIDxbzGA,ok,41,
dWObti8KNc4,ok,50,
RAR4cz9wkUk,ok,100,
i-icXZ2tMRM,ok,102,
N6LxuFpDIYM,ok,99,
S2H_8IfxzT4,ok,28,
tJ8sXl_HrjM,ok,26,
95ovIJ3dsNk,ok,500,
F2hc2FLOdhI,ok,500,
yFVXsjVdvmY,ok,500,
tFX1nQLZUVM,ok,110,
k4vzhweOefs,ok,121,
fbAj9JfCXng,ok,22,
mqovAg11q-c,ok,77,
_vS_b7cJn2A,ok,131,
m048uAa8L3k,ok,62,
3GVO-MfIl1Q,ok,500,
Mo2Ai7ESNL8,ok,44,
x1177phymxY,ok,267,
v84pD2g3gSk,ok,66,
sHdYaMyR5-8,ok,45,
HQzXqjT0w3k,ok,165,
t2gbcVaZ448,ok,458,
eD9F5HdyKqU,ok,33,
PtBKP4fVAvI,ok,129,
_p_GKCr8rq8,ok,107,
yL4VLsdxrN0,ok,41,
rokPqHc9iD0,ok,29,
ZIVSJYazE9s,ok,52,
cHRZ6OrSvvI,ok,61,
u70RZtCJ_rI,ok,23,
3zqZPujAPuc,ok,29,
TVtgb153S6I,ok,53,
AJg9SXIcPiM,ok,51,
sW9sr2_Z5kk,ok,35,
7E9a24Nw6Cg,http_error,0,"<HttpError 403 when requesting https://youtube.googleapis.com/youtube/v3/commentThreads?part=snippet&videoId=7E9a24Nw6Cg&maxResults=100&textFormat=plainText&key=AIzaSyBYlD1YuyrGaWJ_YDEqMFOEYwzbBwegmaU&alt=json returned ""The video identified by the <code><a href=""/youtube/v3/docs/commentThreads/list#videoId"">videoId</a></code> parameter has disabled comments."". Details: ""[{'message': 'The video identified by the <code><a href=""/youtube/v3/docs/commentThreads/list#videoId"">videoId</a></code> parameter has disabled comments.', 'domain': 'youtube.commentThread', 'reason': 'commentsDisabled', 'location': 'videoId', 'locationType': 'parameter'}]"">"
fHfhorJnAEI,ok,212,
pMUv6UWkuWw,ok,153,
jT8G44XPYW8,ok,25,
2r_qTWYOIog,ok,40,
_X0mgOOSpLU,ok,500,
t4kyRyKyOpo,ok,316,
uYyvbgINZkQ,ok,272,
PhVP1tNeGyY,ok,30,
mt4o-R9wzrs,ok,144,
jxKUDXrtDFI,ok,195,
hDLI_Et8hBs,ok,58,
0Fi83BHQsMA,ok,25,
T49IjKho5y8,ok,109,
2tBuvxXxlS4,ok,275,
ux1GxExRUUY,ok,96,
agTZLKFUKEY,ok,42,
_1VpOweDio8,ok,85,
aUBawr1hUwo,ok,120,
QeIrdqU0o9s,ok,230,
_XJ20tt5nPQ,ok,163,
jQ95xlZeHo8,ok,478,
e-5wqwp64MM,ok,184,
lr-mXnUoUXM,ok,51,
UHkEbemburs,ok,211,
F6Qo8IDsVNg,ok,59,
7nZqiPLCvM4,ok,47,
lVQ3KUTHDe0,ok,500,
uWfLwKH_Eko,ok,340,
N8Votwxx8a0,ok,82,
iWHq2m_Hwhw,ok,67,
iCXfJVCg1LA,ok,88,
o0I0Poe3qlg,ok,142,
_Wiw-BLX_3k,ok,24,
HCgv_HNoJrY,ok,39,
zMGE3mbS9NY,ok,52,
54p5EF78lhw,http_error,0,"<HttpError 403 when requesting https://youtube.googleapis.com/youtube/v3/commentThreads?part=snippet&videoId=54p5EF78lhw&maxResults=100&textFormat=plainText&key=AIzaSyBYlD1YuyrGaWJ_YDEqMFOEYwzbBwegmaU&alt=json returned ""The video identified by the <code><a href=""/youtube/v3/docs/commentThreads/list#videoId"">videoId</a></code> parameter has disabled comments."". Details: ""[{'message': 'The video identified by the <code><a href=""/youtube/v3/docs/commentThreads/list#videoId"">videoId</a></code> parameter has disabled comments.', 'domain': 'youtube.commentThread', 'reason': 'commentsDisabled', 'location': 'videoId', 'locationType': 'parameter'}]"">"
j-S03JfgHEA,ok,42,
4n8qT0vQbWk,ok,26,
9F8-jp_6Uqg,ok,37,
X4LOF6ftJVU,ok,53,
Td2hfdXQ5x8,ok,136,
FFG2rilqT2g,ok,45,
MbBHVL4hT90,ok,54,
bArH8r8jJ4g,ok,82,
kcEIsbO0ivA,ok,268,
AWPrOvzzqZk,ok,54,
Qb-D6PTcmfs,ok,62,
1bXAkbCyjpo,ok,121,
dm4fvbrMLPw,ok,89,
c64M1tZyWPM,ok,82,
MJK-dMlATmM,ok,458,
pcSlowAhvUk,ok,500,
Oj8eFu72_fc,ok,58,
NXfYNdapq3Q,ok,122,
JKsHhXwqDqM,ok,300,
7hQ0rgVfsP8,ok,66,
5Yj3nGv0kn8,ok,86,
rS_Ssisz2_M,ok,98,
JFQLvbVJVMg,ok,110,
CdZJ0SMbh10,ok,28,
c-KnaYZJg48,ok,78,
IaMnRrrQx48,ok,133,
9Eobo04R7-Y,ok,103,
8pHzROP1D-w,ok,117,
Gmai4zkKNcM,ok,63,
CIesJyZUWTY,ok,44,
KOIsqRgJ3XM,ok,91,
LPrS7-kx9Y0,ok,155,
cI9vSC1eQ18,ok,39,
dJEwC4wCM70,ok,86,
CxEqV8WtfOo,ok,80,
Sm5xF-UYgdg,ok,500,
nLecuOcB3dA,ok,41,
lyR-K2CZIHQ,ok,500,
05jJodDVJRQ,ok,39,
3BgPFIKCaOQ,ok,151,
5ifMRNag2XU,ok,115,
zORUUqJd81M,ok,500,
uSD6RlqHwOk,ok,189,
kEKzl6fub2w,ok,170,
sLo97Bu8Fo0,ok,117,
RPjqPHCMJHU,ok,35,
tMSU6k5-WXg,ok,133,
NPX5RwjNzl0,ok,25,
8vNIrPeRGlM,ok,97,
6ra1MIKlYB0,ok,60,
b4UFlldZuKk,ok,23,
rCplocVemjo,ok,123,
NiKtZgImdlY,ok,500,
Cd0JH1AreDw,ok,292,
GB6fO0Tylvs,ok,49,
q2gO4DKVpa8,ok,500,
_GMVTJ9ZKVc,ok,72,
xDH0BfsPVS8,ok,145,
YvyeI-Axb70,ok,45,
IWjzT2l5C34,ok,171,
quJdL9ggETI,ok,84,
6kH-uYwt0qs,ok,278,
ccIt-qRQBoI,ok,500,
2UxGrde1NDA,ok,273,
OP7ENrKYA20,ok,26,
TRajLqEaWhQ,ok,81,
oE-RjpaCHvo,http_error,0,"<HttpError 403 when requesting https://youtube.googleapis.com/youtube/v3/commentThreads?part=snippet&videoId=oE-RjpaCHvo&maxResults=100&textFormat=plainText&key=AIzaSyBYlD1YuyrGaWJ_YDEqMFOEYwzbBwegmaU&alt=json returned ""The video identified by the <code><a href=""/youtube/v3/docs/commentThreads/list#videoId"">videoId</a></code> parameter has disabled comments."". Details: ""[{'message': 'The video identified by the <code><a href=""/youtube/v3/docs/commentThreads/list#videoId"">videoId</a></code> parameter has disabled comments.', 'domain': 'youtube.commentThread', 'reason': 'commentsDisabled', 'location': 'videoId', 'locationType': 'parameter'}]"">"
uhRhtFFhNzQ,ok,500,
_qCWAsd2GP8,ok,159,
cK74vhqzeeQ,ok,147,
NRXCxJGQ4KY,ok,79,
5b5BDoddOLA,ok,128,
LeBKBFAPwNc,ok,500,
KDBcoRLkut8,ok,102,
1X7fZoDs9KU,ok,500,
fm_0sTNcDIo,ok,44,
cWpRxyqDgpM,ok,173,
eIho2S0ZahI,ok,500,
ol1b5mMeP7s,ok,91,
RxyQNEVOElU,ok,312,
0SkdP36wiAU,ok,91,
GtXyGFMBWBs,ok,133,
DOvbl3ZPPV4,ok,58,
k9fmJ5xQ_mc,ok,500,
8GQZuzIdeQQ,ok,500,
F6NU0DMjv0Y,ok,164,
X2et2KO8gcY,ok,285,
2_lBiFZ85d0,ok,59,
F1U26PLiXjM,ok,68,
JNt1k3ohkbs,ok,129,
erCAp_Bd0AQ,ok,500,
8K9Gg164Bsw,ok,500,
eZj5n8ScTkI,ok,79,
ekUh9AW1hKg,ok,36,
08ZWROqoTZo,ok,185,
XNbaR54Gpj4,ok,204,
PVXQUItNEDQ,ok,448,
oy25A7vnigg,ok,500,
Yagdvqn2YMU,ok,31,
YD5PFdghryc,ok,92,
EEjyPqyFe_s,ok,42,
TGZMSmcuiXM,ok,500,
5P04stEjJ9E,ok,190,
AgMOJC5R4F8,ok,120,
RiM5a-vaNkg,ok,500,
9XFeW9dgyIs,ok,71,
lmyZMtPVodo,ok,500,
C0byYFXjRJM,ok,266,
f-Oupk_4VVo,ok,89,
7CIq4mtiamY,ok,500,
aL00a3sfnYM,ok,37,
ClfBxWPkBKU,ok,119,
H3TF-hI7zKc,ok,500,
I64CQp6z0Pk,ok,358,
9jRkACywckE,ok,76,
FJJe8PXEUhk,ok,500,
oKtALHe3Y9Q,ok,450,
YlmZkY1uqXM,ok,229,
JrJJxn-gCdo,ok,118,
xPTmHKlH7s4,ok,70,
8COaMKbNrX0,ok,500,
wKlMcLTqRLs,ok,500,
_waBFUg_oT8,ok,335,
5WI6ZqCUNk0,ok,78,
z_VdcDJAlWQ,ok,53,
DCIL2nvU4x8,ok,192,
2m9kC1yRnLQ,ok,409,
IS_upr6ayqw,ok,64,
xjxyEwjG2Es,ok,74,
8lXYZ6s3Dfk,ok,120,
EHTmxmuhZ10,ok,93,
XYNUpQrZISc,ok,112,
rzbtSeVZeEE,ok,160,
DOgsYATbV-s,ok,106,
MlLWTeApqIM,ok,117,
M6TMSQWI9m4,ok,176,
rvkMauaHxBw,ok,51,
FiZqn6fV-4Y,ok,500,
H3ddtbeduoo,ok,142,
j7fRIGphgtk,ok,204,
mWfCqsFP05A,ok,110,
hgWie9dnssU,ok,171,
aSL-iIskEFU,ok,500,
ZdDjexbxVzM,ok,196,
SCtdx0Xe1GA,ok,47,
mCZCok_u37w,ok,500,
CDsNZJTWw0w,ok,500,
mAvSoNUgMno,ok,152,
CfqO1U6lfDs,ok,279,
7qT3RpaBlJo,ok,105,
h4mmeN8gv9o,ok,500,
mArrNRWQEso,ok,500,
zLNXIXingyU,ok,500,
LFJ9WAHowcg,ok,53,
Zo62S0ulqhA,ok,500,
yVwAodrjZMY,ok,500,
tzJYY2p0QIc,ok,78,
uk7gKixqVNU,ok,190,
N39x_WTPix0,ok,104,
aT6vIq6_1OE,ok,96,
tH5iEf9oxaI,ok,157,
-Z-ul0GzzM4,ok,106,
h8cF5QPPmWU,ok,500,
13rqtiAPISY,ok,91,
FrxDrpi1XNU,ok,117,
vNDhu2uqfdo,ok,82,
tZYkjaKNr_o,ok,55,
NoCOagL69_s,ok,214,
QeAGu40vZzI,ok,76,
0FQXicAGy5U,ok,220,
uq83lU6nuS8,ok,80,
LJhklPJz9U8,ok,257,
SpTGUT-Fvf4,ok,25,
aUYSDEYdmzw,ok,257,
fYUaWgVF2XA,ok,40,
dJgiYBdD2VA,ok,89,
d38LKbYfWrs,ok,79,
rpOwTspdwkI,ok,55,
2L4B-Vpvx1A,ok,156,
Br1AIvMrvAE,ok,104,
PrZwUTdFmis,ok,60,
ue2ZEmTJ_Xo,ok,278,
aG-ZeDqG8Zk,ok,35,
7pVPmmwSeJQ,ok,29,
Li4-1yyrsTI,ok,79,
jVcaTtJmRNs,ok,178,
0Y8-IzP01lw,ok,39,
ZJNESMhIxQ0,ok,95,
rYwTA5RA9eU,ok,482,
lq_BVyou38s,ok,172,
0MD4Ymjyc2I,ok,156,
vhVWzkbAW4I,ok,76,
x95nwilkaio,ok,114,
utV1sdjr4PY,ok,500,
g-Uvy6pvLA4,ok,28,
YraU52j3y8s,ok,178,
BGRy5VU-LfI,ok,174,
ihoR9B7p-1Q,ok,58,
-aouBn7IKIo,ok,92,
2-Ev4rU27HY,ok,51,
jn0Ygp7pMbA,ok,370,
9H38oQBw2HU,ok,39,
bNOiwgrZbPE,ok,201,
buRLc2eWGPQ,ok,500,
raCIUeGUr3s,ok,69,
Zx8uYIfUvh4,ok,500,
bJ8Kq1wucsk,ok,500,
LIy2oVJtJsA,ok,134,
-eBUcBfkVCo,ok,500,
QBDShp6U7tU,ok,59,
AegIbt2j0sU,ok,53,
j7RsRnYlz7I,ok,117,
PB7xs7UpIfY,ok,500,
auFybcF4o6w,ok,98,
MD23gIlr52Y,ok,270,
FV-c2FnPnDE,ok,125,
j3YjeARuilI,ok,144,
5riPKdpuoiI,ok,51,
NCJTV5KaJJc,ok,252,
CpkXmtJOH84,ok,188,
fi8CYv9Dcr0,ok,27,
UtBsl3j0YRQ,ok,500,
_7_XH1CBzGw,ok,500,
yPGwA7t6bpI,ok,71,
UWKvpFZJwcE,ok,147,
9yEl0-bCA9M,ok,154,
aCIukWXmlV4,ok,85,
qCrVpRBBSvY,ok,39,
FIrgjCNcDBI,ok,47,
SjsG-NgmleA,ok,85,
xlggecnjOY0,ok,68,
AFRmGkdXkxA,ok,30,
apiScBmE6rA,ok,44,
4Q2aznfmcYU,ok,500,
SjSHVDfXHQ4,ok,500,
9CqVYUOjHLw,ok,498,
X9FFzWUInyA,ok,114,
eNAHVnkll5M,ok,228,
VYU25aJpg5o,ok,493,
WfTZ5iIUn4s,ok,439,
93hbqLBp_HI,ok,129,
lV3trdyDdHE,ok,179,
D1xT2tevnIs,ok,124,
3r1IPsldbBg,ok,500,
2G0wQfUl9EU,ok,74,
b8z6HfSq7l8,ok,500,
_x1qkuvUxuI,ok,163,
2K-P7Hv_Zwg,ok,210,
buH_vs7LFzw,ok,207,
FPhHHtn8On8,ok,472,
H_pqhMO3ZSY,ok,162,
SxwLfSlkJDI,ok,115,
r_qYQXRVP0k,ok,162,
Wai4ub90stQ,ok,299,
J6ZzmqDMhi0,ok,43,
CZNrOzgNWf4,ok,357,
8w-OZFBcwZc,ok,224,
LujWrkYsl64,ok,108,
3nsoN-LS8RQ,ok,500,
0iIh5YYDR2o,ok,484,
ZB50BfYlsDc,ok,297,
Mh3_wYHdeVs,ok,192,
d6wG_sAdP0U,http_error,0,"<HttpError 403 when requesting https://youtube.googleapis.com/youtube/v3/commentThreads?part=snippet&videoId=d6wG_sAdP0U&maxResults=100&textFormat=plainText&key=AIzaSyBYlD1YuyrGaWJ_YDEqMFOEYwzbBwegmaU&alt=json returned ""The video identified by the <code><a href=""/youtube/v3/docs/commentThreads/list#videoId"">videoId</a></code> parameter has disabled comments."". Details: ""[{'message': 'The video identified by the <code><a href=""/youtube/v3/docs/commentThreads/list#videoId"">videoId</a></code> parameter has disabled comments.', 'domain': 'youtube.commentThread', 'reason': 'commentsDisabled', 'location': 'videoId', 'locationType': 'parameter'}]"">"
ZCRC5_0kfiw,ok,284,
ziGD7vQOwl8,ok,500,
-Qe8cR4Jl10,ok,500,
9vpqilhW9uI,ok,500,
1PNX6M_dVsk,ok,211,
nq0_zGzSc8g,ok,500,
PB2OegI6wvI,ok,500,
P-lBlZ3hqKc,ok,291,
7gXq1ml6B1E,ok,500,
kv_uyUTx5Po,ok,91,
dY7iATJVCso,ok,500,
fSErHToV8IU,ok,368,
GZGY0wPAnus,ok,500,
SF242mxtZN8,ok,187,
QoTSdOkjEVs,ok,114,
pa-YuxyRDuw,ok,83,
8rZzHkpyPkc,ok,292,
UMn2q35HBeQ,ok,255,
d6NKdnZvdoo,ok,500,
RcGyVTAoXEU,ok,500,
B4xOFsygwr4,ok,301,
u1K6hnm09xs,ok,130,
EXo3qA9V3eI,ok,275,
LWULB9Aoopc,ok,500,
q43uXdOKPD8,ok,224,
Kn5JRgz3W0o,ok,290,
jMBdQW2LLxw,ok,219,
syjEN3peCJw,ok,500,
gIbIewxHQrk,ok,244,
N6wjC0sxD2o,ok,386,
JTN9Nx8VYtk,ok,324,
dIh8KBOOkYU,ok,500,
Ht2fzax9wV0,ok,62,
SN7wO06Yz1E,ok,100,
d0LQCXCiW8g,ok,159,
7oQY0uC52jY,ok,211,
WTFi99e4RXU,ok,180,
cb-ts8fUhB8,ok,298,
GhpFTQfiqCs,ok,123,
y9wzax_PtIo,http_error,0,"<HttpError 403 when requesting https://youtube.googleapis.com/youtube/v3/commentThreads?part=snippet&videoId=y9wzax_PtIo&maxResults=100&textFormat=plainText&key=AIzaSyBYlD1YuyrGaWJ_YDEqMFOEYwzbBwegmaU&alt=json returned ""The video identified by the <code><a href=""/youtube/v3/docs/commentThreads/list#videoId"">videoId</a></code> parameter has disabled comments."". Details: ""[{'message': 'The video identified by the <code><a href=""/youtube/v3/docs/commentThreads/list#videoId"">videoId</a></code> parameter has disabled comments.', 'domain': 'youtube.commentThread', 'reason': 'commentsDisabled', 'location': 'videoId', 'locationType': 'parameter'}]"">"
eqDgt12m26c,ok,500,
DFjIi2hxxf0,ok,500,
3m6dV7Xo3Vc,ok,202,
lhP52caGW6s,ok,112,
uTbA-mxo858,ok,157,
xF-CX9mAHPo,ok,500,
g-ycQufrgK4,ok,500,
wGMLhaa98GI,ok,282,
Xi_PD5aZT7Q,ok,500,
Nhx1_yXMwCg,ok,500,
fB8UTheTR7s,ok,500,
rJ33ixP9QG0,ok,253,
Mb8x6vLcggc,ok,80,
s0YjL9rZyR0,ok,500,
nA-J0510Pxs,ok,353,
ErexJkoDhGI,ok,187,
FKxaL8Iau8Q,ok,128,
UMhLBPPtlrY,ok,500,
6ORDQFh0Byw,ok,500,
MgOVOCUuScE,ok,91,
cXQrbxD9_Ng,ok,500,
XDBWEKBq0_w,ok,126,
nLeeTVmVrtA,ok,500,
qsJYrwzfd6w,ok,102,
C_eFjLZqXt8,ok,174,
vNpmq6Ok-QQ,ok,500,
pMYYx_im5QI,ok,382,
y9ALB39wRKo,ok,462,
w2itwFJCgFQ,ok,500,
gtpTd3ywwiE,ok,111,
